Kelas;Soal;A;B;C;D;E;Jawaban
10;"Jln., Rmh, LT 200, LB, ISD, Jln. Muh TAMRIN 25A (Sebelah BRI) T.0813234545. Jln., Rmh, LT, dan LB dalam iklan baris di atas merupakan singkatan dari ...";"dijual, rumah, lantai, dan lebar";"jual, rumah, luas tanah, dan luas bangunan";"jual, rumah, luas tanah, dan luas bangunan";"jual, rumah, lantai, dan luas bangunan";#;B
10;Sony memiliki sepeda bermerek Honda Supra yang dibeli tahun 2000 dalam keadaan baru. Saat ini kondisi mesin masih bagus. Sony tinggal di Jalan Ronggo Warsito 20 Surakarta akan menjual sepeda motornya dengan cepat dengan harga tujuh juta rupiah. Yang berminat dapat menghubunginya ke Handphone 081329456789. Penulisan iklan baris yang tepat adalah...;"Dijual Honda Supra 2000, mesin bagus, harga nego, hubungi Sony Jalan Ronggowarsito 20 Surakarta Handphone 081329456789";"Jln. Honda Supra th 2000, msn bagus. Hrg 7 jt Hub. Sony Jl. Ronggowarsito 20 Surakarta HP 081329456789";Djl. Hd. Supra. Msn. Bgs. Hrg 7 Jt. Hub. Sony Jln Ronggowarsito 20 Surakarta.;Djl. Hd. Supra. Msn. Bgs. Hrg 7 jt Hub. Sony 081329456789;#;B
10;"Untuk mengetahui informasi tentang sebuah istilah penting dengan cepat dan tepat, kita harus membaca...";buku telepon;Indeks;ensiklopedia;daftar kata;#;C
10;Manfaat resensi buku adalah...;mengetahui harga buku.;mengetahui teknik penulisan.;mengetahui kelebihan dan kekurangan buku.;mengetahui teknik penulisan buku dan pengarang yang bagus.;#;C
10;"Berikut hal-hal yang dapat dinilai dari buku yang diresensi, kecuali...";jumlah buku;data buku;penggunaan bahasa;kelebihan dan kekurangannya;#;A
10;Kalimat berikut ini berupa kritik/saran dengan bahasa yang santun adalah...;Belajarlah yang tekun supaya tidak goblok!;Belajarlah yang rapi agar prestasimu menurun!;"Belajarlah yang rajin, prestasimu akan meningkat!";Belajarlah bagaimanapun kamu tidak akan pintar!;#;C
10;Ia malas belajar...tidak dapat mengerjakan soal. Konjungsi yang tepat untuk kalimat tersebut...;sebab;karena;sehingga;akibat;#;C
10;Kalimat berikut yang merupakan kalimat pengandaian adalah...;Yuli memang malas belajar sehingga tidak naik kelas.;Suaranya merdu seperti penyanyi.;Daripada melamun lebih baik kamu belajar.;"Sekiranya ia dapat membeli sepeda, ia akan ke rumahmu naik sepeda.";#;D
10;Anak itu sehat secara lahiriah. Akhiran-iah pada kata lahiriah berfungsi membentuk...;kata benda;kata kerja;kata sifat;kata keadaan;#;C
10;Kata berikut ini yang tepat mendapat imbuhan --wi adalah...;lahir;batin;surga;badan;#;C
10;"Apabila beberapa orang berkumpul mengadakan tukar pikiran untuk memecahkan masalah yang dialami bersama, bentuk pertemuan tersebut disebut...";Seminar;Pertemuan;Rapat khusus;Diskusi kelompok;#;D
10;Hal-hal yang tidak perlu diperhatikan dalam menanggapi penjelasan ketika berdiskusi adalah ...;Menyampaikan tanggapan secara logis;Kemampuan memilih ejaan yang tepat;Menyampaikan tanggapan disertai data yang akurat;Menyampaikan tanggapan dengan bahasa yang baik dan benar.;#;B
10;Berikut ini yang termasuk ciri syair adalah...;Syair selalu selesai dalam satu bait;Pola rimanya a-b-a-b (rima silang);Syair terdiri atas empat baris/larik dalam setiap bait;Syair memiliki sampiran;#;C
10;Wahai Ananda dengarlah pesan. Pakai olehmu sifat anak jantan. Bertanggung jawab dalam perbuatan. Beban dipikul pantang dielakkan. Isi syair tersebut adalah...;Kamu harus kuat menanggung beban derita;Kamu harus berkata jujur agar tidak dibebani masalah;Kamu harus berani bertanggung jawab dalam setiap perbuatan;Kamu harus selalu menghormati orang yang telah bertanggung jawab;#;C
10;Berikut ini yang tidak termasuk manfaat membaca cepat adalah...;Mengurangi kejenuhan;Meningkatkan wawasan;Meningkatkan pemahaman;Meningkatkan kemahiran berbahasa yang lain;#;A
10;Tujuan yang ingin dicapai seseorang ketika membaca memindai sebuah teks atau wacana adalah...;Mengetahui topik atau gagasan dari suatu teks atau wacana;Mengetahi informasi khusus secara cepat tanpa membaca keseluruhan;Mengetahui pendapat seseorang secara umum;Memahami dan menemukan informasi dari suatu bacaan;#;B
10;"Banjir yang melanda sebagian besar wilayah Jawa Tengah dan Jawa Timur belum juga surut. Rumah-rumah masih tergenang air setinggi 0,5 -- 1,5 meter. Para penduduk terpaksa ditampung di tempat-tempat pengungsian darurat yang jumlahnya sekarang sudah mencapai puluhan ribu orang. Laporan tersebut menyampaikan peristiwa...";Banjir di Jawa Tengah dan Jawa Timur;Nasib penduduk yang terkena banjir;Rumah-rumah tergenang banjir;Para penduduk mengungsi ke tempat aman;#;A
10;Wahai Ananda teguhkan hati. Bertanggung jawab ke tengah ke tepi. Menjunjung sumpah menepati janji. Supaya hidupmu tiada terkeji. Pernyataan yang tidak sehubungan dengan syair tersebut adalah...;Terdiri atas empat larik;Mengandung pesan moral agar kita selalu menepati janji;Pola rima dala bait tersebut a-a-a-a;Dua larik pertama sampiran dan dua larik terakhir memuat isinya;#;D
10;Hanyalah dari balasan ngeri. Dimurkai Tuhan waidul-kahri. Mendapat sengsara di luar negeri. ........... Baris yang tepat untuk melengkapi syair tersebut adalah...;Kepada suamimu berbuat bakti;Duduklah dia mendiamkan diri;Ditonton oleh seorang diri;Celakalah bertambah sehari-hari;#;D
10;"Unsur pembangun cerita ini berkaitan dengan tempat, waktu, dan keadaan. Oleh karena itu, unsur tersebut berkaitan dengan tempat cerita berlangsung, kapan terjadinya cerita, dan dalam keadaan bagaimana cerita tersebut terjadi. Unsur pembangun cerpen yang dimaksud adalah...";Alur;Tema;Latar;Tokoh;#;C
10;Cerita pendek yang terhimpu dalam naskah tersebut berjmlah enam buah dan merupakan karyanya yang ditulis pada 1957-1963. Tanda baca (-) yang menandai tahun pada kalimat tersebut sama artinya dengan...;Jarak tempuh;Sampai ke;Dilanjutkan;Sampai dengan;#;D
10;"Alur penceritaan yang digambarkan secara runtun dari A sampai Z, disebut...";Alur maju;Alur konferensional;Alur teratur;Alur mundur;#;A
10;"Cerita atau narasi yang fiktif serta relatif pendek, disebut...";Novel;Prosa;Pantun;Cerpen;#;D
10;Pendeta itu sudah tua. Kata pendeta dalam kalimat tersebut mengalami gejala...;Spesialisasi;Asosiasi;Peyorasi;Ameliorasi;#;D
10;Kata yang mengalami penyempitan makna terdapat pada kalimat...;Partai yang dipilihnya memperoleh 15 kursi;Ayah membeli kursi tamu;Di ruang itu hanya tersedia 15 kursi;Kursi yang dimilikinya sudah rusak;#;A
10;Lukisanmu cukup bagus. Kamu dapat mengembangkan keahlian ini dengan belajar lebih tekun. Dengan begitu kamu pasti akan berhasil. Perkataan tersebut tergolong ke dalam jenis...;Makian;Pujian;Kritikan;Pelecehan;#;B
10;Berikut ini beberapa pernyataan kritik. Diantara pernyataan kritik tersebut yang paling tepat adalah...;"Wah, bajumu bagus benar, tetapi lebih banyak kurang bagusnya";"Faris, saya tidak jadi meminjam pulpenmu. Takut macet.";Pasti sepeda ini bermanfaat bagimu. Kamu tidak akan kesiangan lagi kan?;"Sebaiknya, kamu jangan membiasakan diri begadang. Tidak baik buat kesehatan.";#;D
10;"Suatu ketika, kamu memperlihatkan sebuah karya seni buatanmu kepada temanmu. Ketika itu juga, temanmu langsung memberikan kritikan terhadap hasil karya senimu itu. Ucapan apa yang tepat untuk menanggapi kritikan temanmu itu?";"Memang, saya masih belajar.";Begini-begini juga karya seni. Kamu jangan mengejek.;"Ah, kamu bisanya hanya mengkritik. Karyamu mana?";Terima kasih atas sarannya. Semoga saya bias memperbaikinya.;#;D
10;Orang yang melakukan penyuntingan disebut...;Penulis;Editor;Sutradara;Penyunting;#;B
10;Berikut ini manakah yang menyatakan kata tidak baku...;Kurban;Fiksa;Vitamin;Eksak;#;B
10;Wahai muda kenali dirimu. Ialah perahu tamsil tubuhmu. Tiadalah berapa lama hidupmu. Ke akhirat jua kekal diammu. Tema syair di atas adalah ...;Percintaan;Agama;Kiasan;Sejarah;#;B
10;Di bawah ini contoh penulisan alamat pada surat dinas yang benar ialah ...;Yth. Bapak Kepala SMA Muhammadiyah 03 Bangun Rejo;Yth. Bapak Kepala Sekolah SMAN BANGUN REJO;YTH. Kepada bapak kepala sekolah SMA Muhammadiyah 03 Bangun Rejo;YTH. KEPALA SEKOLAH SMAN 01 BANGUN REJO;Yth. Kepsek SMA Muhammadiyah 03 Bangun Rejo;A
10;Berikut ini adalah kalimat penutup pada sebuah pidato yang benar ialah ...;"demikian yang dapat saya sampaikan, atas perhatiannya saya ucapkan terima kasih.";"Saya kira cukup, terima kasih.";"Terima kasih, dan salam sejahtera";"Salam super, terimakasih.";"Terima kasih atas waktu dan kehadirannya, sudah dulu ya.";A
10;"Judul Buku : Gurita Istana. Penulis : Surya Negara Saputra. Penerbit : Bentang. Tahun : 2017. Tempat : Bandung. Berdasarkan data buku di atas, penulisan daftar pustaka yang benar di bawah ini ialah :";Surya Negara. 2017. Gurita Istana. Bentang : Bandung.;Surya Negara Saputra. 2017. Gurita Istana. Bandung : Bentang;"Negara, Surya Saputra. 2017. Bandung. Gurita Istana : Bentang";"Saputra, Surya Negara. 2017. Gurita Istana. Bandung : Bentang";"Negara, Saputra Surya. 2017. Gurita Istana. Bandung : Bentang";D
10;"Di bawah ini adalah ciri-ciri dari pantun, kecuali ...";Terdiri dari bait yang ganjil;Terdiri dari bait genap;Tiap bait terdiri atas sampiran dan isi;Bersajak;Semua salah;A
10;Suatu wujud interaksi sosial yang berfungsi untuk mendapatakan penyelesaian bersama di antara pihak-pihak yang terlibat. Pernyataan tersebut merupakan pengertian dari...;eksplansi;negosiasi;deskriptif;argumentasi;narasi;B
10;Salah satu tujuan dari pembuatan teks negosiasi adalah...;mengurangi atau menghilangkan perbedaan dan pertentangan antar pihak.;menghindari pertikaian antar perorangan.;melawan pihak yang kalah.;menentang pihak yang ingin menang sendiri.;menegakkan keadilan.;A
10;Teks negosiasi juga bisa disebut sebagai teks yang didalamnya berisi proses untuk mencapai suatu perjanjian atau kesepakatan antara...;perorangan;kelompok;kedua belah pihak;dua orang yang sedang bertikai;pembelian dan penjualan;C
10;Kedua belah pihak yang bersangkutan didalm negosiasi memeiliki ... untuk menentukan kesepakatan atau hasil akhir.;kewajiban;wewenang;tanggung jawab;hak yang sama;kekuatan bersama;D
10;Hasil akhir atau penyelesaian negosiasi memerlukan adanya... yang pasti antar kedua belah pihak.;kesepakatan;perjanjian;pertikaian;persetujuan;persetujuan;D
10;Untuk memperoleh jalan keluar berupa kesepakatan antara pihak-pihak yang berkepentingan. Pernyataan tersebut merupakan salah satu... dari teks negosiasi.;tujuan;manfaat;fungsi;ciri-ciri;karakteristik;A
10;"Berikut ini termasuk ciri-ciri dari teks negosiasi jika dilihat berdasarkan isinya, kecuali...";"negosiasi menghasilkan kesepakatan, baik kedua belah pihak saling sepakat atau kedua belah pihak sepakat untuk tidak sepakat.";tiap-tiap pihak yang bernegosiasi memperjuangkan kepentingan masing-masing.;negosiasi merupakan sarana untuk mencapai penyelesaian.;negosiasi dapat menimbulkan perpecahan antara kedua belah pihak.;negosiasi dapat menimbulkan perpecahan antara kedua belah pihak.;D
10;"Negosiasi bertujuan praktis, artinya mencapai kesepakatan yang dapat diterima oleh...";siapa saja;kedua belah pihak;masyarakat;khalayak;lingkungan sekitar;B
10;Salah satu yang harus ada dalam teks negosiasi adalah bagian...;pembuka;alamat;nama lengkap;identitas;lampiran;A
10;Pada bagian pembuka teks negosiasi biasanya berisi pengenalan diri serta salam dan sapa yang bertujuan sebagai...;pembukaan;mengenalkan diri;pengiring topik;pelengkap teks;pemanis tek negosiasi;C
10;Bagian isi dalam teks negosiasi terdiri atas ... serta tawar-menawar dab penyelesaian masalah.;penyampaian materi;kalimat pembuka;kata sapa;paragraf pembuka;pengenalan kedua pihak;A
10;Bagian yang berisi negosiasi hingga tercapai kesepakatan atau perjanjian. Pernyataan tersebut terdapat pada bagian...;pembuka;penyampaian materi;tawar-menawar dan penyelesaian masalah;negosiasi;penutup;C
10;"Bagian terakhir dalam teks negosiasi akan biasanya berisi tentang basa-basi yang memiliki arti, seperti ucapan terima kasih dan sebagainya. Bagian yang dimaksud adalah...";pembuka;isi;penyampaian materi;penutup;penutup;D
10;"Selain memprhatikan struktur, dalam membuat teks negosiasi juga harus memperhatikan kaidah...";penilsan;penyusun kata;keterampilan menulis;kebahasaannya;kemampuan merangkai kata;D
10;"Perhatikan kutipan teks negosiasi berikut! Pengusaha: Langsung saja, saya keberatan atas aksi mogok yang kalian lakukan! Perusahaan bisa merugi kalau karyawan terus-terusan mogok begini! Karyawan: Aksi yang kami lakukan bukan tanpa alasan, pak! Pengusaha: Alasan apa? Karyawan: Kami meminta kanaikan upah, pak! Hari ini harga kebutuhan pokok semakin meningkat, sementara penghasilan kami tetap! Topik yang tepat untuk teks negosiasi tersebut adalah...";teks negosiasi antara perwakilan karyawan dan pengusaha.;kemarahan karyawana terhadap pengusaha.;pengusaha tidak mau bertemu dengan karyawan.;keinginan karyawan untuk berdiskusi dengan pengusaha tentang kenaikan upah.;keinginan karyawan untuk berdiskusi dengan pengusaha tentang kenaikan upah.;D
10;Kalimat berikut yang termasuk bagian isi dari teks negosiasi adalah...;"karyawan: selamat siang, pak! Pengusaha: Sian. Ada yang bisa saya bantu?";"karyawan: saya mewakili karyawan lain ingin menyampaikan aspirasi kami kepada Bapak. Pengusaha: ya, silakan.";"pengusaha: Alasan apa? Karyawan: kami meminta kenaikan upah, karna kebuhan pokok semakin meningkat, sementara penghasilan kami tetap!";"karyawan: Saya meminta komitmennya, Pak! Pengusaha: Iya saya janji, minimal 7 persen, akan diusahakan goal. Nanti perwakilan kalian akan kami libatkan dalam rapat direksi.";"karyawan: Baik pak, terima kasih. Selamat siang. Pengusaha: Selamat siang.";C
10;"Berikut ini kaidah teks negosiasi yang baik, kecuali...";Tidak menyajikan lebih dari tiga argumen dalam satu waktu.;Mulai dengan argumen yang paling kuat dan didukung dengan fakta.;"Bangun argumen secara logis, rapat, mengikat, dan hati-hati.";Menjelaskan pendapat orang lain.;Jabarkan kembali pokok bahasan pihak mitra negosiasi untuk menunjukan bahwa kamu telah mengerti.;D
10;"Berikut ini termasuk sturktur teks negosiasi secara kompleks, kecuali...";orientasi;permintaan;pemenuhan;pemanfaatan;pemanfaatan;D
10;struktur yang pertama kali muncul dan menjadi pembuka dari percakapan sebuah negosiasi. Pernyataan tersebut merupakan bagian dari struktur kompleks teks negosiasi berupa...;orientasi;permintaan;persetujuan;pembelian;penutup;A
10;Bagian teks negosiasi yang berisikan pernyataan mengenai barang atau masalah yang sedang dihadapi adalah...;uraian;permintaan;interaksi;penawaran;kesepakatan;B
10;"Terjadinya interaksi berdasarkan kesepakatan yang telah disetujui bersama. Dalam teks negosiasi, pernyataan tersebut terjadi pada bagian...";pemenuhan;penawaran;persetujuan;pembelian;penutup;D
10;"Dalam teks negosiasi, bagian pemenuhan biasanya memberitahukan tentang barang atau permasalahan agar lawan intraksi menjadi lebih paham. Bagian ini juga menjelaskan serta menjawab pertanya dari...";pembeli;permintaan yang telah diajukan;permintaan;pedagang;lawan bicara;B
10;Kegiatan yang dilakukan untuk mempeebaiki teks yang telah ada. Pernyataan tersebut merupakan pengertian dari...;mengeritik teks;mengevaluasi teks;menelaah teks;menilai teks;mengabtraksi teks;B
10;Teks negosiasi berikut yang termasuk bagian persetujuan adalah...;"Anak: Uang sya tidak cukup, bagaimana kalo Rp.48.000,00 Saja? Penjaga: itu terlalu murah, bagimana kalau Rp.55.000,00 saja?";"Anak: Tapi uang saya hanya Rp50.000,00. Penjaga: Begini saja, saya akan berikan bku ini seharga Rp.50.000,00. Bagimana?";"Anak: Baiklah, Pak! Saya beli bukunya. Penjaga: ini bukunya.";"Anak: Ini uangnya pas ya pak, terima kasih sudah mau membatu saya. Penjaga: iya, sama-sama. Terima kasih juga sudah membeli buku di toko saya.";"Anak: Selamat siang, Pak. Penjaga: selamat siang.";C
10;Bagian orientasi pada teks berikut adalah...;"pembeli: Selamat siang, Pak. Penjual: Selamat siang kembali. Maaf ada yang bisa saya bantu?";"pembeli: Saya ingin beli jaket. Penjual: Wah, ada mas, silakan tinggal pilih saja yang paling cocok.";"pembeli: Kalau yang ini boleh saya tawar, pak? Penjual: Ooh, boleh mas, memangnya mau ditawar berapa?";"pembeli: 450 ribu boleh, pak? Penjual: Wah, maaf mas, harga pasnya 700 ribu, mas. Itu sudah diskon 10%.";"pembeli: 600 ribu gimana,pak? Penjual: maaf, mas, masih belum boleh. Ya sudah penawaran terakhir 650 ribu.";A
10;"Pada dasarnya, menulis menulis kerangka sebuah debat tidak jauh berbeda dengan kerangka dasar jurnal atau pidato. Namun, dalam membuat kerangka debat harus ... dengan baik.";terlihat;terstruktur;terakomodir;terencana;teramati;B
10;"Salah satu bentuk perdebatan yang banyak digunakan. Pada paruh waktu pertama perdebatan, setiap tim memiliki dua segmen untuk menyajikan argumen. Hal tersebut merupakan pengertian debat...";antartim;publik;formal;bebas;Lincoln-Douglas;A
10;"Dalam kegiatan debat, kita diberi kesepakatan untuk menyampaikan pendapat atau snggahan yang ditujukan pada...";narasumber;lawan debat;moderator;pembicara;penengah;B
10;Pentingnya membuat kerangka (bagan) untuk sebuah acara perdebatan merupakan salah satu kewajiaban seseorang ... sebelum melakukan debat.;tim debat;panelis;lawan debat;moderator;narasumber;D
10;"Dalam kegiatan debat, moderator layaknya seorang wasit dalam pertandingan. Untuk itu, moderator yang dipilih harus...";baik;memihak salah satu peserta;tidak mau pedili terhadap jalannya debat;netral atau tidak memihak salah satu peserta debat;netral atau tidak memihak salah satu peserta debat;D
10;"Kegiatan adu argumentasi dalam memutuskan masalah dan perbedaan, yang dilakukan dua pihak atau lebih, baik secara perorangan maupun kelompok. Pernyataan tersebut merupakan pengertian dari...";debat;argumen;diskusi;seminar;simposium;A
10;Kegiatan debat yang dilakukan oleh anggota parlemen termasuk jenis debat...;informal;formal;terstruktur;ada aturannya;terencana;B
10;Mungkin sebagian dari kita berfikir bahwa debat merupakan kegiatan mematahkan pendapat lawan. Sebenarnya debat adalah bagaimana cara kita (debater) membuat orang lain...;membela kita;memberikan yang terbaik;terpengaruh dan setuju dengan argumen yang disampaikan;membuat audiens terpukau karna kita mampu menjatuhkan lawan debat;membuat lawan debat mengamuk.;C
10;Salah satu metode yang dapat digunakan dalam debat adalah metode...;langka;menjatuhkan lawan;mengkritik lawan;logika;logika;D
10;Salah satu manfaat membuat kerangka debat adalah...;memudahkan menjatuhkan lawan debat;menilai kerja lawan;membuat argumen-argumen yang tepat;memudahkan dalam menentukan sebuah topik;memilih cara damai;D
10;"Dapat digunakan jika diperlukan pemahaman dan keterampilan dalam bertanya. Berdasarkan pernyataan tersebut, metode yang digunakan dalam kegiatan debat adalah...";metode debat;metode logika;metode dialektika;metode tanya jawab;metode impromtu;C
10;"Pada dasarnya, menulis kerangka sebuah debat tidak jauh berdeba dengan kerangka dasar jurnal atau pidato. Namun, dalam membuat kerangka debat harus...";rapi dan bijaksana;terstruktur dengan baik;terorganisir dan dipresentasikan;adanya tanya jawab dengan narasumber;dapat mengajukan gagasan atau sanggahan yang sesuai dengan topik;B
10;"Perlu disadari bahwa adanya perbedaan pendapat lumrah dalam suatu debat. Kedua belah pihak harus menyadari tujuan mengikuti debat, yaitu...";mengikuti ajang bergengsi dari setiap sekolah.;mematikan lawan debat dengan sempurna.;menilai jalannya kegiatan debat.;menyampaikan pendapat masing-masing.;menyampaikan pendapat masing-masing.;D
10;Salah satu hal yang tidak dibenarkan dalam kegiatan debat adalah...;menilai baik lawan debat;berdiskusi dengan lawan debat;melakukan perlawanan terhadap dewan juri;tidak menghina lawan debat;memberikankeleluasaan kaepada lawan debat;C
10;Dalam kegiatan debat sangat deiperlukan seorang yang bisa bertindak atau menangani acara dbat tersebut. Orang yang dimaksud adalah...;moderator;dewan juri;peserta;lawab debat;narasumber;A
10;"Di Indonesia, debat kompotitif dalam sistem debat parlementer sudah mulai berkembang, walupun masih didominasi oleh kompetisi debat bahasa inggris. Kejuaraan debat se Indonesia yang pertama adalah...";Indonesia Varsity English Debate (IVED);Java Overland Varsities English Debate (JOVED);ASEAN Law Student Association (ALSA);ALSA Universitas Padjadjaran English Challenge;National Environmental Debate (NED);A
10;Salah satu sistem debat yang umum digunakan di kejuruan-kejuaruan di Indonesia adalah...;Indonesia Dabate;Indonesia Varsity English Dabete;Dabete Competition;Australasian Parliamentery;National Universities English Debating Championship;D
10;Suatau sistem debat atau adu argumen dengan salah satu dari tiga sistem yang diakui dalam skala global (dunia). Pernyataan tersebut merupakan pengertian dari...;perdebatan;debat dua kelompok;debat parlementer;debat formal;debat bebas;C
10;Pihak yang dapat memberikan informasi yang dibutuhkan dalam kegiatan debat. Hal tersebut merupakan pengertian dari...;debat parlementer;moderator;narasumber;peserta debat;audiens debat;C
10;Salah satu cara yang dapat dilakukan untuk membuat lawan debat tidak berkutik saat adu argumen adalah...;katakan dengan kata fakta dan data.;baut suasana debat tegang.;lakukan debat dengan ikhlas.;matikan lawan dengan berbagai cara.;buat lawan bertekuk lutut.;A
10;Contoh hewan yang terdapat di bagian timur garis wallace adalah ...;"gajah, badak bercula satu, dan burung kasuari";"burung cenderawasih, burung kasuari, dan badak bercula satu";"gajah, badak bercula satu, dan burung cenderawasih";"kangguru, burung cenderawasih, dan burung kasuari";"kangguru, burung cenderawasih, dan burung kasuari";D
10;Proses pertumbuhan larva menjadi hewan dewasa disebut ...;ontogenesis;pedogenesis;metamorfosis;metameri;morfogenesis;c
10;Faktor yang menentukan keanekaragaman hayati tingkat genetik adalah ...;evolusi dan adaptasi;genotipe dan lingkungan;seleksi alam dan adaptasi;adaptasi dan genotipe;evolusi;b
10;Hewan yang mempunyai rangka dari zat silikat atau zat kersik adalah ...;Acropora sp.;Spongila sp.;Scypha sp.;Pherenema sp.;Obelia sp.;b
10;"Suatu tumbuhan kecil, berklorofil, berbatang, dan berdaun, hidup di batu dengan rizoid, kemungkinan tumbuhan tersebut adalah ...";Bryophyta;Pteridophyta;Gymnospermae;Monocotyledonae;Dicotyledonae;a
10;"Pada tumbuhan paku tertentu dapat mengasilkan mikrospora, yaitu spora yang ...";berasal dari pertumbuhan zigot;dihasilkan pada pangkal batang;berukuran sangat kecil dan berkelamin jantan;dilengkapi dengan flagel;berukuran besar dan berkelamin betina;c
10;Varanus Komodoensis merupakan hewan khas yang ditemukan di Indonesia. Hewan ini endemik di daerah ...;kepulauan Maluku;kawasan peralihan Indonesia;sekitar garis khatulistiwa;kawasan barat Indonesia;kawasan timur Indonesia;b
10;Tingkat takson hewan yang tertinggi adalah ...;filum;divisi;genus;kelas;ordo;a
10;Contoh flora Malesiana antara lain ...;"meranti, durian, matoa, dan salak";"jati, durian, mangga, dan konifer";"meranti, salak, lumut kerak, dan rumput";"lumut kerak, jati, meranti, dan konifer";"durian, jati, lumut kerak, dan salak";a
10;Keunikan biodiversitas Indonesia selain memiliki jenis hewan dan tumbuhan endemik adalah ...;terletak di garis khatulistiwa;terdiri dari kepulauan;mempunyai hutan tropis;memiliki flora bertipe Malesiana;memiliki flora bertipe Malesiana;D
10;Tumbuhan paku yang memiliki strobilus pada ujung batang atau cabang adalah ...;Pteris sp.;Equisetum sp.;Nephrolepis sp.;Adiantum sp.;Platycerium sp.;b
10;Di antara ciri-ciri berikut yang membedakan tumbuhan dikotil dengan monokotil adalah ...;warna bunga dan bentuk daun;ukuran bunga dan bentuk tulang daun;jumlah keping biji dan bentuk akar;jumlah bagian bunga dan bentuk batang;bentuk daun dan bentuk batang;c
10;Pencernaan makanan pada Porifera dilakukan oleh ...;usus halus;sel koanosit;rongga spongosol;ostium;sel amoebosit;b
10;"Berdasarkan ukuran sporanya, selaginella sp. termasuk jenis paku ...";heterospora;homospora;isospora;zoospora;konidiospora;a
10;Citrus nobilis adalah nama ilmiah untuk jeruk keprok. Kata Citrus menunjukkan takson ...;filum;genus;spesies;famili;ordo;b
10;Buah pace merupakan salah satu sumber bahan ...;sandang;pangan;kosmetik;obat;obat;D
10;Marchantia sp. merupakan tumbuhan lumut yang sering dimanfaatkan untuk ...;mengobati penyakit hepatitis;mambuat kasur;sayuran;mengobati penyakin gula;obat kuat;a
10;Bangunan yang berupa keping berlubang sebagai tempat masuknya air ke dalam sistem ambulakral adalah ...;medreporit;ampula;podia;kanalis radialis;kanalis sirkumoralis;a
10;Persamaan antara cacing dengan Coelenterata adalah ...;triploblastik;sistem pencernaan gastrovaskuler;sistem ekskresi dengan solenosit;umumnya sebagai parasit;mempunyai sistem pusat saraf;b
10;"Babi menjadi hospes dari cacing pita, yaitu dalam bentuk ...";strobila;heksakan;skoleks;sistiserkus;proglotid;b
10;Di antara cacing berikut yang enak dimakan adalah ...;Hirudo sp.;Moniligaster sp.;Lysidice sp.;Lumbricus sp.;Hirudinaria sp.;c
10;"Gajah, elang, dan harimau merupakan hewan khas yang banyak ditemukan di daerah ...";kawasan peralihan Indonesia;"Ujung Kulon, Jawa Barat";kawasan timur Indonesia;kawasan barat Indonesia;hutan di Lampung;d
10;Pada tubuh Coelenterata terdapat rongga besar yang disebut ...;usus;coelenteron;coelom;spongosol;oskulum;a
10;"Ikan mempunyai kulit yang tipis, transparan dan banyak mengandung kelenjar lendir. Kelenjar tersebut ada hubungannya dengan ...";pencegah terhadap kekeringan;sistem ekskresi;sistem pernapasan;fungsi pergerakan;fungsi pergerakan;D
10;"Hewan yang tergolong dalam Gastropoda mudah dikenal, sebab ...";berkaki pipih;berkaki dengan perut;berinsang berlapis;berkaki di kepala;bercangkang sepasang;b
10;Wuchereria brancrofti mengingatkan kepada kita untuk melakukan tindakan ...;peningkatan kesejahteraan pada sandang;peningkatan pada bidang sandang;peningkatan bidang bioteknologi;tidak dalam kelambu yang benar dan sehat;pemakaian alas kaki yang tepat;d
10;Keanekaragaman hayati merupakan keseluruhan penampakan tipis spesies. Hal ini didasarkan oleh ...;faktor genetik;faktor interaksi dengan lingkungan;faktor lingkungan;Faktor genetik dan interaksi dengan lingkungan;Faktor genetik dan interaksi dengan lingkungan;D
10;Hewan yang umumnya mengapung di laut dan jika dipegang menyebabkan rasa gatal. Hewan tersebut kedalam filum ...;Porifera;Coelenterata;Athropoda;Mollusca;Echinodermata;b
10;Jenis mamalia primitif yang berkembang biak dengan telur adalah ...;oktopus;platipus;pesut;dugong;dolpin;b
10;Sains merupakan kebenaran apa adanya karena didasarkan atas data-data dan tanpa pengaruh pendapat atau pandangan pribadi. Pernyataan tersebut merupakan sifat sains yaitu ...;Praktis;Akumulatif;Rasional;Objektif;Objektif;D
10;Cara mendapatkan data kuantitatif ialah dengan ...;Mengukur dan membaui;Mengecap dan mendengar;Menimbang dan mengukur;Meraba dan menghitung;Menimbang dan mengecap;C
10;Cabang ilmu biologi yang berhubungan dengan penyebab penyakit DBD ialah...;Bakteriologi;Virologi;Mikologi;Sitologi;morfologi;B
10;"Seorang siswa sedang mencari informasi tentang penyebab penyakit TBC, hal ini berhubungan dengan kajian biologi ...";Bakteriologi;Virologi;Mikologi;Sitologi;Morfologi;A
10;Kepadatan jumlah penduduk antar pulau di Indonesia tidak seimbang. Hal ini merupakan permasalahan biologi di tingkat ...;Molekul;Sel;Jaringan;Populasi;Komunitas;D
10;Yang termasuk komonen biotik pada ekosistem sawah ialah ...;"Padi, ular dan tikus";"Tanah, air dan cahaya matahari";"Kerbau, ular dan cahaya";"Suhu, air dan tanah";"Padi, tikus, tanah dan air";A
10;"Berikut peranan biologi di bidang kedokteran, kecuali ...";Program bayi tabung;Metode keluarga berencana;Cangkok organ;Pembuatan vaksin;Bedah plastik;B
10;Penulisan nama spesies yang benar ialah ...;MIMOSA PUDICA;Mimosa Pudica;Mimosa pudica;Mimosa pudica;Mimosa pudica;C
10;Virus termasuk organisasi kehidupan tingkat ...;Molekul;Sel;Jaringan;Organ;Organisme;A
10;"Virus dapat dianggap benda mati, karena ...";Dapat dikristalkan;Tersusun dari protein;Dapat membelah diri;Hanya memiliki DNA;Bereproduksi pada makhluk hidup;A
10;Selubung virus tersusun dari ...;Protein;Lemak;Karbohidrat;Vitamin;Mineral;A
10;Yang bukan merupakan bentuk virus ialah..;Batang;Bulat;Polihidris;spiral;spiral;D
10;Bakteriofage ialah ...;Bakteri yang menyerang virus;Virus yang menyerang bakteri;Bakteri patogen;Virus patogen;DNA virus;B
10;Menempelnya serabut ekor virus pada dinding sel bakteri termasuk tahapan ...;Adsorpsi;Penetrasi;Eklifase;Pematangan;Lisis;A
10;"Pada siklus litik, bagian virus yang mengendalikan DNA bakteri ialah ...";Kapsid;DNA;Lempengan dasar;Serabut ekor;Kepala;B
10;Penyakit yang disebabkan oleh virus antara lain ...;"Campak, sifilis";"TBC, cacar";"Tifus,influenza";"Chikungunya, poliomielitis";"Chikungunya, poliomielitis";D
10;TMV merupakan virus yang menyerang ...;Kekebalan manusia;Daun tembakau;Bakteri;Padi;Kucing;B
10;Vaksin yang biasa diberikan secara oral ialah vaksin untuk mencegah penyakit ...;Cacar;Rabies;Polio;DBD;TB;C
10;Kingdom Archaebacteria dan Eubacteria memiliki ciri utama yaitu ...;Eukariotik;Prokariotik;Anaerob;Mimiliki pigmen;Saproba;B
10;Yang membedakan Archaebacteria dan Eubacteria ialah ada tidaknya ...;Protein;Dinding sel;DNA;Peptidoglikan;Ribosom;D
10;Peptidoglikan merupakan lapisan pada ...;Dinding sel;Flagel;Ribosom;Klorofil;Kapsul;A
10;"Berikut ciri eubacteria, kecuali ...";Uniseluler;Kosmopolit;Heterotrof;Autotrof;Autotrof;D
10;Fungsi kapsul pada bakteri ialah ...;Untuk bergerak;Untuk menempel;Untuk mempertahankan diri;Untuk menyerap makanan;Untuk berkembang biak;C
10;Acetobacter xylinum berperan dalam pembuatan ...;Keju;Tape;Nata de coco;Yogurt;Tempe;C
10;Clostridium tetani dapat menyebabkan penyakit...;TBC;Lepra;AIDS;Tetanus;Sifilis;D
10;Pengelompokkan protista menyerupai hewan berdasarkan ...;Flagel;Dinding sel;Kloroplas;Alat gerak;Habitat;D
10;Kaki semu dimiliki oleh ...;Virus;Bakteri;Amoeba;Saprolegnia;Paramaecium;C
10;Saprolegnia merupakan parasit pada ...;Anggur;Virus;Ikan;Bakteri;Kucing;C
10;Protozoa yang bergerak menggunakan flagel ialah ...;Amoeba;Paramaecium;Trypanosoma;Toxoplasma;Plasmodium;C
10;Protozoa yang tidak memiliki alat gerak ialah ...;Amoeba;Paramaecium;Trypanosoma;Toxoplasma;Euglena;D
10;Yang bertukar pada peristiwa konjugasi ialah ...;Maknukleus;Vakuola;Ribosom;Mikronukleus;Alat gerak;D
10;Yang dijadikan dasar klasifikasi alga ialah..;Bentuk selnya;Bentuk intinya;Kandungan pigmen;Cara berkembang biak;Alat geraknya;C
10;Jamur mempunyai bentuk ...;"Bulat, kotak dan spiral";"Bulat, batang dan spiral";"Bulat, payung dan spiral";"Bulat,payung dan kuping";"Bulat,payung dan kuping";D
10;Jamur yang hidup di kayu yang lapuk disebut ...;Parasit;Saprofit;Mutual;Simbiosis;Komensalisme;B
10;Jamur yang menghasilkan racun ialah ...;Amanita;Tiram;Merang;Shitake;Kuping;A
10;Jamur yang berperan dalam pembuatan tempe ialah ...;Rhizopus oryzae;Mucor javanicus;Candida albicans;Aspergillus niger;Penicillium notatum;A
10;Jamur yang dapat menyebabkan penyakit kulit pada manusia digolongkan ...;Zygomycota;Ascomycota;Basidiomycota;Deuteromycota;Oomycota;D
10;Keanekaragaman spesies dapat dilihat dari perbedaan ...;tingkah laku dan gen;"bentuk, warna, jumlah, ukuran, dan kenampakan";morfologi dan tingkah laku;morfologi dan anatomi;"bentuk, warna, jumlah, ukuran, dan sifat keturunan";D
10;Contoh keanekaragaman tingkat gen adalah ...;"mangga gadung, mangga manalagi, dan mangga muda";kudu dan keledai;kucing dan harimau;"kacang tanah, dan kacang buncis";kelapa dan pinang;A
10;Faktor yang menyebabkan Indonesia memiliki keanekaragaman hayati sangat tinggi adalah ...;terletak di antara dua benua dan dua samudra;memiliki iklim tropis dan curah hujan yang cukup tinggi;memiliki kesamaan flora dan fauna dengan Oriental dan Australia;sebagai daerah migrasi hewan-hewan dunia;sebagai daerah kepulauan yang telah terpisah dari daratan benua Asia;B
10;Hewan Indonesaia yang memiliki kekerabatan dengan daerah Oriental dan Australia adalah ...;barat (badak) dan timur (Anoa);barat (orang utan) dan timur (burung cenderawasih);barat (siamang) dan timur (burung kasuari);barat (gajah) dan timur (marsupilia);barat (elang) dan timur (burung kakaktua);B
10;"Berikut ni hewan yang berada di wilayah Oriental, kecuali ...";gajah;badak;jerapah;banteng;harimau;C
10;Jenis tanaman berikut yang merupakan ciri khas daerah Yogyakarta adalah ...;kancil putih;sedap malam;kepel;mangga;Rafflesia sp.;C
10;Pemberian nama suatu bioma didasarkan pada ...;curah hujan yang jatuh di daerah tersebut;letak garis lintang dan ketinggian tempat;jenis fauna yang menonjol di daerah tersebut;vegetasi yang dominan di daerah itu;vegetasi yang dominan di daerah itu;D
10;Di antara tanaman berikut yang banyak ditemukan di Pulau Jawa adalah ...;jati;kruing;matoa;angsana;kaktus;A
10;Di antara ekosistem berikut yang mempunyai tingkat keanekaragaman paling tinggi adalah ...;hutan bakau;sawah;savana;hutan hujan tropis;padang rumput;D
10;Hutan bakau tersusun atas spesies-spesies tumbuhan dengan kondisi habitatnya. Salah satu bentuk adaptasi tumbuhan bakau adalah dengan memiliki ...;daun lebar;akar napas;akar serabut;daun runcing;batang berongga;B
10;Ujung Kulon memiliki spesies endemik badak bercula satu. Bentuk pemeliharaan hewan tersebut temasuk ...;koleksi;budaya;proteksi;in-situ;ex-situ;D
10;"Daerah Bengkulu dikenal sebaga daerah yang memiliki tumbuhan endemik, yaitu ...";Salacca edulis;Tectona grandis;Canarium commune;Rafflesia arnoldii;Rafflesia arnoldii;D
10;Garis yang membatasi wilayah peralihan dengan Australian dikenal dengan istilah ...;weber;wallace;khatulistiwa;bujur;lintang;A
10;Kebun Raya memiliki koleksi spesies bunga Rafflesia arnoldii. Bentuk pelestarian tersebut termasuk ...;koleksi;kultur;in-situ;ex-situ;budidaya;D
10;Berikut ini yang termasuk hewan endemik Indonesia adalah ...;kangguru;tarsius;sapi;buaya;harimau;B
10;"Burung kakaktua, kasuari, dan cenderawasih merupakan burung khas yang banyak ditemukan di daerah ...";kawasan peralihan Indonesia;"Ujung Kulon, Jawa Barat";kawasan timur Indonesia;kawasan barat Indonesia;Lampung;C
10;Pasangan hewan endemik dan tempatnya yang benar adalah ...;maleo di Kalimantan;cenderawasih di Irian;anoa di Jawa Tengah;badak bercula satu di Sulawesi;gajah di Kalimantan;B
10;Keunikan biodriversitas Indonesia selain memiliki jenis hewan dan tumbuhan yang endemik adalah ...;terlihat di garis khatulistiwa;terdiri atas kepulauan;mempunyai hutan hujan tropis;memiliki flora bertipe Malesiana;memiliki flora bertipe Malesiana;D
10;Ekosistem padang rumput di Indonesia dapat ditemui di wilayah ...;NTT dan Papua;NTB dan Maluku;Kalimantan dan Sulawesi;Jawa dan Bali;Sumatra dan Kalimantan;A
10;Varanus komodoensis merupakan hewan khas yang ditemukan di Indonesia. Hewan ini endemik di daerah ...;kepulauan Maluku;kawasan peralihan Indonesia;sekitar garis khatulistiwa;kawasan barat Indonesia;kawasan timur Indonesia;B
10;Jenis fauna langka berikut ini yang berasal dari Papua adalah ...;banteng;orang utan;gajah;cenderawasih;badak bercula satu;D
10;"Tindakan manusia berikut menurunkan keanekaragaman hayati, kecuali ...";penggunaan pestisida;perubahan tipe tumbuhan;pencemaran lingkungan;pembuatan hutan konservasi;penembangan hutan secara total;D
10;"Berikut ini termasuk tindakan manusia yang dapat meningkatkan keanekaragaman hayati, kecuali...";penghijauan;pembuatan taman kota;seleksi;pemuliaan;melakukan kawin silang;C
10;"Penebangan kayu di hutan harus memenuhi beberapa persyaratan agar kelestariannya terjaga, di antaranya ...";tebang habis kemudian tanam kembali;penebangan minimal;sistem tebang pilih;penebangan maksimal;reboisasi;C
10;Keanekaragaman gen pada makhluk hidup dapat terjadi karena ...;adanya beberapa spesies yang berbeda dalam tempat yang sama;setiap spesies beradaptasi terhadap lingkungan yang berbeda;jumlah dan susunan materi genetik yang berbeda;dalam satu tempat dihuni oleh beberapa populasi;adanya interaksi makhluk hidup dengan lingkungan fisik;C
10;Tumbuhan yang bakal bijinya tidak dilindungi bakal buah adalah ...;Spermatophyta;Angiospermae;Gymnospermae;Pteridophyta;Embriophyta;C
10;"Tumbuhan lumut disebut tumbuhan kosmopolit, sebab ...";hidupnya saprofit;hidupnya parasit;hidupnya epifit;hidupnya dapat di mana saja;hidupnya di air saja;D
10;Tumbuhan Ginkgo biloba dikelompokkan ke dalam tumbuhan Gymnospermae karena ...;sudah memiliki biji;berkembang biak dengan spora;dapat membentuk bunga;biji tidak dilindungi bakal buah;biji tidak dilindungi bakal buah;D
10;Penyebab biji atau buah yang dibantu oleh burung pada umumnya memiliki ciri ...;biji/buah memiliki lapisan kedap air;biji/buah berukuran kecil;biji/buah memiliki daging buah yang tebal;biji/buah memiliki rambut kelenjar;"biji/buah kecil, ringan, berongga udara";C
10;Berbagai bentuk tahapan metagenesis pada paku. 1) Zigot 2) Protalium 3) Tumbuhan paku 4) Anteridium 5) Arkegoniuim Tahapan metagenesis tumbuhan paku yang merupakan fase gametofit adalah ...;"1, 2, dan 3";"1, 3, dan 4";"2, 3, dan 4";"2, 4, dan 5";"3, 4, dan 5";D
10;"Pada metagenesis tumbuhan lumut, generasi yang bersifat diploid adalah ...";zigot;sporogonium;protalium;sporofit;gametofit;D
10;"Untuk mengangkut sari-sari makanan, tumbuhan lumut menggunakan ...";pembuluh angkut vasikuler;pembuluh angkut intravasikuler;pembuluh angkut kolateral;selapis sel yang bersekat;selapis sel yang bersekat;D
10;Di antara pernyataan berikut ini yang membedakan antara tumbuhan dikotil dan monokotil adalah...;tulang daun monokotil menyirip;"bunga pada dikotil berkelipatan 2, 4, atau 5";tumbuhan monokotil berakar tunggang;ujung akar monokotil dilindungi oleh koleoptil;tulang daun dikotil melengkung;D
10;Rhizoid yang ada pada tumbuhan lumut berfungsi untuk ...;menghasilkan spora;membentuk ovum;membentuk spermatozoa;menyerap air dan garam mineral;melakukan fotosintesis;D
10;"Pada pergiliran perkembangbiakan, tumbuhan lumut mengalami fase sporofit, artinya ...";pertumbuhan dari spora;generasi yang bersifat diploid;generasi yang menghasilkan spora;generasi yang menghasilkan sel kelamin;generasi yang umurnya sangat pendek;C
10;"Pergiliran generasi pada Pteridophyta, tahap meiosis terjadinya pada waktu ...";pembentukan sel telur dan spermatozoa;pengembangan spora;pembentukan protalium;pembentukan sporofit;pembentukan spora dalam sporangium;A
10;Tumbuhan paku yang termasuk jenis paku homospora adalah ...;Selaginella sp.;Lycopodium sp.;Marchantia sp.;Spagnum sp.;Equisetum sp.;B
10;Spora paku yang jatuh di tempat optimum akan tumbuh menjadi ...;protonema;protalium;sporofil;sporogonium;tanaman paku;B
10;"Dasar yang membedakan tumbuhan paku menjadi paku homospora, heterospora, dan peralihan adalah ...";cara reproduksi vegetatifnya;jumah spora yang dihasilkan;cara reproduksi generatifnya;jenis sporayang dihasilkan;masa dihasilkan spora;D
10;"Seorang siswa mengamati tumbuhan dengan ciri-ciri, yaitu berakar tunggang, tidak berbunga sejati, berbiji, berdaun, batang bercabang. Bakal biji terdapat pada strobilus betina dan serbuk sari dalam strobilus jantan. Maka tumbuhan itu dapat digolongkan ke dalam ...";Thallophyta;Mycota;Alga;Gymnospermae;Angiospermae;D
10;Selaginella sp. jika ditinjau dari jenis spora yang dihasilkan termasuk paku ...;heterospora;homospora;isospora;zoospora;konidiospora;A
10;"Suatu tumbuhan kecil, berklorofil, berbatang, berdaun, dan hidup di batu dengan rizoid. Kemungkinan tumbuhan tersebut adalah ...";Bryophyta;Preridophyta;Gymnospermae;monocotyledonae;Dicotyledonae;A
10;Di antara tumbuhan berikut yang termasuk Angiospermae adalah ...;"damar, alang-alang, cemara, dan pakis haji";"pakis haji, pinus, damar, dan melinjo";"cemara, pinus, damar, dan pinang";"kelapa, tomat, dan pala";"kelapa, tomat, dan pala";D
10;Persamaan antara tumbuhan lumut dan tumbuhan paku adalah ...;kormofita sejati;struktur sporofit;struktur gametofit;metagenesis;metagenesis;D
10;Kandungan lembaga pada tumbuhan berbiji yang sudah masak terdiri atas ...;"inti vegetatif, inti spermatozoid, dan inti ovum";ovum dan inti vegetatif;"inti ovum, inti antipoda, dan inti sinergid";"inti spermatozoid, dan inti vegetatif";"inti sinergid, inti ovum, inti antipoda, dan inti kandung lembaga";C
10;"Pada tumbuhan paku, generasi yang bersifat diploid adalah ...  ";spora;sporofit;gametofit;protalium;protonema;B
10;"Dalam daur hidupnya, tumbuhan lumut merupakan ...";gametofit;sporofit;protonema;protalium;sporangium;A
10;"Otoritas Jasa Keuangan (OJK) adalah lembaga yang independen, artinya...";dalam menjalankan tugas bebas dari campur tangan pihak manapun;bebas menentukan kebijakan perbankan;tidak terikat dengan tujuan tertentu;tugas yang diberikan tidak untuk dipertanggung jawabkan kepada siapapun;bebas menentukan peraturan;a
10;OJK melakukan peraturan dan pengawasan pada kegiatan dan jasa keuangan di sektor...;perbankan;pembangunan;pendidikan;kebijakan;perdagangan;a
10;Berikut ini merupakan wewenang OJK berkaitan dengan tugas pengawasan terhadap jasa keuangan adalah...;menetapkan peraturan dan keputusan OJk;menetapkan kebijakan OJK;menetapkan kebiajakan operasional kegiatan jasa keuangan;menetapkan peraturan mengenai tata cara penetapan pemerintah tertulis terhadap lembaga jasa keuangan tertentu;menetapkan peraturan mengenai tata cara penetapan pemerintah tertulis terhadap lembaga jasa keuangan tertentu;D
10;"Di Indonesia, lembaga keuangan diklasifikasikan menjadi dua, yaitu...";bank dan pegadaian;bank dan asuransi;asuransi dan pegadaian;bank dan lembaga keuangan bukan bank;bank dan otoritas jasa keuangan;d
10;Berikut ini regulasi yang berkaitan dengan tugas bank umum adalah...;UU No. 22 Tahun 1999;UU No. 10 Tahun 1992;UU No. 23 Tahun 1999;UU No. 10 Tahun 1998;UU No. 22 Tahun 1998;d
10;"Simpanan di bank dan penarikannya dapat dilakukan dengan perantara cek , ATM, surat perintah pembayaran lainnya atau dengan cara pemindah pembukuan disebut...";cek;giro;deposito;transfer;kliring;b
10;Tujuan jangka pendek bank adalah...;memenuhi cadangan minimum;mencari laba;menetapkan kebijakan moneter;memajukan perekonomian;memajukan perekonomian;D
10;"Perusahaan yang memberikan jaminan atau pertanggungan kepada nasabah atau yang tertanggung untuk resiko kerugian, sesuai dengan surat perjanjian apabila terjadi sesuatu disebut perusahaan...";taspen;pegadaian;asuransi;bursa efek;koperasi;c
10;"Agar penjualan sepeda motor meningkat, produsen membuat strategi menjual produknya dengan cara kredit. Dalam hal ini, lembaga yang diajak bekerja sama adalah...";asuransi;modal ventura;koperasi;leasing;leasing;D
10;Berikut ini yang merupakan keistimewaan bank umum adalah...;dapat menciptakan uang kartal;menarik dan mencabut uang yang beredar;mengawasi bank-bank lainnya;memberi pinjaman jangka panjang;memberi pinjaman jangka panjang;D
10;Pernyataan berikut yang benar mengenai sistem pembayaran tunai adalah...;instrumen pembayaran uang giral;instrumen yang digunakan untuk pembayaran adalah uang kartal;cek dan bilyet giro tunai;sistem pembayaran dilakukan tunai;sistem pembayaran tunai dengan kliring;b
10;"Mencabut, menarik, menetapkan, dan mengatur peredaran uang rupiah adalah satu peran Bank Indonesia dalam rangka...";menetapkan kebijakan moneter;menetapkan kebijakan fisikal;mengatur dan menjaga kelancaran sistem pembayaran;mengatur dan mengawasi bank;menyehatkan perbankan Indonesia;c
10;Keuntungan yang didapat oleh bank swasta nasional adalah milik...;asing;pemerintah;swasta;masyarakat;bank sentral;c
10;"Bank Indonesia mengeluarkan dan mengedarkan uang rupiah serta mencabut, menarik, dan memusnahkan uang dari peredaran. Dalam hal ini berati Bank Indonesia menjalankan tugas...";menetapkan kebijakan moneter;melaksanakan kebijakan moneter;mengatur dan menjaga sistem pembayaran;mengawasi bank;mengatur bank;c
10;Pernyataan berikut yang benar mengenai bank sentral adalah...;merupakan bank milik swasta asing;ada beberapa disuatu negara;menghimpun dana dari masyarakat;memiliki tugas mengatur dan menjaga kelancaran sistem pembayaran;memberikan pinjaman kepada nasabah;d
10;Pendeteksian unsur pengaman terbuka (covert security features) dilakukan melalui...;scanner;alat pendeteksi;mesin sensor;perabaan;mesin barcode;c
10;BPR dilarang melakukan usaha...;menghimpun dana dari masyarakat;memberikan pinjaman dari masyarakat;menyediakan fasilitas penukaran valuta asing;menerima simpanan dalam bentuk giro;menyediakan jasa tabungan;c
10;Tagihan yang ada di bank umum yang dapat digunakan sebagai alat pembayaran sewaktu-waktu disebut...;uang kartal;uang giral;full bodied money;token money;uang kertas;a
10;Mata uang pertama yang berlaku di Indonesia yang ditetapkan pada 30 Oktober 1946 adalah...;ORI;rupiah;sen;dolar belanda;rupee;a
10;Sistem pembayaran nontunai di mana bank penerbit kartu memberikan kredit kepada nasabah pemegang kartu kredit dengan batas waktu dan tambahan bunga yang telah disepakati antara bank dan nasabah disebut...;credit card;debit card;e-money;prepaid card;prepaid software;a
10;Mata uang Indonesia diatur secara resmi oleh pemerintah dalam...;UU No. 7 Tahun 2011;UU No. 8 Tahun 2011;UU No. 9 Tahun 2011;UU No. 7 Tahun 2010;UU No. 8 Tahun 2010;a
10;Pelaksanaan pencetakan uang rupiah dilakukan oleh...;Bank Indonesia;bank sentral;BUMN yang ditunjuk BI;badan usaha milik asing yang ditunjuk BI;badan usaha melalui lelang terbuka;a
10;"Tuan Anang membelanjakan uangnya untuk membeli properti dan berlian sebagai investasi, Fungsi uang bagi tuan Anang adalah...";sebagai alat tukar;sebagai satuan hitung;sebagai petunjuk harga;sebagai penyimpan kekayaan;sebagai pembayaran hutang;d
10;Berikut ini yang termasuk uang kartal adalah...;cek;bilyet giro;deposito;uang kertas;uang kertas;D
10;Surat yang berisi perintah tidak bersyarat oleh penerbit kepada bank yang memelihara rekening giro penerbit untuk membayarkan suatu jumlah uang tertentu kepada pemegang atau pembawa disebut...;bilyet;cek;bilyet giro;giro;debit card;c
10;Kewenangan mengatur dan melancarkan sistem pembayaran di Indonesia berada ditangan...;Bank Indonesia;Bank Asia;Menteti Keuangan;Pemerintah;OJK;a
10;"Kartu elektronik yang diterbitkan bank sebagai pengganti pembayaran tunai, dimana saldo si pemegang kartu secara otomatis berkurang saat kartu digunakan disebut...";kartu kredit;kartu debit;ATM;kartu prabayar;e-money;b
10;Ilmu yang mempelajari manusia untuk mengatur rumah tangganya disebut ...;Ilmu ekonomi;Ilmu mikro;Ilmu makro;Deskriptif;Ilmu terapan;a
10;Ilmu ekonomi yang mempelajari fungsi ekonomi individu yang terdiri dari rumah tangga dan perusahaan disebut ilmu ekonomi ...;Terapan;Mikro;Makro;Teori;Deskriptif;b
10;Cara mewujudkan penghematan sumber daya 1. Faktor-faktor yang menentukan kegiatan ekonomi suatu negara 2. Cara mencapai kepuasan maksimum 3. Peranan pemerintah mengatasi masalah ekonomi 4. Analisis permasalahan di atas yang menunjukkan masalah ekonomi mikro adalah nomor ...;1 dan 2;3 dan 3;1 dan 3;2 dan 4;3 dan 4;d
10;Teori yang mempelajari aspek-aspek yang menyeluruh dari kegiatan ekonomi disebut ...;Teori ekonomi;Ekonomi mikro;Ekonomi deskriptif;Ekonomi makro;Ekonomi makro;D
10;Tujuan ekonomi mikro dan makro 2. Menganalisa mekanisme pasar yang membentuk harga barang dan jasa 3. Menganalisa kegagalan pasar 4. Menganalisa sejauhmana penggunaan sumber daya dalam kegiatan ekonomi 5. Menganalisa sejauhmana perekonmian dalam keadaan stabil 6. Menganalisa sejauhmana perekonomian mengalami pertumbuhan Yang termasuk ke dalam tujuan ekonomi makro adalah ...;"1, 2 dan 3";"1, 3 dan 5";"2, 3 dan 4";"3, 4 dan 5";"3, 4 dan 5";D
10;Fungsi pemerintah sebagai penyedia barang dan jasa publik merupakan fungsi pemerintah ...;Stabilitasi;Distribusi;Regulasi;Alokasi;Mekanisme pasar;d
10;Tujuan pemerintah dalam menetapkan harga minimum adalah untuk melindungi pihak ...;Produsen;Distributor;Konsumen;Pemerintah;Luar negeri;a
10;Tujuan pemerintah dalam menetapkan harga maksimum adalah untuk melindungi pihak ...;Produsen;Distributor;Konsumen;Perusahaan kecil;Perusahaan besar;c
10;Permasalahan yang dihadapi oleh negara-negara berkembang adalah ...;"Kemiskinan, pengangguran dan kekurangan modal";"Pengangguran, produksi, dan kemiskinan";"Teknologi, pengangguran dan kemiskinan";"Teknologi, produksi dan kekurangan modal";"Kemiskinan, pengangguran dan teknologi";a
10;Kebijakan ekonomi yang digunakan pemerintah untuk mengendalikan atau mengarahkan perekonomian dengan mengatur penerimaan dan pengeluaran pemerintah disebut ...;Kebijakan inflasi;Kebijakan moneter;Kebijakan fiskal;Kebijakan perdagangan luar negeri;Kebijakan non moneter;c
10;Kebijakan ekonomi yang kewenangannya diberikan kepada Bank Indonesia untuk mengendalikan peredaran uang dan suku bunga disebut ...;Kebijakan inflasi;Kebijakan moneter;Kebijakan fiskal;Kebijakan perdagangan luar negeri;Kebijakan non moneter;b
10;Kebijakan pemerintah untuk menjual dan membeli surat-surat berharga dari masyarakat untuk mengendalikan inflasi disebut ...;Politik diskonto;Politik pasar terbuka;Kredit selektif;Cadangan kas;Peningkatan saham;b
10;"Jumlah pendapatan masyarakat suatu negara dalam periode waktu tertentu, biasanya satu tahun disebut ...";Pendapatan perkapita;Pendapatan produksi;Pendapatan pengeluaran;Pendapatan nasional;Pendapatan regional;d
10;Urutan pendapatan nasional adalah ...;GDP -- GNP -- NNP -- NNI -- DI -- PI;GDP -- NNP -- GNP -- NNI -- DI -- PI;GDP -- GNP -- NNI -- NNP -- DI -- PI;GDP -- GNP -- NNP -- NNI -- PI -- DI;GDP -- GNP -- NNP -- NNI -- PI -- DI;D
10;Rumus untuk menghitung besarnya net national income adalah ...;GDP -- n;PI --pajak langsung;NNP + transfer payment -- (iuran asuransi + laba ditahan + iurang jaminan sosial);NNP -- pajak tidak langsung;GNP -- penyusutan;d
10;Perhitungan pendapatan nasional dengan metode pendekatan pengeluaran dirumuskan dengan ...;Y = w + r + i + p;Y = P1 x Q1 + ... + Pn x Qn;Y = C + I + G + (X -- M);Y = C + S + I;Y = C + I + G (M -- X);c
10;Perhitungan pendapatan nasional dengan cara menjumlahkan seluruh pengeluaran yang dilakukan oleh rumah tangga ekonomi selama satu tahun disebut pendekatan...;Pendapatan;Pengeluaran;Produksi;Subjektif;Objektif;b
10;Proses perhitungan pendapatan nasional dengan rumus Y =(P1 x Q1) + (P1 x Q1) + ... (Pn x Qn). Simbol Q memiliki keterangan ...;Harga;Sewa;Upah;Kuantitas;Kualitas;d
10;Perhitungan pendapatan nasional dengan menjumlahkan seluruh nilai tambah dari barang dan jasa merupakan ciri pendekatan ...;Pendapatan;Pengeluaran;Produksi;Subjektif;Objektif;c
10;Gross National Productadalah ...;Nilai barang dan jasa yang dihasilkan seluruh warga masyarakat (termasuk warga asing) dalam suatu negara dalam periode waktu tertentu;Seluruh nilai produk (barang dan jasa) yang dihasilkan masyarakat suatu negara dalam periode waktu tertentu biasanya satu tahun;Jumlah barang dan jasa yang dihasilkan masyarakat dalam periode tertentu biasanya satu tahun;Jumlah seluruh penerimaan yang diterima masyarakat dalam periode tertentu setelah dikurangi pajak tidak langsung;Jumlah seluruh penerimaan yang diterima masyarakat yang benar-benar sampai ke tangan masyarakat;b
10;Rumus untuk menghitung besarnya NNP adalah ...;NNP = GDP -- produk netto luar negeri;NNP = GDP -- penyusutan;NNP = GNP -- penyusutan;NNP = GNP -- pajak langsung;NNP = GNP -- pajak tidak langsung;c
10;Tujuan dan manfaat mempelajari pendapatan nasional: 1. Membantu dan membuat rencana serta melaksanaakaan pembangunan secara bertahap 2. Mengkaji faktor-faktor yang mempengaruhi tingkat kemajuan perekonomian 3. Membandingkan perekonomian antar negara 4. Membantu merumuskan kebijakan pemerintah 5. Mengetahui dan menelaah struktur perekonomian Yang merupakan manfaat mempelajari pendapatan nasional adalah ...;"1, 2 dan 3";"1, 3 dan 4";"2, 3 dan 4";"3, 4 dan 5";"3, 4 dan 5";D
10;Rumus menghitung pendapatan perkapita adalah ...;Y = C + S;Y = C + I;Y = GDP : populasi;IPC = GDP : populasi;IPC = PI : populasi;d
10;Data pendapatan nasional dan jumlah penduduk negara-negara ASEAN sebagai berikut [data tidak ditampilkan];"Indonesia, Malaysia, Singapura, Thailand, Vietnam";"Malaysia, Singapura, Vietnam, Indonesia, Thailand";"Thailand, Singapura, Vietnam, Indonesia, Malaysia";"Singapura, Thailand, Malaysia, Vietnam, Indonesia";"Singapura, Thailand, Malaysia, Vietnam, Indonesia";D
10;Berikut data sebuah komoditi: [data tidak ditampilkan];"7, 14%";"1,07%";"93,33%";"6,67%";"1,47%";c
10;Kecenderungan naiknya tingkat harga secara umum secara terus menerus sepanjang waktu merupakan pengertian dari ...;Deflasi;Inflasi;Devaluasi;Revaluasi;Fiskal;b
10;Berdasarkan tingkat keparahan inflasi sebesar 30% -- 100% merupakan kategori ...;Inflasi ringan;Inflasi sedang;Inflasi berat;Inflasi sangat berat;Hiperinflasi;c
10;Jenis dan penyebab inflasi: 1. Inflasi tarikan permintaan 2. Inflasi tarikan penawaran 3. Inflasi dorongan biaya 4. Inflasi dorongan input 5. Inflasi struktural 6. Inflasi dalam negeri 7. Inlasi luar negeri Dari data di atas yang termasuk ke dalam faktor-faktor penyebab inflasi adalah ...;"1, 2, 3 dan 4";"2, 3, 4 dan 6";"1, 3, 5 dan 7";"2, 4, 5 dan 6";"3, 4, 5 dan 7";c
10;Permintaan dari masyarakat yang besar tidak dapat dilayani oleh kapasitas produksii sehingga keseimbangan antara permintaan dan penawaran terganggu dan harga neik disebut inflasi ...;Cost push inflation;Demand full inflation;Inported inflation;Supply full inflation;Defisit anggaran;b
10;"Berikut ini merupakan faktor-faktor eksternal yang memengaruhi kebutuhan seseorang, kecuali...";lingkungan hidup;tingkat peradaban;keadaan alam;pendapatan keluarga;pendapatan keluarga;D
10;"Manusia melakukan tindakan ekonomi karena didorong adanya kebutuhan yang harus dipenuhi, merupakan motif ekonomi dalam...";mendapatkan penghargaan;memperoleh kekuasaan;mencari keuntungan atau laba;memenuhi kebutuhan hidup;berbakti kepada sesama;d
10;Ilmu ekonomi berkaitan dengan...;ketidakseimbangan antara faktor-faktor produksi untuk menghasilkan barang/jasa dengan kebutuhan manusia;Ketidakseimbangan pendapatan dan pengeluaran;sejarah bangsa dan kemajuan yang dicapai;perdagangan dan pertanian yang sedang dilakukan oleh masyarakat;kemampuan memproduksi barang dan jasa sesuai dengan kebutuhan manusia;a
10;Kebutuhan yang pemenuhannya setelah kebutuhan primer dapat terpenuhi disebut kebutuhan...;primer;sekunder;tersier;jasmani;rohani;b
10;Inti masalah ekonomi adalah...;kebutuhan manusia yang bisa dipenuhi dengan kerja;kebutuhan manusia dan uang sebagai alat pemuasnya;kebutuhan manusia dan alat pemuas kebutuhan;kebutuhan manusia dalam mencapai kepuasan hidup;kebutuhan manusia dan barang/jasa;c
10;"Salah satu masalah ekonomi adalah how, maksudnya...";cara meningkatkan konsumen;cara meningkatkan pendapatan;cara meningkatkan keuntungan;cara memproduksi barang/jasa;cara memajukan perdagangan;d
10;"Alat pemuas sangat terbatas, tetapi kebutuhan manusia bersifat...";tak terbatas;terbatas;dipengaruhi oleh faktor-faktor produksi;dipengaruhi oleh persediaan barang yang ada;stabil dan relatif;a
10;Kebutuhan manusia yang tidak terbatas terlihat dari...;sifat manusia yang tidak pernah merasa puas;selalu ingin mencari barang dan jasa;selalu memborong barang saat terjadi obral;bersikap hati-hati dalam memenuhi kebutuhan hidupnya;membelanjakan uangnya dengan hemat;b
10;Berikut ini yang termasuk kebutuhan rohani adalah...;pakaian;makanan;perumahan;ceramah agama;ceramah agama;D
10;Motif ekonomi yang mendorong manusia untuk berbuat baik adalah...;memperoleh penghargaan;menguasai sektor ekonomi;agar dihormati;ingin berbuat sosial;ingin berbuat sosial;D
10;Tindakan menghabiskan atau mengurangi nilai guna barang atau jasa yang bertujuan untuk memenuhi berbagai macam kebutuhan adalah...;konsumsi;produksi;distribusi;ekonomi;kewirausahaan;a
10;Kelangkaan memaksa manusia untuk...;melakukan pemborosan;mengeluarkan biaya;membayar untuk mendapatkan barang atau jasa;membuat pilihan;membuat pilihan;D
10;Salah satu penyebab kelangkaan sumber daya alam adalah...;keserakahan manusia sehingga mengeksploitasi alam secara besar-besaran;terbatasnya kemampuan manusia;akibat dari canggihnya teknologi;permintaan kebutuhan manusia yang tidak seimbang dengan ketersediaan barang dan jasa;"faktor alam, dimana suatu saat alam pasti akan musnah";a
10;Kelangkaan sumber daya dilihat dari sudut ekonomi disebabkan oleh faktor...;keterbatasan;banyaknya permintaan;tingginya harga;tingkat konsumsi;biaya peluang;a
10;Benda pemuas kebutuhan yang jumlahnya terbatas serta untuk mendapatkannya diperlukan pengorbanan disebut benda...;bebas;ekonomi;konsumsi;produksi;substitusi;b
10;Benda komplementer adalah benda yang...;telah disediakan alam;pemakaiannya dapat digantikan dengan benda lain;penggunaannya harus dengan benda lain;langsung dapat digunakan untuk memenuhi kebutuhan;memperolehnya dengan pengorbanan;c
10;Oleh karena kompor gas rusak. Ibu Nina terpaksa memasak dengan kompor minyak. Benda pemuas kebutuhan yang digunakan ibu Nina berciri...;komplementer;substitusi;kontradiktif;saling melengkapi;tergantung satu sama lain;b
10;Pengertian kelangkaan dalam ilmu ekonomi adalah...;tidak meratanya pendapatan;tidak semua kebutuhan masyarakat dapat dipenuhi;kebutuhan manusia beraneka ragam;banyak pengangguran;perlu bantuan pemerintah untuk mendistribusikannya;b
10;Proses yang menghasilakn atau menambah nilai guna barang dan jasa disebut...;konsumsi;distribusi;produksi;ekonomi;kewirausahaan;c
10;Tujan pemerintah menguasai cabang-cabang produksi adalah untuk...;menambah kas atau pemasukan negara;memonopoli semua bidang usaha;menguasai pasar;mengusahakan agar cabang produksi yang penting tidak dikuasai pribadi;mengusahakan agar cabang produksi yang penting tidak dikuasai pribadi;D
10;Sistem perekonomian dapat diartikan sebagai...;sistem sosial masyarakat dalam usaha memenuhi kebutuhan hidupnya;sistem kerja bagi lembaga-lembaga ekonomi yang ada dalam suatu negara;sistem produksi barang dan jasa untuk memenuhi kebutuhan manusia;sistem kemasyarakatan dilihat dari usaha sosialnya untuk mencapai kemakmuran;sistem sosial dilihat dari berbagai kegiatan produksi barang dan jasa;d
10;Berlakunya sistem perekonomian suatu negara sangat erat hubungannya dengan...;hukum yang berlaku di negara itu;falsafah yang dianut negera itu;lembaga-lembaga politik yang dijalankan;jawaban a -- da benar semua;jawaban a -- da benar semua;D
10;"Sumber daya alam, tenaga kerja, modal, dan kewirausahaan merupakan faktor-faktor yang memengaruhi...";ekonomi;distribusi;konsumsi;produksi;pembangunan;d
10;Kelebihan dari sistem ekonomi kapitalis adalah...;setiap orang bebas menentukan pilihan dan terjadi pemerataan pendapatan;produksi ditentukan oleh negara dan ekspor/impor diatur oleh negara;setiap orang bebas menentukan pilihan usaha dan terjadi kemajuan teknologi yang cepat;produksi ditentukan oleh negara dan terjadi pemerataan pendapatan;ekspor/impor ditentukan oleh negara dan terjadi kemajuan teknologi yang cepat;c
10;Berikut ini yang bukan merupakan faktor yang memengaruhi adanya perbedaan sistem ekonomi yang dianut tiap negara adalah...;falsafah dan dasar ideologi yang dianut;hubungan negara yang bersangkutan dengan negara lain;situasi dan kondisi masyarakat negara yang bersangkuta;sistem dan struktur sosial dalam suatu kemasyarakatan;mata pencaharian masyarakat pada umumnya negara yang bersangkutan;a
10;Di bawah ini yang tidak termasuk faktor produksi adalah...;sumber daya alam;tenga kerja;piutang;modal;kewirausahaan;c
10;Dua besaran ini memiliki hubungan: jika besaran satu diperbesar 2 kali maka besaran yang lain juga diperbesar 2 kali. Hubungan besaran ini adalah ...;Sebanding;Berbanding terbalik;Berbanding lurus 4 kali;Berbanding terbalik 4 kali;Perkaliannya tetap;a
10;Sebuah jangka sorong memiliki skala nonius sejumlah 20 skala. Pengukuran ketebalan benda dengan jangka sorong tersebut tidak mungkin bernilai ... mm;"20,5";"2,6";"3,18";"12,15";"12,15";D
10;"Pada pengukuran panjang benda diperoleh hasil pengukuran 0,7060 m. Banyaknya angka penting hasil pengukuran tersebut adalah ...";Dua;Tiga;Empat;Lima;Enam;c
10;"Hasil pengukuran panjang dan lebar suatu ubin lantai adalah 12,6 m dan 5,2 m. Menurut aturan angka penting, luas ubin lantai tersebut adalah ... m2";65;"65,5";"65,572";"65,6";66;d
10;"Persamaan P=F/A . Dimana P=tekanan, F=gaya bersatuan Newton, A=luas penampang bersatuan meter persegi (m2). Maka dimensi tekanan P adalah ...";MLT1;ML-1T-2;ML2T-2;ML3T-2;ML2T-1;b
10;Besaran berikut yang dimensinya sama dengan dimensi usaha (W=F.S) adalah ...;Momentum (P=m.v);Impuls (I=F.?t);Daya (P=W/t);Energi potensial (Ep=mgh);Gaya (F=m.a);d
10;Besaran-besaran berikut yang dipengaruhi oleh arahnya adalah ...;Massa;Waktu;Usaha;Jarak;Kelajuan;c
10;"Perahu yang mampu bergerak dengan kecepatan 1,2 m/s bergerak menelusuri sungai searah arusnya. Jika kecepatan arus air saat itu sebesar 0,5 m/s maka resultan vektor tersebut sebesar ...";"0,6 m/s";"0,7 m/s";"1,3 m/s";"1,7 m/s";"2,4 m/s";d
10;"Vektor a=3 satuan, vektor b=4 satuan, dan a+b=5 satuan. Besar sudut yang diapit oleh vektor a dan b adalah ...";900;450;600;1200;1800;a
10;Dua buah gaya yang sama besar 10 N membentuk sudut 1200 satu sama lain. Selisih kedua vektor tersebut adalah ...;0 N;10 N;10?? N;10?? N;20 N;d
10;Berapa resultan dari dua buah vektor yg berhimpit pangkalnya membentuk sudut 600 yang besar vektornya 3 N dan 4 N ...;??7 N;??0 N;??3 N;??2 N;??0 N;a
10;Berapa resultan dari dua buah vektor yg berhimpit pangkalnya membentuk sudut 2700 yang besar vektornya 3 N dan 4 N ...;5 N;6 N;7 N;8 N;10 N;a
10;"Sebuah benda ditarik dengan gaya sebesar 18N. Jika massa benda 4 kg, dan lantai di anggap licin, berapakah percepatan yang di alami benda ...";"3,0 m/s2";"3,5 m/s2";"4,0 m/s2";"4,5 m/s2";"5,0 m/s2";d
10;"Sebuah balok di letakan diatas bidang miring yang kasar. Massa benda 5 kg, g=10 m/s2, dan kemiringan bidangnya 370. Jika fk=0,4 , maka besar percepatan yang di alami balok adalah ... (sin 370=0,6)";"2,4 m/s2";"2,3 m/s2";"2,2 m/s2";"2,1 m/s2";"2,0 m/s2";a
10;"Sebuah balok tergantung dalam sistem diam. Jika berat balok adalah 100N, dan percepatan gravitasi bumi 9,8 m/s2. Berapakah massa balok sesungguhnya ...";10 kg;"10,10 kg";"10,20 kg";"10,30 kg";"10,40 kg";c
10;Berapakah besar gaya yang di alami roket yang sedang meluncur keatas ...;Sebanding dengan gaya dorong;Sebanding dengan massa roket;Terbanding terbalik dengan gaya dorong;Tegak lurus dengan gaya dorong;Sebanding terbalik arah dengan gaya dorong;a
10;Seseorang berdiri didalam lift dalam keadaan seimbang dan sistem diam. Kapan berat orang tersebut lebih berat dari aslinya ...;Saat lift naik;Saat lift turun;Saat lift memiliki muatan listrik;Saat orang tersebut bergelantungan didalam lift;Saat lift tetap diam;a
10;"Seseorang bergerak lurus dengan roller bat(sepatu roda) dengan kecepatan 20 m/s. Saat 5 s, kecepatannya menjadi 25 m/s. Berapakah besar gaya gesek yang menahan roda jika koefisien gesek kinetiknya 0,6. Massa orang tersebut 40 kg ...";6 N;12 N;24 N;36 N;48 N;c
10;Bunyi hukun II Newton adalah ...;Semua gaya yang bekerja sama;Resultan gaya nilainya nol;Besar gaya yang bekerja sebanding dengan percepatan gaya;Gaya yang bekerja (aksi) sama dengan gaya yang diterima (-reaksi);Semua jawaban benar;c
10;Aplikasi hukum III Newton dalam kehidupan sehari-hari yang benar dan sesuai adalah ...;Roket yang meluncur keluar angkasa;Bola yang di tendang oleh pemain;Bangku yang diduduki;Semua jawaban benar;Semua jawaban benar;D
10;Sebuah benda dijatuhkan tanpa kecepatan awal dari ketinggian 7 m di atas tanah. Kecepatan benda pada saat ketinggiannya 2 m dari tanah adalah...;10 m/s;"5,0 m/s";"2,5 m/s";"2,0 m/s";"1,5 m/s";a
10;Berdasarkan grafik hubungan kecepatan v terhadap waktu t disamping maka jarak yang ditempuh benda selama 10 detik adalah...;80 m;62 m;50 m;30 m;18 m;b
10;Gambar di samping adalah grafik v-t dari benda yang melakukan gerakan GLBB. Benda memiliki percepatan negatif pada selang waktu...;0-2 sekon;2-4 sekon;4-6 sekon;6-8 sekon;8-10 sekon;d
10;"Sebuah benda melakukan 24 kali putaran dalam waktu 0,5 menit. Frekuensi benda tersebut adalah...";48 Hz;24 Hz;12 Hz;"0,8 Hz";"0,8 Hz";D
10;"Periode putar suatu benda 0,5 sekon. Kecepatan anguler benda tersebut adalah...";"0,25? rad/s";"0,5? rad/s";? rad/s;4? rad/s;2? rad/s;d
10;"Sebuah mesin penggilingan padi memutar roda A (r=10 cm) yang dihubungkan dengan roda B (r=60 cm). Jika kecepatan sudut roda B 100 rad/s, kecepatan sudut roda A adalah...";60 rad/s;1616 rad/s;166 rad/s;600 rad/s;6 rad/s;d
10;"Sebuah motor listrik memutar roda A (r=10 cm) yang dihubungkan dengan roda B (r=50 cm). Jika kecepatan sudut roda A 200 rad/s, kecepatan sudut roda B adalah...";4 rad/s;10 rad/s;20 rad/s;40 rad/s;56 rad/s;d
10;"Sebuah mobil melewati tikungan jalan mendatar (r=15 m) dengan ?s=0,3 dan g=10 m/s?. Kecepatan maksimum mobil agar tidak slip adalah...";??0 m/s;3 m/s;??0 m/s;4 m/s;??0 m/s;c
10;"Berdasarkan hukum I Newton, jika resultan gaya yang bekerja pada benda sama dengan nol, maka benda yang semula diam akan...";tetap diam;bergerak lurus beraturan;bergerak lurus berubah beraturan;bergerak melingkar;bergerak zigzag kemudian berhenti;a
10;Sebuah benda 8 kg bergerak dengan kecepatan berubah dari 12 m/s menjadi 44 m/s dalam 2 sekon. Resultan gaya yang bekerja adalah...;2 N;8 N;16 N;64 N;128 N;d
10;"Benda 10 kg di bidang datar kasar (?s=0,4, ?k=0,35) ditarik gaya horizontal 30 N. Besar gaya gesek yang bekerja adalah...";20 N;25 N;30 N;35 N;40 N;d
10;Benda 50 kg bergerak 4 m/s membutuhkan gaya perlawanan agar berhenti dalam 10 m adalah...;80 N;40 N;20 N;10 N;"0,8 N";b
10;"Dua gaya 100 N (kiri) dan 300 N (kanan) bekerja pada benda. Agar benda bergerak lurus beraturan, diperlukan gaya ketiga...";200 N ke kiri;200 N ke kanan;400 N ke kiri;400 N ke kanan;500 N ke kanan;a
10;Susunan benda M??9 kg dan M??3 kg (g=10 m/s?). Percepatan sistem adalah...;"2,0 m/s?";"2,5 m/s?";"1,5 m/s?";"1,0 m/s?";"0,5 m/s?";a
10;"Jika benda terletak pada bidang miring, gaya normal pada benda itu...";lebih kecil dari berat benda;sama dengan berat benda;lebih besar dari berat benda;dapat lebih kecil atau lebih besar;dapat sama atau tidak sama dengan berat benda;a
10;Orang 60 kg dalam lift yang bergerak turun dengan a=3 m/s? (g=10 m/s?). Desakan kaki pada lantai lift adalah...;420 N;570 N;600 N;63 N;780 N;a
10;"Mobil melewati tikungan mendatar (r=50 m) dengan ?s=0,45. Kecepatan maksimum agar tidak slip adalah...";30 km/jam;45 km/jam;54 km/jam;60 km/jam;72 km/jam;b
10;Astronaut 72 kg di bulan (g_bulan=1/6 g_bumi). Berat astronaut di bulan adalah...;720 N;360 N;120 N;150 N;75 N;c
10;Diantara kelompok besaran di bawah ini yang termasuk Besaran turunan adalah ...;"Kuat arus, massa, gaya";"Suhu, massa, volume";"Waktu momentum, kecepatan";"Usaha, momentum, kecepatan";"Kecepatan, suhu, jumlah zat";d
10;Besaran yang dimensinya [ML-1T-2] adalah ...;Gaya;Tekanan;Energi;Momentum;Percepatan;b
10;"Sebuah persamaan dinyatakan dengan , dengan x dalam meter dan t dalam sekon. Dimensi dari abc adalah ...";[LT-2];[L3T-2];[L2T-3];[L-3T2];[L-2T-2];a
10;"Panjang sebuah buku 10,75 cm dan lebarnya 6,50 cm. luas buku tersebut menurut aturan angka penting adalah ...";"69,875 cm2";"69,88 cm2";"69,87 cm2";"69,8 cm2";"69,9 cm2";d
10;"Sebuah mobil bergerak dengan kelajuan 36 km/jam. Jika kelajuan tersebut dikonversikan ke satuan internasional (SI), besarnya adalah ...";36 m/s;18 m/s;10 m/s;"3,6 m/s";(1/36) m/s;c
10;Gambar berikut adalah skala yang dutunjukan oleh jangka sorong ketika digunakan untuk mengukur tebal sebuah buku. Tebal buku tersebut adalah ...;"5,35 cm";"5,30 cm";"5,05 cm";"5,03 cm";"5,00 cm";d
10;Suatu aspek pengukuran yang menyatakan ukuran minimal yang masih dapat dideteksi oleh alat ukur tersebut adalah ...;Ketepatan;Kepekaan;Ketelitian;Presisi;Akurasi;b
10;Hasil pengukuran massa benda di bawah ini yang memiliki ketelitian paling tinggi adalah ...;"(7,3 + 0,01)kg";"(2,5 + 0,01)kg";"(5,2 + 0,02)kg";"(3,8 + 0,02)kg";"(4,4 + 0,03)kg";a
10;Pengukuran dengan nikrometer sekrup berikut menunjukan hasil pembacaan ...;"3,99mm";"2,48mm";"2,04mm";"1,98mm";"1,42mm";b
10;"Segitiga ABC dengan AB = 3,5 cm, BC = 6,42 cm dan AC = 5,50 cm. keliling segitiga berdasar kan angka penting adalah ...";"15,42 cm";"15,426 cm";"15,43 cm";"15,4 cm";"15,5 cm";c
10;Banyaknya angka yang dapat dilaporkan dalam pengukuran berulang ditentukan oleh ...;Ketidakpastian relatif;Ketidakpastian mutlak;Ketelitian alat ukur;? x skala terkecil;Skala terkecil alat ukur;b
10;Besaran berikut yang termasuk besaran skalar adalah ...;Momentum;Jarak;Perpindahan;Usaha;Gaya;b
10;"Resultan dari penjumlahan dua buah vektor yang sama besarnya satuan. Jika kedua vektor tersebut membentuk sudut 60o, nilai masing-masing vektor tersebut adalah ...";5 satuan;4 satuan;3 satuan;2 satuan;1 satuan;a
10;"Pada gambar Fy= komponen gaya pada komponen sumbu Y, jika Fy = 2N, komponen gaya pada sumbu X adalah ...";4N;2 N;2 N;2N;1N;b
10;Suatu vektor gaya F = 20 N bersudut 60o terhadap sumbu X. besarnya komponen vektor pada sumbu Y adalah ...;10 N;20N;10;30N;60N;a
10;"Jika besarnya resultan dan selisih kedua vektor sama, maka besarnya sudut apit kedua vektor adalah ...";60o;45o;37o;30o;0o;a
10;"Sebuah vektor 12N diuraikan menjadi dua buah vektor yang saling tegak lurus. Jika vektor itu membentuk sudut 30o dengan sumbu X, besarnya masing-masing hasil peruraian pada sumbu X dan sumbu Y adalah ...";6 N dan 6N;6 dan 6 N;3N dan 6 N;3N dan 3 N;3N dan 3 N;b
10;"Vektor F1, F2 dan F3 bertitik tangkap di (0,0) seperti gambar. Jika masing-masing vektor F besarnya 10N, besar resultan ketiga vektor tersebut adalah ...";0N;5N;20N;25N;30N;c
10;"Perhatikan gambar di bawah ini! Jika 1 skala pada gambar diatas menggambarkan vektor gaya 1 N, maka nilai dari resultan gaya-gaya yang bekerja pada titik tersebut adalah ...";3N;4N;5N;6N;7N;c
10;"Dari soal nomor 25, penjumlahan kedua vektor tersebut adalah ...";7i + 5j;7i + j;7i -- j;i -- j;i + j;b
10;besar vektor A = 10 satuan dan vektor B = 15 satuan. Sudut apit antara vektor A dan vektor B adalah 60o. besar A . B adalah ...;25 satuan;75 satuan;75 satuan;75 satuan;150 satuan;b
10;Sebuah mobil massanya 750 kg bergerak dengan kecepatan 15 m/s. Berapa momentum mobil tersebut...kg m/s;11250;40500;1125;112500;405000;a
10;"Sebuah bola yang massanya 2 kg, mula-mula dalam keadaan diam kemudian dipukul dengan tongkat. Setelah dipukul kecepatan bola 15 m/s. Berapakah impuls dari pemukulan bola tersebut...Ns";15;30;45;60;75;b
10;Bunyi hukum kekekalan momentum adalah...;Jumlah momentum sebelum dan sesudah tumbukan adalah tetap;Jumlah momentum sebelum dan sesudah tumbukan adalah selalu berkurang;Jumlah momentum sebelum dan sesudah tumbukan adalah selalu bertambah;Momentum sebelum tumbukan selalu berkurang;Momentum sesudah tumbukan selalu bertambah;a
10;Persamaan matematis hukum kekekalan momentum adalah...;m1V1 + m2V2 = m1V1` + m2V2`;m1V1 + m2V2 = m1V1` -- m2V2`;m1V1 -- m2V2 = m1V1` + m2V2`;m1V1` + m2V2 = m1V1 -- m2V2`;m1V1 + m2V2` = m1V1` + m2V2;a
10;"Sebuah peluru bermassa 0,02 kg ditembakkan horizontal dengan kecepatan 250 m/s dari sebuah senapan bermassa 2 kg. Kecepatan senapan mendorong bahu penembak ialah...m/s";--;1;--;3;4;d
10;"Seorang nelayan naik perahu yang bergerak dengan kecepatan 4 m/s. Massa perahu dan nelayan masing-masing 200 kg dan 50 kg. Pada suatu saat, nelayan tadi meloncat dari perahu dengan kecepatan 8 m/s. Tentukan kecepatan perahu saat orang tadi meloncat jika arah loncatannya searah dengan arah gerak perahu...m/s";1;2;3;4;5;b
10;"Masih menurut soal no. 7, Tentukan kecepatan perahu saat nelayan tadi meloncat jika arah loncatannya berlawanan dengan arah gerak perahu...m/s";2;4;6;7;8;d
10;Nilai koefisien restitusi (e) untuk tumbukan lenting sempurna adalah...;e = 1;e = 0;0 < e < 1;"e = 0,5";0 ??e ??1;a
10;Pada tumbukan lenting sebagian berlaku hukum kekekalan ...;Momentum dan energi kinetik;Momentum dan energi potensial;Energi kinetik;Momentum;Momentum;D
10;Pada tumbukan tidak lenting sama sekali berlaku hukum kekekalan...;Momentum dan energi kinetik;Momentum;Energi kinetik;Momentum dan energi potensial;Energi potensial;b
10;Nilai koefisien restitusi (e) untuk tumbukan tidak lenting sama sekali adalah...;0 ??e ??1;0 < e < 1;e = 0;"e = 0,5";e = 1;c
10;"Jika terjadi tumbukan tidak lenting sama sekali, maka besarnya kecepatan dua buah benda setelah tumbukan (V1` dan V2`) adalah ...";V1` = V2`;V1`< V2`;V1`??V2`;V1` > V2`;V1` ??V2`;a
10;Persamaan matematis koefisien restitusi yang berlaku pada jenis-jenis tumbukan adalah...;e = --;e = --;e = --;e = --;e = ;a
10;"Sebuah bola dijatuhkan dari ketinggian 4 m diatas sebuah lantai lalu memantul setinggi 0,25 m. Hitung koefisien restitusi (e) antara bola dan lantai...";"0,2";"0,22";"0,23";"0,25";"0,25";D
10;Sebuah benda yang massanya 2 kg bergerak ke kanan dengan kecepatan 10 m/s menuju benda lain bermassa 2 kg yang bergerak ke kiri dengan kecepatan 20 m/s. Tentukan kecepatan akhir kedua benda bila tumbukannya tak lenting sama sekali...m/s;-1;-2;-3;-5;-5;D
10;"Sebuah peluru senapan angin yang massanya 0,01kg ditembakan dengan kecepatan 600 m/s mengenai balok yang massanya 1,49 kg yang tergantung pada seutas tali panjang. Peluru melekat pada balok tersebut. Berapakah kecepatan balok saat peluru masuk kedalamnya...m/s";1;2;4;6;8;c
10;"Cara memasukan data spasial ke dalam SIG dapat dilakukan melalui dua cara, salah satunya adalah...";data input;digitasi;tabulasi;konversi;anotasi;b
10;Jika data berbentuk grafis maka data tersebut berasal dari...;peta analog;hasil sensus;survey dilapangan;sistem radar;statistik;a
10;Waktu yang digunakan dalam SIG sebagian besar untuk...;analisis dan penayangan data;memasukan dan mengubah data;pengolahan data yang perlu;memanipulasi data;menyimpan analisis data;b
10;Sebelum data diproses maka dilakukan...;penggolongan data;input data;pendekatan data tabular;memanipulasi data;penyimpanan data;b
10;Data digital lebih menguntungkan daripada peta karena...;jumlah data lebih banyak;digunakan untuk pengolahan data dasar;digunakan untuk data spasial;dapat digandakan;ukuran sesuai dengan kenyataan;b
10;"Data grafis yang mengidentifikasikan kenampakan lokasi geografi berupa titik, garis, dan poligon disebut...";layar monitor;data tabuler;data digital;data spasial;data output;d
10;Dalam SIG diperlukan penilaian yang cermat dengan tujuan agar...;hasilnya cepat dan efisien;hasilnya tepat dan akurat;hasilnya mudah dipahami;dapat ditayangkan;memperoleh informasi spasial;b
10;"Dalam inventarisasi sumber daya alam (SDA) perlu adanya data spasial yang cepat, tepat, dan akurat dengan tujuan agar...";pemanfaatan sumber daya alam dapat optimal;terciptanya wahana pembangunan yang terpadu;sumber daya alam yang tersebar secara merata;terciptanya tata ruang yang serba guna;penghematan sumber daya alam yang tersedia;a
10;"SIG sudah hadir sebelum adanya teknologi computer. Dengan hadirnya teknologi komputer akan menjadi pilihan banyak orang karena mempunyai kelebihan dalam menangani informasi, yaitu...";cepat dan akurat;cepat dan konkret;lambat dan mudah;cepat dan mudah;akurat dan mudah;a
10;Data yang berasal dari pengindraan jauh adalah berupa...;peta;citra;tabel;grafik;luasan;b
10;"Dalam sebuah penelitian, data yang bersifat angka disebut...";data kualifikasi;data kuantitatif;data primer;data sekunder;data kualititatif;b
10;Pakar yang mengemukakan analisis domain dalam proses analisis data penelitiannya adalah...;Miles;Huberman;Spradley;Burton;Bintarto;c
10;"Jurnal yang diterbitkan oleh Fakultas Geografi Universitas Gadjah Mada, yaitu...";Bumi Indonesia;GEA;Jurnal Geografi;Geogama;Geofact;a
10;Alat pembuktian hipotesis serta pencapaian tujuan penelitian adalah...;angket;foto udara;data;arsip;surat kabar;c
10;"Data yang diperoleh dari instansi-instansi atau lembaga-lembaga, perpustakaan yang digunakan sebagai pelengkap dalam penelitian adalah...";data primer;data pelengkap;data sekunder;data tersier;angket;c
10;"Cara dan teknik pengumpulan data dengan melakukan pengamatan dan pencatatan terhadap objek penelitian, yaitu...";wawancara;observasi;angket;observer;responden;b
10;Orang yang melakukan prosesi pengumpulan data dengan melakukan pengamatan terhadap fenomena yang ada pada objek penelitian dinamakan...;interview;pewawancara;responden;observer;narasumber;d
10;"Proses pengklasifikasian jawaban dari para responden menurut jenisnya, yaitu...";interprestasi;tabulating;editing;coding;classifying;d
10;"Data yang direkam pada computer compatitable tape, disebut...";data numerik;data primer;citra foto;data sekunder;data observasi;a
10;Berikut ini yang bukan bagian dari analisis statistic adalah...;analisis korelasi;analisis regresi;analisis produksi;analisis varian;analisis vaktor;c
10;Jarak dari rumah Romi ke sekolah adalah 8 km. Jika Romi ingin memetakan dengan skala 1:500.000 maka jarak dari rumah ke sekolah pada peta adalah...;"0,625 cm";"0,16 cm";"1,6 cm";"6,16 cm";16 cm;c
10;Gambaran permukaan bumi pada bidang datar yang digambarkan dengan menggunakan skala dan dilengkapi dengan tulisan serta simbol merupakan pengertian dari...;peta;globe;atlas;relief muka bumi;proyeksi peta;a
10;Gambaran pada peta yang menunjukan lokasi daerah yang dipetakan terhadap daerah di sekitarnya yang lebih luas disebut...;Judul peta;inset peta;sumber peta;legenda peta;simbol peta;b
10;"Berdasarkan jenis kamera, yang dimaksud dengan citra foto tunggal adalah...";"foto yang di buat langsung jadi, tidak dapat diperbanyak";foto yang dibuat dengan sekali pemotretan;foto yang dibuat pada waktu yang sama;foto yang dibuat dengan kamera tunggal;citra nonfoto dengan sensor tunggal;d
10;Alat yang digunakan untuk membaca ataun menginterprestasikan foto udara disebut...;teleskop;stereoskop;lup;mikroskop;stetoskop;b
10;Foto udara dan foto satelit adalah pengelompokan foto udara berdasarkan...;sistem wahana;sumbu kamera;warna yang digunakan;jenis kameranya;warna foto;a
10;"Ruang lingkup kajian geografi menurut Rhoads Murphy dalam The Scope of Geography, kecuali...";interaksi antara lingkungan fisik alam dan manusia;lingkungan fisik alam dan keruangan;kerangka regional dan analisis wilayah yang berciri khusus;aspek keruangan dan pemanfaatannya bagi tempat hidup manusia;persebaran dan ketertarikan manusia di bumi;b
10;"Untuk mengetahui proses terjadinya fenomena alam, analisis geografi dapat dilakukan dengan mengajukan pertanyaan...";what;when;where;how;how;D
10;Dalam objek geografi formal terdapat pertanyaan tentang "how many/how much". Pertanyaan tersebut berkaitan dengan...;waktu peristiwa;subjek dari peristiwa;ukuran dari objek geografi;tempat atau lokasi peristiwa;sebab-sebab terjadinya suatu peristiwa;c
10;Gejala geografi dalam kehidupan sehari-hari yang sangat membantu para nelayan tradisional adalah...;angin;awan;kabut;vulkanisme;gempa bumi;a
10;Proses penguapan air menjadi kristal-kristal disebut ...;Transpirasi;Presipitasi;Kondensasi;Sublimasi;Sublimasi;D
10;Bagian permukaan bumi yang airnya mengalir ke dalam suatu sungai induk apabila terjadi hujan disebut ... sungai.;Siklus;Dataran banjir;Bantaran;Daerah aliran;Alur;d
10;"Di bawah ini yang merupakan ciri khas daerah hilir sungai, yaitu ...";Ada meander;Arusnya deras;Banyak ditemui air terjun;Ada oxbow lake;Dijumpai delta;a
10;"Pola aliran pada suatu kawah yang pola alirannya menunju ke pusat depresi, yaitu pola aliran sungai ...";Radial centrifugal;Radial centripetal;dendritik;Rectanguler;Trellis;b
10;Pola aliran sungai yang mirip akar tanaman disebut ...;Radial centrifugal;Radial centripetal;dendritik;Rectanguler;Trellis;c
10;"Menurut sumber airnya, sungai di Indonesia umumnya termasuk sungai ...";Salju;Glacial;Gletser;Hujan;Hujan;D
10;"Danau Poso, Danau Singkarak, dan Danau Maninjau, menurut terjadinya termasuk danau ...";Tektonik;Vulkanik;Dolina;Alamia tektovulkanik;#;a
10;Faktor utama yang memengaruhi proses siklus hidrologi adalah ...;Volume air;Kondisi tanah;Panas matahari;Garavitasi bulan;Drainase tanah;c
10;Proses perubahan wujud uap air menjadi air akibat pendinginan disebut ...;Transpirasi;Kondensasi;Infiltrasi;Adveksi;Sublimasi;b
10;Peristiwa perembasan air ke dalam tanah melalui pori-pori tanah disebut ...;Transpirasi;Kondensasi;Infiltrasi;Adveksi;Sublimasi;c
10;Sungai yang alirannya sejajar dengan arah antiklinal dinamakan sungai;Obsequent;Superimposed;Consequent longitudinal;Subequent;Consequent lateral;c
10;Pola aliran sungai pada daerah yang memiliki struktur patahan berbentuk ...;Radial centrifugal;Radial centripetal;Rectangular;Annular;Dendritik;c
10;Danau Toba menurut terbentuknya termasuk danau ...;Tektonik;Vulkanik;Tektovulkanik;Alami;Karst;c
10;Danau Kalimutu dan Danau Kelud menurut terbentuknya termasuk danau ...;Tektonik;Vulkanik;Tektovulkanik;Alami;Karst;b
10;Lahan basah yang selalu tergenang air dengan jenis tumbuhan yang hidup disebut ...;Swamp;Marsh;Bog;Danau;Rawa pasang surut;a
10;"Berikut ini faktor-faktor yang memengaruhi pembentukan tanah, kecuali ...";Iklim;Bahan induk;Topografi;Air;Air;D
10;Tanah yang terjadi dari pelapukan batuan yang mengandung kuarsa pada iklim basah disebut ...;Lisol;Regosol;Podzolit;Organosol;Kapur;c
10;Tanah yang terjadi dari bahan induk organik disebut ...;Lisol;Regosol;Podzolit;Organosol;Kapur;d
10;Tanah yang sangat subur dan umumnya berwarna hitam adalah tanah ...;Laterit;Humus;Litosol;Organosol;Alluvial;b
10;Penambang vertikal tubuh tanah disebut ...;zontal tanah;Genesa;Profil tanah;Top soil;Regolith;c
10;Lapisan tanah atas disebut ...;Horizontal tanah;Genesa;Profil tanah;Top soil;Regolith;d
10;Tekstur tanah yang ideal untuk membuat kerajinan keramik adalah ...;Clay;Loam;Crumb;Silty;Sand;a
10;Usaha pergantian jenis tamanan supaya tanah tidak kehabisan unsur hara disebut ...;Crop rotation;Contour farming;Terasering;Reboisasi;Contour plowing;a
10;Kelas kemampuan lahan tanpa pengawetan khusus adalah kelas ...;I;II;III;IV;V;a
10;"Tanah dengan kemiringan 15-25%, lapisannya tipis, termasuk kelas kemampuan lahan ...";I;III;V;VI;VII;b
10;Lapisan di permukaan bumi yang mendukung kehidupan organisme adalah ...;biosfer;biocycle;manusia;biochore;ekosistem;a
10;Berikut ini yang bukan termasuk jenis-jenis hutan berdasarkan tujuan dan kegunaannya adalah ...;hutan rekreasi;hutan heterogen;hutan lindung;hutan suaka alam;hutan produksi;b
10;Berikut ini yang bukan termasuk jenis-jenis hutan ditinjau dari tempat tumbuhnya adalah ...;hutan payau;hutan dataran rendah;hutan pegunungan;hutan rawa;hutan lereng;a
10;Padang rumput yang diselingi oleh pohon-pohon yang agak tinggi dan menyebar disebut ...;hutan;gurun;stepa;sabana;tundra;d
10;Berikut ini yang bukan merupakan tujuan yang ingin dicapai dengan peningkatan penanaman pohon jadi di Indonesia adalah ...;terbentuknya industri mabel/furniture;meningkatkan harga kayu di luar negeri;untuk mengatur tata air;tersedianya kayu bangunan dalam jumlah yang cukup;"kesuburan tanah dapat dipertahankan, serta ditingkatkan";d
10;Faktor-faktor biotik yang memengaruhi kehidupan di muka bumi adalah ...;"angin, temperatur, dan tekanan";"cuaca, iklim, dan tanah";"tanah, iklim, dan relief";"flora, fauna, dan manusia";"manusia, tanah, dan iklim";d
10;Salah satu manfaat tidak langsung dari hutan adalah ...;menyediakan bahan industri kertas;menghasilkan getah;memberikan berbagai jenis tanaman rias;mengatur tata air;mengatur tata air;D
10;Faktor-faktor fisik yang memengaruhi kehidupan di muka bumi adalah ...;"tanah, relief, dan fauna";"relief, iklim, dan vegetasi";"biocycle, angin, dan suhu";"iklim, tanah, dan relief";"tekanan udara, tumbuhan, dan kelembapan";d
10;Berikut yang bukan termasuk faktor-faktor yang memengaruhi kehidupan di muka bumi adalah ...;relief;amplitudo;kelembapan;tanah;angin;b
10;Berikut ini adalah hewan yang tidak hidup di Indonesia bagian barat adalah ...;anoa;gajah;badak;harimau;siamang;a
10;"Tumbuhan yang tumbuh di hutan hujan tropis yang menjalar dan membelit pada pohon, banyak terdapat di hutan Indonesia adalah ...";damar;rotan;efifit;parasit;saprofit;b
10;Negara-negara berikut ini yang tidak memiliki hutan musim adalah ...;Indonesia;Myanmar;Mongolia;India;Amerika Tengah;a
10;Padang rumput di bawah ini yang tidak memiliki hutan musim adalah ...;sabana;stepa;taiga;tundra;mangrove;a
10;Berdasarkan pembagian wilayah fauna di Indonesia bagian barat termasuk di wilayah ...;paleartik;neartik;neotropik;oriental;australis;d
10;Salah satu cari khas dari vegetasi bumi adalah ...;tumbuhannya selalu hijau sepanjang tahun;tumbuhannya kecil-kecil dan pendek-pendek;akarnya panjang dan menjalar;pada musim kemarau daunnya meranggas;pada musim kemarau daunnya meranggas;D
10;Berikut ini yang dimaksud dengan populasi adalah ...;kumpulan organisme yang saling berinteraksi;kumpulan individu sejenis yang hidup bersama di suatu wilayah;tempat hidup yang khas suatu organisme;kumpulan berbagai organisme yang hidup bersama;suatu kesatuan komponen biotik dan abiotik yang saling berinteraksi;b
10;"Ikan hidupnya di air, manusia hidup di daratan, harimau hidup di hutan. Fenomena seperti ini merupakan contoh dari ...";populasi;ekosistem;habitat;ekonomi;biosfer;c
10;Negara yang memiliki hutan hujan tropis terluas di dunia adalah ...;Amerika Serikat;Rusia;Indonesia;Brasil;Brasil;D
10;Hutan mangrove banyak dibudidayakan di pantai barat Sumatra dan pantai selatan Kalimantan. Hal ini disebebkan karena ...;berfungsi untuk manahan abrasi laut;wilayah-wilayah tersebut cocok untuk budidaya;lahan pantainya sangat subur;kayunya digunakan untuk membuat kapal;kayunya dimanfaatkan karena kualitas tinggi;a
10;Pada kawasan hutan hujan tropis sering dijumpai adanya tanaman-tanaman yang merambat dan menumpang. Jenis tanaman menumpang seperti anggrek disebut ...;dikotil;saprofit;monokotil;benalu;benalu;D
10;Kehidupan di muka bumi yang menempati suatu lapisan dalam atmosfer disebut ...;komunitas;lingkungan;biosfer;ekosistem;populasi;d
10;Kumpulan populasi yang hidup pada suatu tempat atau wilayah tertentu adalah ...;komunitas;ekosistem;populasi;ekologi;habitat;a
10;"Kawasan hutan yang memiliki suhu dan kelembapan yang tinggi, hijau sepanjang tahun, pohon-pohonnya besar dan tinggi, tumbuhan semak-semak banyak terdapat di bawah pohonnya, serta terdapat tumbuhan merambat merupakan kawasan ...";musim;mangrove;sabana;hujan tropis;hujan tropis;D
10;Hutan yang terdiri atas hutan dengan jenis pohon yang selalu hijau disebut ...;hutan hujan daerah tropis;hutan hujan tropis;hutan sabana;hutan kayu keras;hutan musim;a
10;Suatu padang rumput yang diselingi oleh pohon-pohon yang agak tinggi dan menyebar adalah ...;stepa;prairie;sabana;taiga;tundra;c
10;Hutan yang terdapat di daerah yang memiliki musim kemarau lebih panjang daripada musim penghujan disebut ...;hutan bakau;hutan sabana;hutan musim;hutan hujan tropis;padang lumut;b
10;"Padang rumput yang luas di daerah sedang, diselingi oleh pohon-pohon atau semak-semak belukar adalah ...";sabana;stepa;taiga;tundra;mangrove;a
10;Padang rumput yang luas tanpa diselingi oleh pepohonan disebut ...;tundra;taiga;mangrove;stepa;sabana;d
10;Berikut ini yang merupakan daerah persebaran biama hutan gugur adalah ...;Afrika Selatan;Asia Timur;Australia;Eropa;Benua Amerika;a
10;"Di daerah padang pasir banyak ditemukan berbagai macam jenis tanaman xerofit, diantaranya ...";pinus;kaktus;lumut;kelapa;cemara;b
10;Sekelompok individu dari spesies yang sama disebut ...;individu;populasi;komunitas;ekosistem;lingkungan hidup;b
10;"Perbedaan persebaran flora di muka bumi antara satu tempat dan tempat lainnya disebabkan oleh perbedaan fisik, anatara lain ...";keadaan iklim dan jenis tanah;asal mula jenis tanaman;lapisan atmosfer paling bawah;penduduk yang bertempat tinggal;kegiatan ekonomi penduduk;a
10;Jenis tumbuhan yang hidup di daerah laut dalam yang tidak dapat ditembus sinar matahari adalah ...;fitoplankton;rumput laut;lumut laut;tratai dan eceng gondok;tratai dan eceng gondok;D
10;Berikut ini yang tidak termasuk dalam pengelompokkan persebaran flora di Indonesia berdasarkan perbedaan iklim adalah ...;hutan hujan tropis;hutan musim;hutan sabana;hutan rawa;hutan bakau;d
10;Berikut ini yang bukan penyebab kepunahan hewan adalah ...;perubahan habitat;ketersediaan makanan tidak mancukupi;perubahan suhu;perburuan liar;rusaknya lingkungan hidupnya;c
10;Berikut ini merupakan angka dari interval penduduk yang benar adalah ...;0-4 tahun;1-5 tahun;0-9 tahun;0-14 tahun;1-21 tahun;a
10;"Pertumbuhan penduduk berjalan perlahan-lahan, yang ditandai dengan tingkat kelahiran tinggi, serta tingkat kematian tinggi, merupakan pertumbuhan penduduk pada periode ...";pertama;kedua;ketiga;keempat;kelima;a
10;Piramida penduduk negara sedang berkembang tergolong usia ...;muda;dewasa;stasioner;tua;lanjut;a
10;Berikut ini yang merupakan akibat dari urbanisasi untuk desa adalah ...;terjadinya ketagangan sosial;demoralisasi;tumbuhnya slum area;peralihan modal dari desa ke kota;peningkatan tenaga kerja tak terdidik;d
10;Berikut ini masalah kependudukan yang dialami Indonesia adalah ...;jumlah kelahiran yang menurun;pertambahan penduduk yang konstan;penyebaran penduduk yang tidak merata;masalah komposisi umur;tersedianya lapangan pekerjaan;c
10;Pertumbuhan penduduk yang besar telah menghambat usaha untuk meningkatkan kemakmuran penduduk. Hal tersebut merupakan masalah kependudukan pada bidang ...;kesehatan;pekerjaan;pangan;kesejahteraan;pendidikan;d
10;Pertumbuhan penduduk alami (natural increase) dapat diketahui dengan menggunakan rumus ...;Pn = Po + (L - M);Pn = Po - (L - M);Pn = Po - (L + M);Pn = Po x (L - M);Pn = Po - (L + M);a
10;"Negera X diketahui memiliki jumlah penduduk usia 0-14 tahun sebanyak 1.000.000, jumlah pendudukusia 65 ke atas 600.000, jumlah penduduk usia 15-64 tahun adalah 2.000.000, berarti angka ketergantungannya adalah ...";8;80;30;800;50;b
10;"Komposisi yang menggambarkan jumlah pria dan wanita, serta komposisi umur dari penduduk, merupakan komposisi penduduk berdasarkan ...";jenis kelamin dan umur;mata pencaharian;angkatan kerja;penyebaran;densitas;a
10;Salah satu masalah kependudukan yang dialami Indonesia adalah pertambahan penduduk yang tinggi dibandingkan dengan negara-negara lain. Dapat dikatakan pertambahan penduduktinggi karena persentase pertumbuhan penduduk per tahun adalah ...;< 1%;> 2%;< 2%;1-2%;2%;b
10;"Penggolongan penduduk menurut umur, jenis kelamin, mata pencaharian, agama, dan tempat tinggal disebut ...";densitas penduduk;mobilitas penduduk;komposisi penduduk;piramida penduduk;sensus penduduk;c
10;Berikut ini yang termasuk kelompok usia belum produktif ialah ...;0-14 tahun;10-20 tahun;15-30 tahun;30-40 tahun;30-60 tahun;a
10;"Berikut ini merupakan kegunaan piramida penduduk, kecuali ...";mengetahui golongan usia produktif;mengetahui golongan usia nonproduktif;mengetahui luas wilayah suatu negara;mengetahui jumlah penduduk laki-laki dan perempuan;mengetahui pertumbuhan atau pengurangan penduduk pada suatu negara;c
10;Perhitungan penduduk dengan jalan mencatat penduduk atau orang-orang yang benar-benar tinggal di daerah tersebut adalah jenis sensus ...;de jure;de facto;house holder;registrasi;canvasser;a
10;Bentuk piramida penduduk yang tepat untuk menggambarkan keadaan penduduk Indonesia adalah bentuk ...;piramida penduduk tua;piramida penduduk kerucut;piramida penduduk batu nisan;piramida penduduk granat;piramida peralihan;b
10;Piramida penduduk dengan alas yang lebar menujukkan ...;penduduk laki-laki lebih banyak;penduduk wanita lebih banyak;sebagian besar penduduk berusia muda;sebagian besar penduduk beusia tua;sebagian penduduk berusia seimbang;c
10;Salah satu masalah kependudukan di Indonesia adalah ...;meningkatnya mutu pendidikan;meningkatnya kesejahteraan penduduk;meningkatnya lulusan perguruan tinggi;penyebaran penduduk yang tidak merata;berhasilnya program keluarga berencana;d
10;Pencatatan mengenai data ke pendudukan yang dilaksanakan secara terus-menerus oleh pemerintah daerah disebut ...;cacah penduduk;survei penduduk;registrasi penduduk;angket;canvasser;d
10;Banyaknya penduduk yang menempati wilayah tiap 1 km2 dengan tidak memperhitungkan kualitas wilayah disebut ...;densitas agraris;sex ratio;densitas aritmatik;rasio ketergantungan;densitas neto;c
10;Piramida penduduk yang di tandai dengan angka natalitas dan mortalitas relatif seimbang ialah ...;piramida penduduk muda;piramida penduduk tua;piramida penduduk kemunduran;piramida penduduk stasioner;piramida penduduk alami;d
10;Berikut ini yang bukan faktor-faktor pendorong fertilitas adalah ...;perkawinan usia muda;makan tidak makan asal kumpul;berperilaku (moral) yang restrain;anggapan banyak anak banyak rezeki;anak laki-laki menjadi kebanggaan dalam keluarga;c
10;Berikut ini yang bukan faktor-faktor yang menyebabkan Pulau Jawa dan Madura menjadi tempat pemusatan penduduk adalah ...;faktor ekonomis;faktor historis;faktor geografi;faktor luasnya lahan yang tersedia;faktor luasnya lahan yang tersedia;D
10;Dengan diketahuinya angka ketergantungan maka dapat digunakan untuk mengetahui ...;persebaran penduduk;perbandingan penduduk pria dan wanita;perbandingan usia penduduk;laju pertumbuhan penduduk;kemakmuran suatu daerah;c
10;Angka yang menunjukkan jumlah rata-rata penduduk per km2 pada suatu wilayah atau negara disebut ...;survei penduduk;densitas penduduk;persebaran penduduk;migrasi penduduk;mobilitas penduduk;b
10;"Berikut ini merupakan dampak negatif dari arus urbanisasi yang tak terkendali, kecuali ...";meningkatnya kriminalitas;meningkatnya biaya sewa rumah;terciptanya perumahan kumuh;meningkatnya kualitas penduduk;kesehatan lingkungan menurun;d
10;Persamaan dalam perhitungan angka kelahiran dengan angka kematian dihitung dari ...;besarnya jumlah penduduk;setiap 100 orang penduduk;setiap 1.000 orang penduduk;setiap penduduk usia muda;setiap penduduk usia tua;c
10;"Semacam sensus penduduk yang mencatat jumlah penduduk, misalnya penduduk yang berstatus guru, petani, dan pelajar disebut ...";survei penduduk;sensus penduduk;registrasi penduduk;estimasi penduduk;pencacahan penduduk;b
10;Orang yang menyatakan atau mengemukakan pertama kali mengenai teori penduduk adalah ...;S. Feart;Corado Gini;Herbert Spencer;Thomas Robert Malthus;Thomas Robert Malthus;D
10;"Jika pertengahan tahun 1998 di negara X jumlah penduduk 60.000 jiwa dan jumlah bayi yang lahir 1.200 bayi, banyaknya tingkat kelahiran adalah ...";20 jiwa;30 jiwa;40 jiwa;50 jiwa;60 jiwa;a
10;"Di sebuah kabupaten terdapat 500.000 jiwa dan luas wilayah kabupaten tersebut adalah 2.000 km2, kepadatan penduduk kabupaten tersebut adalah ...";150 jiwa/km2;200 jiwa/km2;250 jiwa/km2;350 jiwa/km2;400 jiwa/km2;c
10;Berikut ini merupakan salah satu faktor penghambat natalitas adalah ...;perkawinan usia muda;UU perkawinan No. 1 Tahun 1974;angka kematian bayi;anggapan bahwa anak sebagai penerus status sosial;anggapan banyak anak banyak rezeki;b
10;Grafik penduduk menurut umur dan jenis kelamin pada waktu tertentu disebut ...;komposisi penduduk;densitas penduduk;sensus penduduk;piramida penduduk;kepadatan penduduk;d
10;Pengertian dependency ratio adalah angka menunjukkan ...;jumlah usia kerja;usia tua;jumlah penduduk usia produktif;jumlah penduduk yang menjadi beban bagi penduduk produktif dalam hal ekonomi;jumlah penduduk yang menjadi beban bagi penduduk produktif dalam hal ekonomi;D
10;Transmigrasi yang dilaksanakan atas kemauan atau kehendak sendiri dengan biaya sendiri disebut transmigrasi ...;umum;spontan;swakarya;sektoral;bedol rasa;b
10;Besar kecilnya rasio ketergantungan berkaitan erat dengan susunan penduduk di suatu negara berdasarkan ...;umur;tempat tinggal;mata pencaharian;tingkat pendidikan;tingkat pendapatan;a
10;"Tempat tinggal, lahan pertanian, dan tempat bermain termasuk ke dalam sumber daya alam ...";materi;waktu;hayat;ruang;energi;d
10;Sumber daya alam dapat dilakukan pembaharuan dengan cara ...;daur ulang;reproduksi siklus;pengawetan;penghematan;regenerasi;b
10;Contoh sumber daya alam energi adalah ...;"mineral magnetit, hematit, dan limonit";air;"minyak bumi dan gas alam, batu bara dan sinar matahari";tumbuhan;tempat tinggal;c
10;Aktivitas manusia yang dapat menurunkan kualitas dan kuantitas sumber daya alam adalah ...;pembalakan hutan;penghematan BBM;budi daya pertanian;pelestarian hutan;penangkaran hutan;a
10;Contoh sumber daya alam yang tidak dapat diperbahui adalah ...;tumbuhan;tanah;udara;barang tambang;barang tambang;D
10;"Sumber daya alam yang tidak cepat habis, namun tidak dapat diperbahui adalah ...";hewan ternak;tanaman perkebunan;intan dan permata;bensin dan gas alam;udara;c
10;Gas alam mengandung unsur ...;metan dan etan;propan dan hidrogen;propan dan oksigen;butan dan oksigen;metan dan oksigen;a
10;Organisasi negara-negara pengekspor minyak dunia adalah;APEG;ASEAN;ILO;OPEC;OPEC;D
10;Daerah penghasil pasir besi di Indonesia adalah ...;Ombilin;Kalimantan Barat;Cilacap;Bukit Asam;Jambi;c
10;Kaolin berasal dari ...;tanah kempung;pelapukan batuan granit;tumbuh-tumbuhan tropis;batu kapur;mikroplankton;b
10;Kaolin banyak terdapat di daerah ...;Kalimantan;Papua;Jawa;Sumatra;Sumatra;D
10;Intan banyak terdapat di daerah ...;Cirebon;Martapura;Pulai Doi;Lhokseumawe;Solok;b
10;Pasir besi banyak terdapat di daerah ...;Cepu;Cilacap;Aceh;Jawa Timur;Trenggalek;b
10;Batuan marmer banyak terdapat di ...;Pegunungan seribu;Pulau Bintan;Trenggalek;Bengkulu;Riau;c
10;Bauksit banyak terdapat di daerah ...;Bangka;Singkep;Proyek Asahan;Pulau Bintan;Belitung;d
10;"Berikut ini merupakan daerah penghasil emas, kecuali ...";Tembagapura;Tasikmalaya;Muara Sipeng;Batu Hijau;Simau;c
10;Tras banyak terdapat di ...;Pulau Peleng;Martapura;Halmahera;Pegunungan Muria;Pulau Singkep;d
10;"Batu bara, minyak bumi termasuk jenis sumber daya alam ...";energi;ruang;waktu;hayati;materi;a
10;"Indonesia saat ini diharapkan pada masalah krisis energi listrik. Dilihat dari potensinya, pembangkit tenaga listrik yang paling mudah didapat dan efisien adalah pembangkit listrik tenaga ...";air;nuklir;gas;uap;diesel;a
10;Di Indonesaia daerah penghasil sagu terbanyak terdapat di ...;Madura;Maluku;Kalimantan;Bali;Nusa Tenggara;b
10;Sumber daya alam yang berupa benda mati yang diambil dari alam yang berguna bagi kehidupan manusia disebut sumber daya alam ...;materi;energi;ruang;hayati;waktu;a
10;Hal-hal berikut ini yang bukan merupakan sumber daya alam materi adalah ...;sinar matahari;bahan tambang;hewan;udara;air;c
10;Berikut ini merupakan jenis sumber daya alam yang tidak dapat diperbaharui adalah ...;minyak gosok dan minyak kelapa sawit;perikanan dan perkebunan;batu bara dan minyak bumi;kehutanan dan perikanan;peternakan dan perikanan;c
10;Bahan galian yang terjadi dari magma yang terbentuk di dalam diatrema di dalam atau deket dengan magma disebut bahan galian ...;pematit;hasil metamorfosis kontak;magmatik;akuatik;hasil pengendapan;a
10;Berikut ini yang merupakan bahan tambang golongan A menurut Undang-Undang RI No. 11 Tahun 1976 adalah ...;"emas, perak, magnesium, dan seng";"minyak bumi, batu bara, timah, dan besi";"pasir, batu, dan batu kapur";"emas, perak, wolfram, dan batu permata";"magnesium, batu bara, seng, dan wolfram";b
10;Berdasarkan lokasinya sumber daya alam yang terdapat di wilayah perairan adalah sumber daya alam ...;akuatik;teritorial;hidrolokal;terestrial;pematit;a
10;Pusat pengolahan minyak bumi di Pulau Jawa terdapat di ...;"Cilacap, Cepu, dan Wonokromo";"Jakarta, Semarang, dan Surabaya";"Jakarta, Cilacap, dan Blora";"Cilacap, Semarang, dan Surabaya";"Cirebon, Semarang, dan Surabaya";a
10;Berikut ini yang termasuk sumber daya alam yang dapat diperbaharui adalah ...;bauksit;minyak bumi;tumbuhan;bahan bakar minyak;#;c
10;Berikut ini yang termasuk sumber daya alam yang tidak dapat diperbaharui adalah ...;air;tumbuhan;batu bara;hewan;bunga-bungaan;c
10;Proses terbentuknya batu bara yang dilakukan oleh bakteri anaerob dan sisa tumbuh-tumbuhan yang menjadi keras karena beratnya sendiri disebut proses ...;metamorfosis;biokimia;sedimentasi;metabolisme;inkolen;b
10;"Menurut Undang-Undang No. 11 Tahun 1976 tentang pertambangan, bahan galian golongan A termasuk bahan galian ...";vital;sekunder;formal;strategis;tersier;d
10;Bahan galian yang termasuk penting untuk memenuhi hajat hidup orang banyak adalah ...;minyak bumi dan batu bara;batu bara dan aluminium;minyak bumi dan intan;emas dan perak;emas dan minyak bumi;a
10;Bahan galian yang terjadi pada batuan sekitar magma yang bersentuhan dengan magma dan barubah menjadi material ekonomik termasuk bahan galian ...;pematit;sekunder;hidrotermal;metamorfosis kontak;metamorfosis kontak;D
10;Daerah yang potensial menghasilkan tebu di Indonesia sehingga pada masa kolonial Belanda mendapat julukan "pulau mengambang di lautan gula" yaitu pulau ...;Jawa;Sumatra;Madura;Kalimantan;Sulawesi;a
10;Daerah penghasil vanili di Indoensia adalah ...;Bandung dan Salatiga;Temanggung dan Ambarawa;Pekalongan;Bali dan Lombok;Bogor dan Boyolali;b
10;Symbol untuk atom besi dan kalium adalah...;Be dan Ca;Fe dan K;Fe dan Ca;Be dan K;Fe dan Be;b
10;"Diketahui nomer atom unsur E adalah 65 dan nomer massanya 159, maka dalam atom E terdapat...";"65 elektron, 159 neutron, 94 proton";"94 elektron, 65 neutron, 94 proton";"94 elektron, 94 neutron, 65 proton";"65 elektron, 94 neutron, 65 proton";"65 elektron, 65 neutron, 94 proton";d
10;Dari pasangan unsur berikut... Yang merupakan Isobar adalah...;1 dan 2;4 dan 5;3 dan 4;1 dan 4;1 dan 4;D
10;Konfigurasi untuk ion ^3^~1~ ^9^~9~ K^+^ yang benar adalah...;2 8 8 1;2 8 8 2;2 8 8;2 8 9;2 8 10;a
10;"Suatu unsur E mempunyai nomor massa 85 dengan 48 neutron, maka unsur E terletak pada ...";golongan IA periode 5;golongan IA periode 3;golongan IA periode 4;golongan IIA periode 4;golongan IIA periode 5;c
10;"Unsur dengan konfigurasi elektron: 2, 8, 8, 2 dalam sistem periodik terletak pada";periode 4 golongan lIA;periode 4 golongan lIB;periode 2 golongan IV A;periode 2 golongan IVB;periode 4 golongan IV A;a
10;"Apabila unsur-unsur disusun menurut kenaikan massa atom, ternyata unsur-unsur yang berselisih satu oktaf menunjukkan kemiripan sifat. Hal ini dikemukakan oleh...";Doboreiner;Mendeleyev;Meyer;Newlands;Mosley;d
10;Kecenderungan jari-jari atom dalam satu periode dari kiri ke kanan adalah...;semakin besar karena no atom semakin besar;semakin kecil karena no atom semakin besar;semakin besar karena jumlah neutron bertambah;semakin kecil karena jumlah neutron bertambah;semakin besar jumlah kulit bertambah;b
10;Pernyataan yang benar mengenai unsure ~6~X dan ~3~Y adalah...;Elektronegatifitas Y > X;Energy ionisasi Y > X;Jari-jari Y > X;Electron valensi sama;Terletak dalam satu golongan;c
10;"Jika nomor atom X adalah 16, untuk mencapai kestabilan dengan cara...";Menagkap 2 elektron;Melepas 2 elektron;Menangkap 6 elektron;Melepas 6 elektron;Melepas 4 elektron;a
10;Diketahui konfigurasi elektron: Ikatan ion dapat dibentuk antara unsure...;S dengan T;Q dengan R;P dengan S;R dengan S;Q dengan T;a
10;Apabila ~11~Na berikatan dengan ~16~S akan terbentuk senyawa ... Dengan jenis ikatan ...;"NaS, ionik";"Na~2~S, ionik";"NaS~2~, ionic";"Na~2~S, kovalen";"NaS~2~, kovalen";b
10;"Apabila ~7~N berikatan dengan ~1~H dan memenuhi kaidah octet, maka rumus kimia dan jenis ikatan yang terbentuk adalah...";"NH~3~, ionic";"NH~2~, ionic";"NH, ionic";"NH~3~, kovalen";"NH, kovalen";d
10;Nama yang benar untuk Ca^2+^ adalah...;Ion kalium;Ion kalsium;Kalsium;Kalium;ion kalsida;b
10;Nama senyawa berikut ini yang benar adalah...;K~2~O = dikalium oksida;CaO = kalsium(II) oksida;Fe~2~O~3~ = besi(III) oksida;MnSO~3~ = mangan sulfide;Ag~2~O = perak oksida;c
10;Rumus kimia timbale(II) oksida yang benar adalah...;Pb~2~S~3~;Pb~2~O~3~;PbO~2~;PbO;PbS;d
10;Diketahui persamaan reaksi: Zat yang bertindak sebagai reaktan adalah...;Al dan HCl;AlCl~3~ dan HCl;AlCl~3~ dan Al;H~2~ dan Al;AlCl~3~ dan H~2~;a
10;"Dari reaksi: Harga a, b, c dan d yang benar adalah...";"1, 3, 4 dan 2";"2, 3, 1 dan 3";"2, 3, 4 dan 1";"2, 3, 4 dan 5";"3, 4, 2 dan 5";b
10;Persamaan yang sudah setara adalah...;Mg(OH)~2~ + 2HCl ^?—^ MgCl~2~ + 2H~2~O;Cu + H~2~SO~4~ ^?—^ CuSO~4~ + 3H~2~O + SO~2~;Cr~2~O~3~ + 2Al ^?—^ Al~2~O~3~ + Cr;C~2~H~5~OH + O~2~ ^?—^ 2CO~2~ + 3H~2~O;Al + H~2~SO~4~ ^?—^ Al~2~(SO~4~)~3~ + H~2~;a
10;"Jika Ar H = 1, O = 16 dan C = 12, maka Mr dari C~2~H~5~OH adalah...";23;40;46;56;60;c
10;"Massa 2 mol NaOH adalah... gram. (Ar Na = 23, H = 1, O = 16)";23;40;46;80;120;d
10;Volume 14 gram gas N~2~ (Ar = 14) saat STP adalah...;"22,4 L";"11,2 L";"5,6 L";"2,24 L";"1,12 L";b
10;Zat yang tidak dapat diuraikan lagi menjadi zat yang lebih sederhana melalui reaksi kimia biasa disebut...;Unsur;Molekul;Atom;Senyawa;Partikel;A
10;Ilmuwan yang berhasil menemukan elektron dan model atom yang menyerupai roti kismis adalah...;Niels Bohr;Ernest Rutherford;J.J Thomson;J. Chadwik;Max Planck;C
10;Sebuah atom memiliki jumlah elektron 7 dan nomor massanya 19. Berapakah jumlah neutron pada atom tersebut?;7;19;10;12;14;D
10;"Dalam satu golongan, besarnya jari-jari atom dari atas ke bawah adalah...";Berkurang;Bertambah;Tetap;Mengecil;Tidak berubah;B
10;Sifat-sifat unsur yang berubah secara beraturan seiring pertambahan nomor atomnya disebut...;Sifat golongan;Sifat unsur;Sifat khas;Sifat periodik;Sifat koligatif;D
10;Suatu ikatan dimana pasangan elektron yang dipakai bersama tertarik lebih kuat ke salah satu atom disebut...;Ikatan ion;Ikatan kovalen polar;Ikatan van der Wals;Ikatan kovalen koordinat;Ikatan logam;B
10;Ikatan kimia pada senyawa air adalah jenis ikatan...;Ikatan hidrogen;Ikatan ion;Ikatan kovalen;Ikatan logam;Ikatan van der Waals;A
10;"Dibawah ini merupakan senyawa yang memiliki ikatan homopolar, kecuali...";NaOH;HCl;HF;NH??BF??A;;
10;Unsur-unsur yang membentuk senyawa selalu bereaksi dalam perbandingan massa yang sudah tertentu dan tetap Hukum tersebut merupakan bunyi dari hukum...;Hukum kekekalan massa;Hukum kekekalan energi;Hukum perbandingan tetap;Hukum perbandingan terbalik;Hukum gas ideal;C
10;"Pada suhu dan tekanan sama, semua gas bervolume sama mengandung jumlah molekul yang sama pula. Hukum dasar kimia diatas dikemukakan oleh...";Joseph Louis Proust;Amadeo Avogadro;Antonie Laurent Lavoisier;Dalton;Gay - Lussac;B
10;Suatu zat dikatakan sebagai zat elektrolit jika...;Derajat ionisasinya mendekati 1;Derajat ionsasinya mendekati nol;Derajar ionisasinya negatif;Derajat ionisasinya sama dengan nol;Tidak memiliki derajat ionisasi;A
10;Senyawa-senyawa yang berbeda tetapi mempunyai rumus molekul yang sama disebut...;Polimer;Isomer;Isoalkana;Dimer;Monomer;B
10;"Untuk jumlah atom karbon yang sama, perbandingan titik didih antara alkana, alkena dan alkuna adalah...";Alkana > alkena < alkuna;Alkana < alkena < alkuna;Alkana > alkena > alkuna;Alkana = alkena = alkuna;Alkana < alkena > alkuna;C
10;Diantara sifat-sifat berikut yang merupakan sifat natrium klorida adalah...;Terionisasi sebagian didalam air;Mempunyai derajat ionisasi (?) = 1;Termasuk senyawa elektrolit lemah;Tidak dapat menghantarkan arus listrik;Uji elektrolitnmya tidak menghasilkan gelembung gas;B
10;Pasangan larutan berikut yang merupakan elektrolit kuat adalah...;NaCl dan NH??H;H??O??dan Ba(OH)??CO(NH????dan NaCl;NH??H dan Ba(OH)??CH??OOH dan H??O??B;;;
10;Aliran elektron yang tepat pada proses penghantaran arus listrik dalam uji larutan elektrolit yaitu...;Anion -- anode -- lampu -- katode -- kation;Anion -- katode -- lampu -- anode -- kation;Anode -- anion -- katode -- kation -- lampu;Kation -- katode -- lampu -- anode -- anion;Kation -- katode -- lampu -- anode -- anion;D
10;Larutan dari senyawa kimia berikut yang tidak dapat menghantarkan arus listrik adalah...;Cl??HBr;KNO??H??O??Ca(NO????A;;;;
10;Dari data diatas limbah yang merupakan elektrolit kuat dn non elektrolit adalah...;K dan L;K dan N;L dan M;L dan N;M dan O;B
10;Dalam proses elektrolisis dari larutan CuCl?? akan ada... di katoda;Penangkapan elektron dari Cu???Penangkapan elektron dari Cl??Terbentuk gelembung dari H??Elektron dilepaskan ke dalam larutan;Penangkapan ion negative dari larutan;B;;;
10;"Pernyataan yang tepat mengenai sifat daya hantar listrikantara larutan HCl 0,1 M dengan larutan H??O??0,5 M adalah...";Larutan H??O??merupakan larutan elektrolit kuat;Larutan H??O??mempunyao derajat ionisasi = 1;Senyawa HCl terionisasi sebagian dalam larutan;Larutan HCl menghantarkan arus listrik lebih baik dibandingkan H??O??Larutan HCl menghantarkan arus listrik lebih baik dibandingkan H??O??D;;
10;Diantara senyawa berikut yang menghasilkan sedikit gelembung gas dan nyala klampu redup saat diuji daya hantar listriknya adalah...;H??O??Mg(OH)??C????H;HNO??KCl;A;;;
10;"Alat uji elektrolit digunakan untukmenguji dua sampel berbeda, yaitu larutan KCl.  dan HBr murni. Hasil uji yang mungkin diperoleh adalah??Lampu menyala redup pada larutan KCl";Lampu tidak menyala pada larutan KCl;Lampu menyala redup pada larutan HBr murni;Tidak terbentuk gelembung gas pada lelehan HBr murni;Tidak terbentuk gelembung gas pada lelehan HBr murni;D;
10;Bilangan oksidasi Cr berubah dari...;??2 menjadi + 3;-1 menjadi +3;+6 menjadi -4;+6 menjadi +3;+ 12 menjadi + 8;D
10;Diantara reaksi rekasi berikut manakah yang merupakan reaksi redoks adalah...;H??g) + CuO(g) ??Cu(s) + H??(l);SO??g) + H??(g) ??H??O??aq);AgNO??aq) + NaCl(aq) ??AgCl(s) + NaNO??aq);H??O??aq) + 2NaOH(aq) ??Na??O??aq) + 2H??(l);KOH(aq) + CH??OOH(aq) ??CH??OOK(aq) + H??(l);A
10;Yang berperan sebagai oksidator adalah...;MnO??MnCl??H??;HCl;Cl??A;;;
10;Perubahan yang menunjukkan kenaikan bilangan oksidasi adalah...;2CO????C??????;MnO??? ??MnO??S?????? ??S??????;ClO??? ??Cl??FeCl????FeCl??C;;;
10;Reaksi tersebut merupakan reaksi autoredoks karena...;HCl mengalami reduksi dan oksidasi;S?????? mengalami reduksi sekaligus oksidasi;H?? merupakan hasil reduksi dan hasil osidasi;Unsur O merupakan redukstor sekaligus oksidator;SO??merupakan hasil reduksi dan hasil oksidasi;B
10;Mn yang ditemukan dengan bilangan oksidasi +6 ada pada senyawa...;MnO;MnCl??MnSO??K??nO??K??nO??D;;;;
10;Pasangan reduktor dan hasinya pada persamaan reaksi tersebut adalah...;NaHSO??dan Na??;NaOH dan Na??;Al dan Al????NaOH dan H??;NaOH dan Al????C;;
10;Ion atau molekul berikut yang tidak dapat mengalami rekasi disproporsionasi adalah...;N??dan NO??N??dan NH??NO??dan NO???;NH??dan NO???;N????dan NO??D;;;
10;Rumus kimia senyawa timbal(II)nitrat adalah...;PbNO??Pb??O??Pb(NO????Pb??NO????Pn(NO????C;;;;;
10;"Jika p = 5, q = 2, dan r = p/q?, maka nilai r adalah ...";"3,23";"4,25";"5,12";"6,25";"7,15";D
10;??1/19) ????1/100) = ...;19/100;81/1900;Sep-00;19/190;81/190;B
10;"Jika x + y = 100 dan x/y = 1/9, maka y ??x = ...";20;30;50;80;80;D
10;Diketahui persamaan 70 ? 80 ? t = 90 ? 80 ? 70 .  maka nilai t = ...;100;80;70;90;50;D
10;"Jika ?? = 3, maka x = ...";90;81;80;72;63;B
10;??1/36) ????1/100) = ...;Feb-15;01-Apr;03-Oct;05-Jun;semua salah;B
10;"(1??,51) + (1??,36) = ...";"-0,35";"0,95";"1,25";"1,5";"2,85";C
10;??(6)? + (8)?] = ...;48;14;10;"6,93";2304;C
10;??232 + 696) = ...;25;35;45;65;125;B
10;"Jika 2^x = 64 dan 3^y = 81, manakah pernyataan berikut yang benar?";x > y;x < y;x = y;x dan y tidak bisa ditentukan;xy < y;B
10;"Jika x = -(3^6) dan y = (-3)^6, manakah pernyataan berikut yang benar?";x > y;x < y;x = y;x dan y tidak bisa ditentukan;xy < y;B
10;"Jika a = 2, b = -2, x = (a ??b)?, dan y = (b ??a)?, manakah pernyataan berikut yang benar?";x > y;x < y;x = y;x dan y tidak bisa ditentukan;xy < y;C
10;"(0,25)? = ...";"0,00625";"0,625";"0,0625";"6,25";"0,000625";C
10;(?? + ??)/(?? ????) = ...;2 ????;??2 ????);3 + ??;?? ??2??;?? ??2??;D
10;9^(3x+2) = 1/81^(2x??). Nilai x sama dengan ...;03-Oct;05-Apr;06-May;08-Jul;4;D
10;"Ditentukan nilai x = 8, y = 25, dan z = 81. Nilai x^(1/3) ? y^(1/2) ? z^(1/4) sama dengan ...";10;12;30;54;60;C
10;Nilai dari (2^1 + 2^0 + 2^??)/(2^?? + 2^?? + 2^??) = ...;6;"15,5";8;24;512;D
10;"Jika 5^x = 4, maka 5^(1??x) = ...";80;20;16;05-Aug;May-16;B
10;Harga x yang memenuhi persamaan 32^(x+1) = 9^(x??) adalah...;3;"4,5";"0,5";2;9;B
10;Nilai x yang memenuhi persamaan 3^(x??) + 3^x = 36 adalah...;5;4;3;2;1;C
10;??8 + ??5 ????92 + ??28 = ...;3 ????;3;3(3?? ??2??);3(2?? + 3??);3(2?? + 3??);D
10;Hasil bagi ??4 : ?? sama dengan ...;2??;4??;2??;3??;6??;C
10;??6 ? ??6 ? ??6 ? ??6 = ...;2;4;8;16;64;D
10;Bentuk sederhana dari (6??6? ? 9)/(4??1? ? 6???) adalah...;2??;4??;2??;3??;6??;A
10;"Diketahui log 2 = 0,301 dan log 3 = 0,477. Nilai log 576 = ...";"2,723";"2,758";"2,76";"2,84";"2,857";C
10;"Jika ^5log 3 = a dan ^3log 4 = b, ^12log 75 = ...";(2 + a)/(a + b);(2 + a)/(2(1 + b));(2a)/(a + b);(a + b)/(a(1 + b));(a(1 + b))/(a + b);A
10;"Jika ^9log 8 = 3m, nilai ^4log 3 = ...";1/(4m);m/4;3/(4m);4m/3;3/(2m);C
10;^xlog (1/100) = ?? dipenuhi oleh x = ...;10^16;10^12;10^5;10^4;10^3;D
10;Jika ^alog x = 3 dan ^3alog y = 3. Nilai y/x sama dengan ...;1;3;9;81;81;D
10;Bentuk faktor persamaan x? + 5x + 6 = 0 adalah ...;(x + 2)(x + 3) = 0;(x ??2)(x + 3) = 0;(x + 2)(x ??3) = 0;(x ??2)(x ??3) = 0;(x + 5)(x + 1) = 0;A
10;Bentuk faktor persamaan 2x? + 5x ??3 = 0 adalah...;(2x + 1)(x ??3) = 0;(x ??1)(2x + 3) = 0;(2x ??1)(x + 3) = 0;(x + 1)(2x + 3) = 0;(x + 1)(2x ??3) = 0;A
10;Nilai x yang memenuhi persamaan x? ??ax ??5x + 5a = 0 adalah ...;5;a;5 dan a;-5 dan 1;5 dan ??;C
10;Bentuk (2x ??3)(2x + 7) = x? + ax + b. Nilai a + b = ...;-2;"-3,25";"-6,5";-13;-26;D
10;Akar-akar persamaan kuadrat 2x? ??5x ??6 = 0 adalah p dan q. Persamaan kuadrat baru yang akar-akarnya (p ??2) dan (q ??2) adalah ...;2x? ??3x ??8 = 0;2x? + 3x ??8 = 0;2x? + 3x + 8 = 0;x? + 3x ??4 = 0;x? ??3x ??4 = 0;A
10;Koordinat titik balik grafik fungsi dengan rumus f(x) = 3 ??2x ??x? adalah ...;"(-2,3)";"(-1,4)";"(-1,6)";"(1,-4)";"-1,4";B
10;"Grafik fungsi y = ax? + bx + 24 memotong sumbu x di titik (2,0) dan (6,0). Nilai a + b = ...";7;14;-7;-14;-24;C
10;"Jika x dan y memenuhi persamaan 2x ??y = 4 dan x + y = 2, nilai x ??2y + y adalah ...";0;1;2;-1;-2;A
10;"Jika x dan y memenuhi persamaan 3^(x+2y) = 1/81 dan x ??y = -1, x + y sama dengan ...";-3;-1;1;1;5;D
10;Perbandingan nilai x dan nilai y yang memenuhi persamaan 5/(x??) + 2/(y??) = 8 dan 4/(x??) ??2/(y??) = 10 adalah ...;2:01;3:02;1:03;4:03;5:04;B
10;"Pada tahun 2002 usia seorang anak sama dengan seperempat usia ibunya (dalam tahun). Jika pada tahun 2006 usia anak itu sepertiga usia ibunya, tahun lahir anak tersebut adalah ...";1988;1990;1992;1994;1996;D
10;"Diketahui : p: Hari ini tidak hujan.  q: Ina tidak berangkat ke sekolah. Pernyataan: ""Meskipun hari ini hujan, tetapi Ina berangkat ke sekolah"" dapat dilambangkan dengan . . . .";~p ??q;~~q;~p ??~q;~p ??q;~p ??~q;A
10;"Jika p bernilai salah dan q bernilai benar, maka pernyataan berikut yang bernilai benar adalah . . . .";~p;p ??q;p ??q;~p ??q;~p ??q;A
10;BBBS adalah nilai kebenaran dari . . . .;p ??q;p ??q;p ??q;p ??q;~p ??q;C
10;Pernyataan ~(p ??q) ekuivalen dengan . . . .;~p ??~q;~p ??~q;p ??q;p ??q;~p ??q;A
10;"Ingkaran dari pernyataan ""Jika semua anggota keluarga pergi maka semua pintu rumah di kunci rapat"", adalah . . . .";Jika ada anggota keluarga tidak pergi maka ada pintu yang tidak di kunci rapat;Jika ada pintu rumah yang tidak di kunci rapat maka ada anggota keluarga yang tidak pergi;Jika semua pintu rumah di tutup rapat maka semua anggota keluarga pergi;Semua anggota keluarga pergi dan ada pintu yang tidak di kunci rapat;Semua pintu rumah tidak di kunci rapat dan ada anggota keluarga yang tidak pergi;D
10;Konvers dari pernyataan "Jika dia orang Belanda maka dia orang Eropa" adalah . . . .;"Jika dia bukan orang Eropa, maka dia bukan orang Belanda";"Jika dia bukan orang Belanda, maka dia tentu orang Eropa";"Jika dia bukan orang Belanda, maka dia bukan Orang Eropa";"Jika dia orang Eropa, maka dia orang Belanda";"Jika dia orang Eropa, maka dia orang Belanda";D
10;"Invers dari pernyataan ""Jika hujan turun, maka jalan di depan sekolah becek"" adalah . . . .";"Jika jalan di depan sekolah becek, maka hujan tidak turun";Hujan tidak turun dan jalan di depan sekolah becek;"Jika hujan tidak turun, maka jalan di depan sekolah becek";"Jika hujan tidak turun, maka jalan di depan sekolah tidak becek";Hujan tidak turun atau jalan di depan sekolah tidak becek;D
10;"Kontraposisi dari pernyataan ""Jika semua warga Negara membayar pajak, maka pembangunan berjalan lancar"" adalah . . . .";"Jika pembangunan tidak lancar, maka ada warga Negara yang tidak membayar pajak";"Jika tidak semua warga Negara membayar pajak, maka pembangunan tidak berjalan lancar";"Jika semua warga Negara membayar pajak, maka pembangunan tidak berjalan lancar";"Jika pembangunan berjalan lancar, maka tidak semua warga membayar pajak";Jika pembangunan tidak berjalan lancar maka semua warga Negara tidak membayar pajak;A
10;"Jika binatang itu ayam, maka tidak berkaki empat. Ternyata binatang itu berkaki empat. Kesimpulannya adalah. . . .";Binatang itu bukan Ayam;Binatang itu bukan sapi;Binatang itu ayam;Binatang itu bukan sapi;Binatang itu tidak berbulu;A
10;"Diketahui premis-premis berikut. ""Jika Ani rajin belajar, maka Ani lulus UN."" ""Jika Ani lulus UN, maka Ani akan mendaftar di PTN favorit"". ""Ani tidak mendaftar di PTN favorit. Kesimpulan yang sah adalah . . . .";Ani tidak rajin belajar;Ani tidak lulus UN;Ani rajin belajar;Ani lulus UN;Ani mendaftar di PTN favorit;A
10;Diketahui segitiga ABC dengan siku-siku di C dengan panjang AC= 24cm dan BC=7cm. Nilai dari cos C adalah . . .;Jul-25;24/25;25-Jul;25/24;1;A
10;Diketahui: (1) sin 30?=0.5 (2) cos 60?=0.5 (3) tan 45?=1. Pernyataan yang benar adalah . . . .;1;2;3;"1, 2, dan 3";"1, 2, dan 3";D
10;Nilai sin 150? adalah . . . .;0.5;-0.5;??/2;#NAME?;-6;A
10;Nilai dari sec (1140)? adalah . . . .;2;-2;01-Feb;"-0,5";??;D
10;Nilai-nilai yang memenuhi persamaan 2 sin x = ?? untuk 0? ??x ??180? adalah . . . .;{60?};{120?};"{60?,30?}";"{60?,120?}";{30?};D
10;(1 - cos?x)/sin x = . . . .;Sin?x;Sin x;Cos?x;Cos x;1/sin x;B
10;"Diketahui segitiga ABC dengan ?? = 30?, BC = 12cm, dan AB=8cm. Nilai kosinus sudut C adalah . . . .";??/2;01-Feb;??/2;??/3;??/3;A
10;"Diketahui segitiga KLM dengan KL=8 cm, LM=12 cm, dan ??=60?. Panjang sisi KM adalah . . . . cm";4??;6??;8??;12??;16??;A
10;"Diketahui segitiga KLM dengan KM=17 cm, KL=12 cm, dan ??=150?. Luas segitiga KLM adalah . . . . cm?";102??;102;51??;51;51;D
10;Diketahui segitiga ABC dengan AB=8 cm dan AC=12 cm serta luasnya 24?? cm? maka besar ??= . . . .;30?;45?;60?;75?;90?;C
10;Diketahui kubus PQRS.TUVW. Pasangan ruas garis yang bersilangan adalah . . . .;(1) QW dan PR;(2) QR dan TU;(3) PS dan QR;(4) WV dan SR;1 dan 2;A
10;Diketahui kubus ABCD.EFGH. Garis-garis yang tegak lurus dengan BDHF adalah . . . .;AC;AD;AB;AG;AH;A
10;Diketahui prisma segitiga beraturan dengan sisi 6 cm. Jika luas selimut prisma 180 cm? maka volumenya adalah . . . . cm?;90??;85??;64??;30;25;A
10;Diberikan kubus dengan volume 324 cm?. Panjang diagonal ruang kubus tersebut adalah . . . .cm;18??;18;18??;6??;9;A
10;Pada kubus ABCD.EFGH dengan rusuk 4 cm jarak C ke EA adalah . . . . cm;4;??;??;4??;4??;A
10;Limas beraturan T.ABCD dengan panjang AC=16?? cm dan tinggi salah satu rusuk tegak=17 cm. Jarak T ke bidang ABCD adalah . . . . cm;15;25;16??;17;16;A
10;Diketahui kubus ABCD.EFGH dengan panjang rusuk 8 cm. Jika P tengah-tengah AD maka jarak B ke P adalah . . . . cm;4??;4??;4;4??;??;A
10;Pada kubus ABCD.EFGH sudut antara garis AH dan garis CH adalah . . . .;45?;60?;90?;30?;120?;B
10;Diketahui kubus ABCD.EFGH dengan panjang rusuk 6 cm. Nilai tangen sudut antara garis AE dan bidang AFH adalah . . . .;??/2;??/3;1/2??;1/3??;1/2??;C
10;Berikut ini yang bukan merupakan jenis-jenis olahraga permainan bola kecil adalah;tenis meja;sepak bola;softball;rounders;kasti;b
10;Berikut ini yang bukan merupakan teknik menangkap bola dalam permainan softball adalah;menangkap bola lurus;menagkap bola atas;menangkap bola samping;menangkap bola miring;menangkap bola miring;D
10;"Dalam permainan sepak bola, bagian tubuh yang tidak diperbolehkan menyentuh bola bagi para pemain selain penjaga gawang adalah";kepala;dada;tangan;kaki;paha;c
10;Ukuran panjang lapangan sepak bola adalah;75 m -- 90 m;64 m -- 75 m;80 m -- 95 m;100 m -- 110 m;100 m -- 120 m;d
10;Mengubah arah gerak horizontal menjadi vertikal merupakan tujuan utama;awalan;tolakan;melewati mistar;mendarat;melayang;b
10;Gerakan yang ada pada lompat jauh merupakan perpaduan antara;kecepatan dan kekuatan;konsentrasi dan keseimbangan;kelentukan dan kelincahan;daya tahan dan ketepatan;keterampilan dan daya juang;a
10;Gaya lompat jauh dapat diketahui pada waktu;persiapan;awalan;tolakan;melayang di uara;mendarat di bak pasir;d
10;"Pada latihan dasar kuda-kuda, yang perlu diperhatikan adalah";tumpuan kaki;pandangan;sikap tangan;semua benar;semua benar;D
10;Tujuan dari pencak silat adalah;menunjukkan kekuatan;menjatuhkan lawan;membela diri;melatih kekuatan;menjaga persatuan;c
10;High pull merupakan bentuk latihan mendorong beban;ke atas;ke samping;ke bawah;ke depan;ke luar;a
10;Manfaat olahraga secara teratur adalah untuk;menyembuhkan penyakit;meningkatkan kesehatan;menghilangkan rasa malas;membesarkan tulang;membuat rasa nyaman;b
10;Latihan yang berguna untuk menguatkan otot perut adalah;sit up;squat thurst;push up;back up;squat jump;a
10;"Pada awal Modern Olympic Games, senam belum terlalu dianggap sebagai suatu cabang olahraga melainkan dianggap sebagai";seni;hiburan;aktivitas;kejuaraan;kekuatan;a
10;"Gerakan guling ke depan dapat dilakukan dengan dua sikap awalan, yaitu";jongkok dan duduk;jongkok dan berdiri;duduk dan berdiri;telentang dan jongkok;telentang dan berdiri;b
10;Fungsi musik dalam senam irama adalah untuk;menambah semangat gerakan;memvariasikan gerakan;memvariasikan langkah;menambah gaya;menguatkan otot-otot tubuh;a
10;Hal berikut yang merupakan penilaian dalam unsur gerakan senam ritmik adalah;irama;kekuatan tubuh;konstinuitas gerakan;berat tubuh;kecepatan;c
10;Berikut ini yang bukan manfaat berlatih renang adalah;kesenangan;bergengsi;kesehatan;relaksasi;tantangan;b
10;"Berikut ini merupakan perilaku budaya Barat yang tidak sesuai dengan norma-norma yang berlaku di masyarakat di Indonesia, kecuali";free se*;samanlev*n;kump*l keb*;perkawinan yang sah;mabuk-mabukan;d
10;Berganti-ganti pasangan sangat berpotensi terkena penyakit;kelamin;batuk;influenza;hati;diare;a
10;Penyakit akibat hubungan s*ksual yang sampai saat ini belum ditemukan obat yang mujarab untuk menyembuhkannya adalah;sifilis;AIDS;TBC;kanker;herpes progenitalis;b
10;"Berikut ini adalah hal-hal yang harus dipatuhi dalam senam, kecuali";pemanasan dan pendinginan yang cukup;gerakan dimulai dari yang mudah;konsentrasi penuh;berpakaian rapi;ikuti instruksi;d
10;Kesalahan yang sering terjadi dalam lompat kangkang adalah;mengangkat kaki tinggi;tumpuan tangan terlalu kuat;tumpuan tangan sangat lemah;melakukan tolakan dengan kedua kaki;mendarat dengan kedua kaki;c
10;Senam irama yang dilakukan secara rutin sangat penting dalam;kekuatan tubuh;pentukan dan kesehatan;daya tahan;pembentukan tubuh;keserasian gerak;b
10;Keluwesan dalam gerakan senam irama disebut teknik;ketetapan irama;keseimbangan;kontinuitas;fleksiilitas;kekuatan;d
10;Salah satu hal yang harus diperhatikan oleh seorang atlet renang untuk dapat berenang cepat adalah;meningkatkan daya tahan;memperkecil daya dorongnya;memperkecil/mengurangi hambatan;memperlambat gerak kaki;meningkatkan pernapasan;d
10;Pendidikan pergaulan sehat yang diberikan kepada remaja dapat dilakukan dengan cara;"ceramah, tanya jawab, diskusi kelompok, film";"diskusi kelompok, penyuluhan, debat, drama";"debat, tanya jawab, drama, diskusi kelompok";"ceramah, diskusi kelompok, adu argumen, drama";"adu argumen, diskusi kelompok, film, tanya jawab";a
10;"Di antara cara pencegahan pergaulan bebas yang dilakukan keluarga, kecuali";menjauhkan anak dari hal-hal yang mengarah pada pergaulan bebas;memberikan informasi tentang bahaya pergaulan bebas secara bertahap;menanamkan etika cara memelihara diri dari hal-hal negatif;mengajarkan anak cara berpacaran;mengajarkan kaidah keagamaan sedini mungkin;d
10;Teknik gerakan kaki pada renang gaya bebas dimulai dari;lutut;pergelangan kaki;punggung kaki;pangkal paha;tumit;d
10;Orang yang paling cocok untuk memberikan pelajaran pergaulan sehat bagi remaja adalah;orang tua;saudara;teman;kakak;dokter;a
10;"Start jongkok terdiri atas tiga macam, yaitu";"start pendek, menengah, dan panjang";"start berdiri, melayang, dan pendek";"start menengah, berdiri, dan melayang";"start panjang, menengah, dan berdiri";"start pendek, melayang, dan menengah";a
10;Bola dipukul sewaktu berada di depan atas kepala merupakan;servis atas;servis bawah;passing;tos;passing bawah;a
10;"Kemampuan seseorang yang mempunyai bakat dan kemampuan di dalam menjalankan instruksi dari pelatih, yaitu";taktik;strategi;variasi;serangan;tembakan;a
10;Cara menggiring bola yang dibenarkan dalam basket adalah melakukan dengan;satu tangan;dua tangan;tangan kiri;tangan kanan;tanan kiri dan kanan;a
10;Meluncur dan menjatuhkan badan untuk menghindari tembakan lawan disebut;ball running;sliding;pitcher;catcher;foot work;b
10;Teknik dasar football adalah;memukul;pitcher;ball running;sliding;memegang kayu;a
10;Tubuh condong ke depan ketika kecepatan meningkat adalah teknik;gerak keseluruhan;posisi tubuh;ayunan lengan;kontak kaki;panjang langkah;b
10;Jarak awalan yang ideal dalam lompat jauh gaya menggantung adalah;25-30;25-40;30-45;30-35;40-45;b
10;Start yang dipakai pada saat pelari akan melakukan lari jarak menengah dan jarak jauh adalah start;berdiri;melayang;jongkok;pendek;menengah;b
10;Pada lari 800 m pelari lintasan boleh masuk lintasan sebelah dalam pada saaat memasuki jarak;100 m;200 m;1.500 m;300 m;400 m;b
10;Jarak awalan lompat jauh gaya jongkok adalah;30-35;30-40;40-45;50-55;60-65;b
10;Gerakan yang menumpu dengan menggunakan kaki yang kuat disebut;tolakan;sikap mendarat;awalan;sikap badan di udara;start;a
10;"Pelompat pada saat mendarat diusahakan gerakannya ke depan dengan kedua tangan di samping, yaitu";awalan;tolakan;start;sikap mendarat;sikap badan di udara;d
10;Start yang digunakan di mana siswa berdiri di belakang garis start dengan kedua tangan bersikap normal adalah;start berdiri;start jongkok;start melayang;awalan;tolakan;a
10;Pukulan awal dalam satu permainan atau ketika terjadi pergantian bola adalah;pukulan;passing;tos;servis;servis;D
10;Start jongkok pendek memiliki ukuran awalan sepanjang;30 cm;40 cm;50 cm;60 cm;70 cm;b
10;Teknik dasar permainan bulutangkis yang bertujuan untuk mematikan permainan lawan disebut;servis;smash;drop shot;lob;drive;b
10;Induk organisasi sepak bola Indonesia adalah;PSSI;PBVSI;PBSI;PERBASI;PASI;a
10;Jumlah pemain dalam satu tim bola voli adalah;5 orang;6 orang;7 orang;8 orang;9 orang;b
10;Teknik dasar permainan bola basket yang dilakukan dengan memantulkan bola ke lantai disebut;shooting;dribbling;passing;pivot;rebounding;b
10;Gaya dalam lompat tinggi yang menggunakan punggung sebagai bagian pertama yang melewati mistar disebut;gaya gunting;gaya guling sisi;gaya straddle;gaya flop;gaya schnepper;d
10;Latihan push up bertujuan untuk menguatkan otot;perut;kaki;lengan dan dada;punggung;leher;c
10;Renang gaya dada sering disebut juga dengan gaya;kupu-kupu;bebas;dada;katak;lumba-lumba;d
10;Induk organisasi pencak silat Indonesia adalah;IPSIT;PERSILAT;PESAKA;PERSISI;PONTI;b
10;Teknik menendang bola dengan menggunakan punggung kaki bagian dalam dalam sepak bola disebut;inside kick;outside kick;instep kick;toe kick;heel kick;a
10;Ukuran tinggi net bola voli untuk putra adalah;"2,24 m";"2,34 m";"2,43 m";"2,50 m";"2,60 m";c
10;Posisi wasit dalam permainan sepak bola yang bertugas mengawasi garis gawang disebut;wasit utama;hakim garis;wasit cadangan;penjaga waktu;asisten wasit;b
10;Teknik dasar permainan tenis meja yang dilakukan dengan memukul bola secara keras dan datar disebut;push;chop;drive;spin;block;c
10;Latihan sit up bertujuan untuk menguatkan otot;lengan;dada;perut;punggung;kaki;c
10;Gaya renang yang gerakannya menyerupai gerakan katak adalah gaya;bebas;punggung;kupu-kupu;dada;lumba-lumba;d
10;Induk organisasi bulutangkis Indonesia adalah;PSSI;PBVSI;PBSI;PERBASI;PASI;c
10;Teknik menangkap bola dalam permainan kasti yang dilakukan dengan kedua tangan membentuk mangkuk disebut;menangkap bola lurus;menangkap bola samping;menangkap bola bawah;menangkap bola atas;menangkap bola menggelinding;a
10;Jumlah pemain dalam satu tim softball adalah;7 orang;8 orang;9 orang;10 orang;11 orang;c
10;Teknik dasar permainan sepak bola yang dilakukan dengan menghentikan bola menggunakan telapak kaki disebut;stopping;dribbling;heading;tackling;passing;a
10;Latihan back up bertujuan untuk menguatkan otot;perut;lengan;dada;punggung;kaki;d
10;Gaya dalam lompat jauh dimana posisi badan melayang seperti sedang duduk di udara disebut;gaya jongkok;gaya menggantung;gaya berjalan di udara;gaya lompat jauh;gaya straddle;a
10;Induk organisasi bola voli Indonesia adalah;PSSI;PBVSI;PBSI;PERBASI;PASI;b
10;Teknik dasar permainan basket yang dilakukan dengan melempar bola ke ring lawan disebut;dribble;pass;shoot;rebound;pivot;c
10;Ukuran lapangan bulutangkis untuk partai tunggal adalah;"5,18 m x 13,40 m";"6,10 m x 13,40 m";"7,10 m x 13,40 m";"8,10 m x 13,40 m";"9,10 m x 13,40 m";a
10;Latihan yang bertujuan untuk meningkatkan kelincahan adalah;push up;sit up;back up;shuttle run;squat jump;d
10;Gaya renang dimana posisi badan telentang di permukaan air adalah gaya;bebas;punggung;kupu-kupu;dada;lumba-lumba;b
10;Teknik dasar permainan sepak bola yang dilakukan dengan menyundul bola menggunakan kepala disebut;dribbling;passing;heading;tackling;shooting;c
10;Induk organisasi atletik Indonesia adalah;PSSI;PASI;PBSI;PBVSI;PERBASI;b
10;Latihan squat jump bertujuan untuk menguatkan otot;lengan;perut;punggung;kaki;dada;d
10;Teknik dasar permainan tenis meja dimana bola dipukul dengan gerakan seperti menebang pohon disebut;push;chop;drive;spin;block;b
10;Kemerdekaan memeluk agama dan kebebasan menyatakan pendapat merupakan bentuk hak asasi;politik;pribadi;sosial dan budaya;persamaan hukum;perlindungan hukum;b
10;Berdasarkan pasal 19 Ayat (1) anggota DPR dipilih melaui;keputusan presiden;pemilihan umum;undang-undang;ketetapan MPR;menteri;b
10;UUD Negara Kesatuan Republik Indonesia Tahun 1945 terdiri atas;pasal-pasal;pembukaan dan penjelasan;pembukaan dan batang tubuh;"pembukaan, batang tubuh, dan penjelasan";"pasal, aturan peralihan dan aturan penjelas";d
10;Landasan Konstitusional di Indonesia yang sah dan dijunjung tinggi seluruh bangsa Indonesia adalah;UUD 1945;Undang-Undang;Pancasila;Ketetapan MPR;Instruksi Presiden;a
10;Pemerintah daerah dan DPRD menganut asas;sosial dan politik;otonomi dan ekonomi;otonomi dan tugas pembantuan;ekonomi dan politik;otonomi dan politik;c
10;Berikut ini tidak termasuk dalam tujuan penyelenggaraan otonomi daerah adalah;meningkatkan pelayanan dan kesejahteraan masyarakat;"pengembangan kehidupan demokrasi, keadilan, dan pemerataan";desentralisasi melahirkan otonomi daerah;pemeliharaan hubungan yang serasi antara pusat dan daerah;mengoptimalkan potensi daerah;c
10;"Sumber motivasi dan aspirasi, tekad, dan semangat bangsa Indonesia serta cita-cita yang ingin ditegakkan dalam lingkungan nasional dan internasional adalah";Pancasila;Pembukaan UUD 1945;Batan g Tubuh UUD 1945;Penjelasan UUD 1945;perundang-undangan;b
10;Kekuasaan selalu harus dibatasi dengan cara memisah-misahkan kekuasaan ke dalam cabang-cabang yang bersifat check and balances merupakan pernyataan tentang negara memuat;Zul Afdi Ardian;Jimly Ashiddiqie;Moh. Kusnardi;Harmaily Ibrahim;Montesquieu;b
10;Konsep trias politica ditemukan oleh;John Locke;Montesquieu;Zul Afdi Ardian;Harmaily Ibrahim;Moh. Kusnardi;b
10;Buku yang berjudul Two Treaties of Government mengusulkan agarkekuasaan di dalam Negara itu dibagi dalam organ-organ Negara yang mempunyai fungsi yang berbeda-beda merupakan karangan;Mostesquieu;Miriam Budiardjo;Jimly Ashiddiqie;John Locke;Harmaily Ibrahim;d
10;Lembaga pemerintah yang membidangi urusan tertentu dalam pemerintah disebut;departemen;kementerian;DPD;DPR;MPR;b
10;Kementerian Negara diatur dalam Undang-Undang Nomor;37 tahun 2008;38 tahun 2008;39 tahun 2008;40 tahun 2008;41 tahun 2008;c
10;Kekuasaan yang berhubungan dengan penyelenggaraan pemeriksaan atas pengelolaan dan tanggung jawab tentang keuangan negara disebut kekuasaan;moneter;yudikatif;legislatif;eksaminatif;eksekutif;d
10;"Kekuasaan untuk menetapkan dan melaksanakan kebijakan moneter, mengatur dan menjaga kelancaran sistem pembayaran, serta memelihara kestabilan nilai rupiah disebut kekuasaan";moneter;yudikatif;legislatif;eksaminatif;eksekutif;a
10;Pemerintah pusat meyerahkan wewenang pemerintah kepada pemerintah daerah untuk mengatur dan mengurus sendiri urusan pemerintah di daerah disebut;otonomi daerah;sentralisasi;desentralisasi;kewenangan daerah;pemisah kekuasaan;a
10;Pasal 15 Undang-Undang Republik Indonesia Nomor 39 Tahun 2008 tentang kementerian Negara secara tegas menyatakan bahwa jumlah maksimal kementerian Negara yang dibentuk berjumlah;30;31;32;34;34;D
10;BNP2TKI adalah kepanjangan dari;Badan Nasional Pelayanan dan Perlindungan Tenaga Kerja Indonesia;Badan Negara Penempatan dan Perlindungan Tenaga Kerja Ilegal;Badan Nasional Penempatan dan Perlindungan Tenaga Kerja Indonesia;Badan Negara Pelayanan dan Pendataan Tenaga Kerja Ilegal;Dadan Naional Pelayanan dan Penempatan Tenaga Kerja Indonesia;c
10;"Kelompok sosial yang menududuki wilayah atau daerah tertentu yang diorganisir di bawah lembaga politik dan pemerintah yang efektif, mempunyai satu kesatuan politik, berdaulat sehingga berhak menentukan tujuan nasionalnya disebut";wilayah;Negara;pemerintah;daerah;lembaga;b
10;"Organisasi masyarakat mempunyai daerah, yang mana kekuasaan Negara berlaku sebagai kedaulatan, merupakan pengertian Negara menurut";Miriam Budiardjo;Joko Sutomo;Sunarko;George Jellink;Robert Mac Iver;c
10;"Suatu perkumpulan sosial yang mempunyai fungsi memelihara ketertiban, menghormati keribadian warga Negara, melindungi rakyat, dan menciptakan kesejahteraan umum, merupakan definisi Negara sebagai";organisasi kekuasaan;organisasi politik;organisasi kesusilaan;Negara intergralistik;Negara federal;b
10;"Tokoh yang berpendapat bahwa manusia pada hakikatya merdeka dan sama, maka untuk menjamin hak-hak manusia didirikan Negara, serta hukum harus menjadi dasar Negara adalah";John Locke;Montesquie;Sunarko;J.J Rousseau;Miriam Budiardjo;d
10;Kumpulan manusia yang hidup bermasyarakat di wilayah suatu Negara dan memiliki cita-cita untuk hidup bersama dalam suatu kesatuan politik disebut;warga Negara;rakyat;penduduk;orang asing;bukan penduduk;b
10;"Orang-orang yang berada di wilayah suatu Negara, tetapi status hukumnya sebagai warga Negara lain dan mereka tunduk pada peraturan hukum Negara tempat mereka berada, disebut";penduduk;bukan penduduk;warga Negara;orang asing;rakyat;d
10;Unsur mutlak suatru Negara sebagai tempat berhuninya Negara dan tempa berlangsungnya pemerintahan yang berdaulat disebut;rakyat;penduduk;wilayah Negara;wilayah daratan;wilayah lautan;c
10;Wilayah lautan suatu Negara yang lebih dari 200 mil laut disebut;ZEE;batas zona bersebelahan;batas laut territorial;batas landas benua;batas garis pantai;a
10;Pola tingkah laku individu dan orientasinya terhadap kehidupan politik yang dihayati oleh para anggotanya dan sistem politik disebut;budaya politik;sistem politik;infrastruktur politik;suprastruktur politik;partai politik;a
10;Dibawah ini yang bukan merupakan suprastruktur politik Indonesia adalah;MPR;DPR;DPD;LSM;LSM;D
10;Di bawah ini yang bukan merupakan insfrastruktur politik Indonesia adalah;partai politik;kelompok kepentingan;kelompok penekan;presiden;media komunikasi politik;d
10;Sekelompok manusia yang bersatu atau mengadakan kegiatan karena adanya kepentingan tertentu disebut;partai politik;kelompok penekan;kelompok penekanan;media komunikasi politik;tokoh politik;c
10;Instrumen politik yang berfungsi menyampaikan informasi dan persuasi mengenai politik baik dari pemerintah kepada masyarakat dan sebaliknya adalah;kelompok penekan;tokoh politik;partai politik;media komunikasi politik;media komunikasi politik;D
10;Sbsistem dari sistem sosial merupakan;sistem nilai;sistem norma;sistem politik;sistem keluarga;sistem pemerintahan;c
10;Institusi politik yang digunakan oleh rakyat untuk menyalurkan aspirasi dan kebutuhannya dengan sasaran akhir adalahuntuk memengaruhi atau bahkan membentuk kebijakan pemerintah disebut sebagai;kelompok kepentingan;kelompok penekan;kelompok politik;media komunikasi politik;kelompok tokoh politik;b
10;"Partai politik adalah sekelompok warga Negara yang sedikit banyak terogsnisasi, yang bertindak sebagai suatu politik, dan bertujuan menguasai pemerintahan, serta melaksanakan kebijaksanaan umum mereka, merupakan pengertian partai politik menurut";Mariam Budiarjo;Mostesquieu;Sugmund Neumann;Roger F. Soltau;George Jellineck;d
10;"Kata partisipasi berasal dari bahasa Belanda, yaitu";participatie;participation;partilipatio;participare;participationare;a
10;"Keterlibatan warga dalam segala tahapan kebijakan, mulai sejak pembuatan keputusan sampai dengan penilaian keputusan, termasuk peluang untuk ikut serta dalam pelaksanaan keputusan disebut";partisipasi sosial;partisipasi budaya;partisipasi ekonomi;partisipasi politik;pastisipasi keamanan;d
10;"Otonomi berasal dari bahasa Yunani, yaitu";autonomos;aoutonomatica;autonomaia;autonomy;automanica;a
10;"Keleluasaan daerahuntuk menyelenggarakan kewenangan pemerintah di bidang tertentu yang secara nyata ada dan diperlukan serta tumbuh, hdup, dan berkembang di daerah disebu prinsip otonomi";sluas-luasnya;bertanggung jawab;nyata;satu arah;menyeluruh;c
10;"Di bawah ini merupakan pemerintah daerah, kecuali";gubernur;presiden;bupati;walikota;camat;b
10;"Istilah dari yustisi, yaitu";keamanan;ketertiban;pertahanan;peradilan;kesejahteraan;d
10;Ampunan yang diberikan presiden kepada orang yang telah dijatuhi hukuman atas pertimbangan Mahkamah Agung disebut;amnesti;reabilitasi;abolisi;grasi;grasi;D
10;"Melalui pendidikan politik, generasi muda diharapkan mengembangkan sikap seperti di bawah ini, kecuali...";pemahaman tentang demonstrasi;pemahaman tentang demokrasi;kemampuan berpartisipasi dalam kehidupan demokratis;keterampilan berpikir kritis;kesetiaan terhadap moral demokrasi;a
10;Partai politik akan tumbuh subur di negara yang menganut paham...;komunis;sosialis;demokrasi;fasis;republik;c
10;"Keterikatan antara dasar negara dengan konstitusi nampak pada gagasan dasar, cita-cita, dan tujuan negara yang tertuang dalam...";Pembukaan UUD suatu negara;Penjelasan UUDS 1945;Pancasial sebagai ideologi negara;Batang Tubuh UUD 1945;Pancasila sebagai dasar negara;a
10;Salah satu dampak negatif yang dapat ditimbulkan oleh media massa adalah apabila media massa menjadi...;sarana pemberitaan yang jujur dan objektif;sarana pertangungjawaban pemerintah kepada masyarakat;sarana kontrol masyarakat terhadap pemerintah;sarana mobilisasi rakyat untuk kepentingan penguasa;sarana mobilisasi rakyat untuk kepentingan penguasa;D
10;"UUD 1945 ditetapkan sebagai UUD negara RI diundangkan dalam sebuah Berita Republik Indonesia tahun II No. 7, ditetapkan oleh...";MPRS;PPKI;KNIP;DPRS;Konstituante;b
10;"Permasalahan politik dalam organisasi negara, berfokus pada...";lembaga-lembaga negara;kekuasaan;organisasi politik;partai politk;fungsi alat negara;b
10;Inti dari Pembukaan UUD 1945 pada hakikatnya terdapat dalam...;alinea pertama;alinea ketiga;alinea keempat;alinea pertama dan keempat;alinea pertama dan keempat;D
10;Lembaga suprastruktur politik adalah...;presiden;pers;karang taruna;partai politik;kelompok tani;a
10;Dengan dicantumkannya Pancasila secara formal di dalam Pembukaan UUD 1945 maka Pancasila memperoleh kedudukan sebagai...;sumber hukum nasional;dasar hukum nasional;landasan konstitusional;norma dasar hukum positif;sumber tertib hukum;a
10;Urutan tertib hukum Indonesia. Pembukaan UUD 1945 adalah sebagai berikut...;sumber hukum nasional;dasar hukum nasional;landasan konstitusional;sumber tertib hukum tertinggi;sumber tertib hukum tertinggi;D
10;Asas yang digunakan negara-negara di dunia dalam menentukan kewarganegaraan warga negaranya adalah...;asas ius soli dan ius sangunis;stelsel aktif dan pasif;apatride dan bipatrdie;perjanjian antarnegara;pengkuan dan pengangkatan;a
10;Alasan negara Indonesia menggunakan asas ius soli dan ius sanguinis secara bersamaan dalam menentukan kewarganegaraan adalah...;menyebarkan penduduk ke luar negeri;mengundang investasi asing masuk Indonesia;menghindari apatride dan bipatride;agar kewarganegaraan seseorang tidak diperebutkan;mempermudah orang asing menjadi warga negara Indonesia;c
10;"Setiap orang diberikan kebebasan untuk berserikat dan berkumpul dalam organisasi sosial, organisasi politik, dan mengeluarkan atau menyatakan pendapat merupakan makna dari pasal...";28;30;31;33;27;a
10;Contoh perilaku dalam lingkungan masyarakat yagn menampilkan persamaan kedudukan warga negara adalah...;bersama-sama membantu meringkan beban orang tua;bekerja sama dalam memeriksa kesehatan penduduk;membayar pajak tepat waktu;ikut dalam program transmigrasi demi pemerataan pembangunan;membantu negara lain yang tertimpa musibah;c
10;"Menteri-menteri (kabinet) harus mempertanggungjawabkan semua tindakannya kepada DPR, merupakan ciri-ciri sistem pemerintahan...";presidensial;monarki;sosialis;parlementer;parlementer;D
10;Di bawah ini yang bukan tujuan dari partai politik adalah...;menciptakan masyarakat adil dan makmur yang merata materiil dan spiritual berdasarkan Pancasila dan UUD 1945 dan wadah NKRI;memengaruhi atau bahkan membentuk kebijakan pemerintah;memengaruhi kebijakan pemerintah tanpa keinginan memperoleh jabatan;sebagai perwakilan dari aspirari rakyat;sebagai jembatan dalam menentukan kebijakna pemerintah;a
10;Sesuai dengan prinsip-prinsip pers bebas yang bertanggung jawab. Media masa seharusnya mengabdi pada...;kepentingan penguasa negara;kesejahteraan bersama semua warga masyarakat;kepentingan pemilik modal yang membiayai media masa;kepentingan partai politik yang sedang berkuasa;kesejahteraan bersama para karyawan media massa;b
10;Badan Kependudukan dan Keluarga Berencana Nasional berada di bawah koordinasi menteri...;Kesehatan;Pendayagunaan Aparatur Negara dan Reformasi Birokrasi;Koordinator Bidang Perekonomian;Pemberdayaan Perempuan dan Perlindungan Anak;Lingkungan Hidup;a
10;"Menurut Zul Afdi Ardian, pada hakikatnya pembagian kekuasaan dapat dibagi dalam dua cara, yaitu secara...";vertikal dan horizontal;sentralisasi dan desentralisasi;legislatif dan eksekutif;legislatif dan yudikatif;eksekutif dan yudikatif;a
10;Kekuasaan untuk membuat undang-undang disebut kekuasaan...;yudikatif;eksekutif;legislatif;parlementer;presidensial;c
10;Kekuasaan untuk melaksanakan undang-undang disebut kekuasaan...;yudikatif;eksekutif;legislatif;parlementer;presidensial;b
10;Landasan hukum kementerian Negara Republik Indonesia adalah...;pasal 17 UUD 1945;pasal 18 UUD 1945;pasal 19 UUD 1945;pasal 20 UUD 1945;pasal 21 UUD 1945;a
10;Di bawah ini yang merupakan kementerian yang mengatur urusan pemerintahan yang nomenklatur/nama kementeriannya secara tegas disebut dalam UUD Negara Republik Indonesia Tahun 1945 adalah...;Kementerian Hukum dan HAM;Kementerian Keuangan;Kementerian Perindustrian;Kementerian Pertahanan;Kementerian Dalam Negeri;d
10;Lembaga pemerintah nonkementerian yang mengurusi masalah kependudukan dan keluarga berencana yaitu...;ANRI;BKKBN;BKPN;BMKG;BIN;b
10;Kementrian yang bertugas melakukan sinkronisasi dan koordinasi urusan kementerian-kementerian yang berada di dalam lingkup tugasnya disebut...;Kementerian Dalam Negeri;Kementerian Luar Negeri;Kementerian Pertahanan;Kementerian Koordinator;Kementerian Hukum dan HAM;d
10;"Di bawah ini yang bukan merupakan kementerian yang menangani urusan pemerintahan dalam rangka penajaman koordinasi dan sinkronisasi program pemerintah, yaitu...";"Kementerian koordinator Bidang Politik, Hukum, dan Keamanan";Kementerian koordinator Bidang Perekonomian;Kementerian koordinator Bidang Kesejahteraan Rakyat;Kementerian Sekretariat Negara;Kementerian Sekretariat Negara;D
10;Pembagian kekuasaan berarti bahwa kekuasaan itu memang dibagi-bagi dalam beberapa bagian adalah pengertian pembagian kekuasaan menurut...;Jimly Asshidiqie;Zul Afdi Ardian;John Locke;Moh. Kusnardi dan Harmaily Ibrahim;Moh. Kusnardi dan Harmaily Ibrahim;D
10;Organisasi di suatu wilayah yang mempunyai kekuasaan tertinggi yang sah dan ditaati rakyatnya disebut...;daerah;regional;negara;pemerintah;lembaga;c
10;Negara adalah kekuatan dari sekelompok manusia yagn berada atau tinggal di wilayah suatu negara adalah pengertian negara menurut...;Robert Mac Iver;George Jellineck;Sunarko;Miriam Budiardjo;Joko Sutono;b
10;Negara memiliki kekuatan fisik secara legal merupakan sifat negara yang ...;monopolis;memaksa;mencakup semua;bilateral;multilateral;b
10;Negara sebagai organisasi kekuasaan terdiri atas jabatan-jabatan dan untuk mengatur masyarakat dengan kekuasaannya. Pernyataan tersebut merupakan definisi negara sebagai...;organisasi kekuasaan;organisasi politik;organisasi kesusilaan;negara intergralistik;negara federal;a
10;"Suatu negara memiliki susunan masyarakatnya kesatuan, segala golongan, dan berhubungan erat dengan yang lainnya sebagai suatu kesatuan merupakan ciri...";negara federal;negara komunis;negara integralistik;negara serikat;negara sosialis;c
10;Negara dalam menetapkan tujuan bersama rakyatnya merupakan sifat negara yang...;monopoli;memaksa;mencakup semua;bilateral;multilateral;a
10;"Berdasarkan pernyataan di bawah ini (1. memaksa 2. monopoli 3. mencakup semua 4. kesatuan 5. demokrasi), yang merupakan sifat hakikat negara menurut Miriam Budiardjo, yaitu...";"1, 2, dan 3";"2, 3, dan 4";"3, 4, dan 5";"2, 4, dan 5";"1, 2, dan 5";a
10;Semua orang yang menjadi penghuni suatu negara disebut...;rakyat;penduduk;warga negara;bukan penduduk;orang asing;a
10;Mereka yang berada atau tinggal di wilayah suatu negara hanya untuk batas waktu tertentu dan tidak bermaksud menetap disebut...;rakyat;penduduk;warga negara;bukan penduduk;bukan warga negara;d
10;Mereka yang secara hukum sebagai anggota negara dan mengakui bahwa pemerintahan negara itu adalah pemerintahan yang sah disebut...;warga negara;bukan warga negara;rakyat;penduduk;bukan penduduk;a
10;Wilayah NKRI adalah sebuah negara kepulauan yang berciri nusantara dengan wilayah yang batas-batas dan hak-haknya ditetapkan dengan undang-undang merupaksal pasal...UUD 1945;24;25A;25B;25C;26;b
10;"Berikut ini yang merupakan batas alamiah wilayah daratan suatu negara, kecuali...";sungai;danau;pegunungan;pagar tembok;pagar tembok;D
10;Di bawah ini yang termasuk ke dalam batas buatan wilayah daratan suatu negara adalah...;sungai;pegunungan;danau;patok besi;lembah;d
10;"Perairan berupa samudera, laut, selat, danau, dan sungai disebut...";wilayah daratan;wilayah lautan;wilayah udara;wilayah negara;wilayah teritorial;b
10;"Tokoh yang mengembangkan konsepsi pokok tentang kelautan Res nullius, yaitu...";John Sheldon;Hugo de Groot;Montesuieu;Miriam Budiardjo;John Locke;a
10;"Konsepsi yang menyatakan bahwa laut itu dapat diambil dan dimiliki oleh masing-masing negara, yaitu...";res communis;res nullius;res sanguinis;res soli;res teritorial;b
10;Konferensi hukum laut internasional III diselenggarakan pada tahun...;1980;1981;1982;1983;1984;c
10;Wilayah laut suatu negara yang jaraknya 200 mil laut diukur dari pantai disebut...;batas laut teritorial;batas zona bersebelahan;zona ekonomi ekslusif;batas landas benua;batas regional kelautan;c
10;Wilayah suatu negara yang berada di luar wilayah negara itu disebut...;wilayah daratan;wilayah lautan;wilayah udara;wilayah ekstrateritorial;wilayah negara;d
10;Tokoh yang menyatakan bahwa setiap negara mempunyai kedaulatan atas wilayah udaranya sampai yang diperlukan untuk menjaga keamanannya adalah...;Schacter;Cooper;Hugo de Groot;John Sheldon;Fauchille;a
10;"Berdasarkan pernyataan di bawah ini (1. Kementerian Keuangan 2. Kementerian Perindustrian 3. Kementerian Perdagangan 4. Kementerian Pertanian 5. Kementerian Luar Negeri 6. Kementerian Kehutanan 7. Kementerian Pertahanan), yang merupakan kementerian yang nomenklaturnya disebut dalam UUD 1945 adalah...";1 dan 2;2 dan 3;3 dan 5;5 dan 7;6 dan 7;d
10;"Di bawah ini yang termasuk ke dalam kementerian yang menangani urusan pemerintahan dalam rangka penajaman, koordinasi, dan sinkronisasi program pemerintah adalah...";"Kementerian Pertanian, Kementerian Kehutanan, dan Kementerian Lingkungan Hidup";"Kementerian Keuangan, Kementerian Perdagangan dan Kementerian Perhubungan";"Kementerian Koordinator Bidang Politik, Kementerian Kehutanan, dan Kementerian Sosial";"Kementerian Sekretariat Negara, Kementerian Pembangunan Daerah Tertinggal, dan Kementerian Pemuda dan Olahraga";"Kementerian Agama, Kementerian Pekerjaan Umum, dan Kementerian Perumahan Rakyat";d
10;"Penyelenggaraan negara yang bersih dan bebas dari korupsi, kolusi, serta nepotisme menurut UU Republik Indonesia nomor...";25 Tahun 1999;26 Tahun 1999;27 Tahun 1999;28 Tahun 1999;29 Tahun 1999;d
10;"Penyelenggaraan negara dalam arti sempit, yaitu...";eksekutif;legislatif;yudikatif;konstitutif;eksaminatif;a
10;Kekuasaan untuk menetapkan dan melaksanakan kebijakan moneter merupakan kekuasaan...;konstitutif;eksekutif;legislatif;moneter;moneter;D
10;Tokoh yagn mempelopori konsepsi yang menyatakan bahwa laut itu dapat diambil dan dimiliki oleh masing-masing negara adalah...;Huge de Groot;Jhon Sheldon;Miriam Budiardjo;Sunarko;George Jellineck;b
10;Konferensi hukum laut internasional III diselenggarakn oleh PBB pada...;10 Desember 1982;11 Desember 1982;12 Desember 1982;13 Desember 1982;14 Desember 1982;a
10;"Wilayah udara itu haruslah sampai pada ketinggian di mana udara masih cukup mampu mengangkat balon dan pesawat udara, merupakan pengertian dari...";teori keamanan;teori pengawan cooper;teori udara bebas;teori udara;teori udara;D
10;Batas wilayah Indonesia sebelah timur berbatasan langsung dengan...;Pulau Kalimantan;Timor Leste;Samudera Hindia;Papua Nugini;Papua Nugini;D
10;Proses permohonan kewarganegaraan oleh warga negara asing menjadi warga negara suatu negara disebut...;naturalisasi;deportasi;imigrasi;imigrasi;transmigrasi;a
10;Fungsi konsititusi adalah sebagai berikut. Kecuali...;menjamin hak-hak asasi manusia;membatasi periaku pemerintahan;menentukan lembaga negara bekerja sama satu sama lain;menentukan hubungan antarnegara;menentukan hubungan antarnegara;D
10;Kedudukan Pancasila sebagai dasar negara tertuang dalam...;GBHN;Pembukaan UUD 1945;UUD 1945;Batang Tubuh UUD 1945;Tap MRP RI;b
10;Motivasi untuk mencapai dan mempertahankan serta mengisi kemerdekaan dapat diungkapkan secara objektif dalam Pembukaan UUD 1945 alinea...;pertama;kedua;ketiga;keempat;kedua dan ketiga;b
10;"Sebagai ideologi nasional bangsa Indonesia, Pancasila berperan sebagai...";dasar pembentukan Indonesia merdeka;untuk mewujudkan cita-cita dan tujuan nasional bangsa Indonesia sebagaimana dirumuskan dalam Pembukaan UDD 1945;"mempersatukan bangsa, memelihara, dan mengukuhkan persatuan dan kesatuan";pedoman dalam menggunakan hak dan kewajiban;"dasar hubungan antarwarga negara dengan negara, melainkan juga dasar bagi perhubungan antarwarga negara";b
10;UUD 1945 sebagai konstitusi Negara Kesatuan Republik Indonesia ditetapkan sebagai sumber huum dan atau urutan perundang-undangan RI melalui...;UU No. 30/2003;Tap. MPR No. III/MPR/2000;PP No. 10/2000;UU No. 23/2003;UU no. 22/1999;b
10;"Suatu konstitusi memuat beberapa hal pokok yang harus diatur dalam negara, antara lain, kecuali...";tujuan negara;lembaga negara;perubahan negara;hak asasi manusia;sanksi;c
10;"Pancasila tidak hanya menjadi dasar hubungan antarwarganegara dengan negara, melainkan juga sebagai...";usaha memahami situasi sosial tertentu;pedoman sebagai dasar negara;wujud dari cita-cita dan tujuan nasional bangsa Indonesia;dasar perhubungan antarwarga negara;dasar pembentukan negara merdeka;c
10;Negara yang pemerintahanya tidak mempunyai undang-undang dasar tertulis adalah...;Thailand;Inggris;Amerika Serikat;Perancis;Kanada;a
10;Kewarganegaraan seseorang yang diperoleh dengan cara melakukan tindakan-tindakan hukum tertentu disebut...;opsi;naturlasisasi;repudiasi;apatride;bipatride;b
10;"Berikut ini adalah kewajiban negara terhadap warga negaranya, kecuali diwajibkan negara untuk...";menjamin sistem hukum yang adil;menjamin hak asasi warga negara;memberi kebebasan beribadah;mengembangkan pendidikan untuk rakyat;memberikan jaminan sosial;a
10;"Untuk menetap di Indonesia, orang asing harus...";bekerja dan belajar di Indonesia;mendapat izin bertempat tinggal dari pemerintah Indonesia;memiliki visa masuk ke negara Indonesia;memiliki paspor dan visa yang disahkan oleh kantor imigrasi;memiliki saudara yang bertempat tinggal di Indonesia;d
10;Mereka yang berdiam di dalam suatu negara atau menjadi penghuni negara disebut...;bangsa;rakyat;warga negara;penduduk;bukan penduduk;d
10;"Apabila seorang warga negara dari suatu negara yang menganut asas ius sanguinis melahirkan anak di negara yang menganut asas ius soli, maka anak tersebut memiliki kewarganegaraan rangkap yang disebut...";apartheid;apartride;bipatride;stelsel aktif;stelsel pasif;c
10;Asas kewarganegaraan suatu negara yang ditetapkan menurut keturunan darah orang tuanya disebut asas...;ius soli;ius sanguinis;ius naturalisasi;ius nelius;ius melius;b
10;Seseorang yang dianggap menjadi warga negara dengan sendirinya tanpa melakukan tindakan hukum tertentu disebut...;naturalisasi;repudiasi;opsi;stelsel pasif;stelsel aktif;d
10;"Menurut UU Nomor 12 Tahun 2006, yang menjadi warga negara Indonesia adalah setiap orang yang berdasarkan peraturan perundang-undangan dan/atau berdasarkan perjanjian Pemerintah Republik Indonesia dengan negara lain sebelum undang-undang ini berlaku sudah menjadi...";warga negara Belanda;warga negara Indonesia;warga negara asing;kaula negara Belanda;kaula timur asing;b
10;"Demokrasi di negara komunis, sesungguhnya yang mengendalikan kekuasaan pemerintahan adalah...";perdana menteri;presiden;parlemen;politbiro;politbiro;D
10;"Ilmu politik adalah ilmu yang mempelajari negara, tujuan-tujuan negara, dan lembaga yang akan melaksanakan tujuan-tujuan itu, serta hubungan antara negara dengan masyarakat, yaitu pendapat...";J. Barents;Roger F. Soltau;Adilth Grabowsky;Miriam Budiarjo;Niccolo Machiavelli;b
10;"Menurut Sigmund Neumann, fungsi partai politik pada negara komunis adalah untuk...";melahirkan tindakan-tindakan terhadap penentang penguasa;mediator bagi aspirasi-aspirasi rakyat di parlemen;mengendalikan aspek kehidupan rakyat secara monopolitik;mewujudkan keadaan negara yang sama rata dan sama rasa;kemakmuran rakyat yang sebesar-besarnya secara totalitas;d
10;"Alat musik yang berupa bilah-bilah kayu, bambu, atau logam yang diletakkan berderet dan dipukul pada badan bahan yang berbunyi adalah tergolong jenis alat musik...";aerofon;kordofon;bambufon;idiofon;idiofon;D
10;Jenis alat musik nonvokal kordofon adalah...;gendang;serunai;sasando;gambang;bonang;c
10;Fungsi instrumen balungan dalam seni gamelan adalah...;penjaga kestabilan tempo;pembawa melodi pokok;pelengkap lagu;pengatur irama;pengatur perubahan tempo;b
10;Dari pertunjukkan sederhana menjadi pertunjukan besar yang berkembang dalam lingkup internasional adalah perubahan tradisi musik dari segi...;jumlah pemain;media penyebaran;komposisi pemain;komposisi musik;spesifikasi alat;b
10;Rebab merupakan bagian dari alat musik gamelan yang dimainkan dengan cara...;dipetik;ditabuh;dipukul;digesek;ditiup;c
10;Jenis suara vokal sedang untuk pria disebut...;sopran;alto;tenor;bariton;bas;d
10;"Berikut ini fungsi gender dalam musik gamelan, kecuali...";sebagai pengiring;sebagai pembuka;sebagai penutup;sebagai penyelaras lagu;sebagai penuntun suara;c
10;Berikut ini yang bukan termasuk dalam fungsi utama musik tradisional adalah...;sebagai media hiburan;sebagai media upacara;sebagai media penyebaran musik;sebagai media ekspresi;sebagai media komersial;c
10;"Berikut ini ciri lagu daerah yang merupakan warisan lagu tradisi turun-temurun, kecuali...";lagu dan musik bersifat sederhana;jarang diketahui nama pencipta lagu;ciri isi lagu sesuai keadaan budaya tetangga;menggambarkan kehidupan masyarakat;mengandung unsur kebersamaan;c
10;"Gender adalah alat musik gamelan yang memiliki tiga macam nada (titi laras), yaitu...";"slendro, panunggul, dan barung";"slendro, pangkon, dan barung";"panunggul, slendro, dan pangkon";"slendro, panunggul, dan pelog barung";"slendro, panunggul, dan pelog barung";D
10;Bentuk ciptaan yang dialihkan ke dalam suatu tulisan musik agar lagu dapat dinikmati orang banyak disebut...;komposisi;improvisasi;lagu;akor;transkripsi;a
10;Bagian yang ditambahkan pada akhir suatu aransemen lagu bertujuan menghasilkan titik klimaks disebut...;interlude;coda;lagu pokok;intro;pengembangan;b
10;"Menjadi arranger musik tidaklah mudah, harus memenuhi syarat sebagai berikut, kecuali...";memilih dan menetapkan lagu yang baik;menentukan lirik lagu;menganalisis syair atau melodi;mengenal kemampuan teknis dan karakter vokal setiap individu;menetapkan bentuk aransemen yang akan dibuat;b
10;Karya cipta musik tidak tertulis berlangsung sekali saja disebut...;improvisasi;musisi;ekspresi;nyanyian;spontanitas;a
10;Agar musik dapat dimainkan orang lain (pemusik) seperti yang dikehendaki komponisnya dilakukan penulisan dengan...;motivasi;nada;irama;melodi;melodi;D
10;"Berikut ini adalah musik yang cara memainkannya digesek, kecuali...";cello;rebab;biola;harpa;tarawangsa;d
10;"Hasil karya cipta lagu/nyanyian dapat berupa sebagai berikut, kecuali...";lagu klasik;lagu instrumen;lagu wajib nasional;lagu tradisional;lagu seriosa;b
10;Bernyanyi dibawakan oleh empat orang disebut...;septet;kwentet;kwartet;duet;trio;c
10;"Notasi balok merupakan media komunikasi formal yang bersifat internasional, jangkauannya mencapai...";dua oktaf;tiga oktaf;empat oktaf;tujuh oktaf;tujuh oktaf;D
10;Berikut ini yang bukan merupakan unsur melodi adalah...;interval;aktor;abreviatura;hiasan nada;tangga nada;b
10;Permainan musik akapela yang biasanya dilakukan tanpa menggunakan alat musik termasuk jenis penampilan...;vokal;instrumental;paduan suara;kelompok;kelompok;D
10;"Berikut ini adalah syarat untuk menjadi arranger, kecuali...";memilih dan menetapkan lagu yang baik;menganalisir syair;mengalihkan posisi;membuat alur melodi yang baik pada setiap kelompok;menetapkan bentuk aransemen yang dibuat;c
10;Berikut ini yang termasuk pengertian transkrip adalah...;perpindahan dari satu nada dasar ke nada dasar lainnya;susunan yang terdiri dari beberapa nada yang diperdengarkan serempak;susunan penulisan dalam seni musik;mengubah notasi angka menjadi notasi balok atau sebaliknya;mengubah notasi angka menjadi notasi balok atau sebaliknya;D
10;Musik yang dibunyikan dengan suara manusia (mulut) atau disebut menyanyi disebut...;musik instrumen;musik vokal;musik campuran;musik kelompok;musik paduan suara;b
10;Hal yang bukan termasuk penentu ide musikal terwujud menjadi sebuah karya musik adalah...;melodi dan lagu yang ditentukan;menerjemahkan ide musikal menjadi bahasa bunyi;keteraturan hubungan dengan bahasa bunyi lainnya;karakter yang dapat diinterpretasikan dengan bahasa bunyi;karakter yang dapat diinterpretasikan dengan bahasa bunyi;D
10;"Jembatan antar bagian pengembangan lagu pokok, merupakan pengertian dari...";transportasi;lagu pokok;introduksi;interlude;coda;d
10;Akor dasar mempunyai paduan nada dengan susunan...;"C, F, dan G";"A, C, dan D";"A, B, dan C";"C, E, dan F";"D, E, dan A";a
10;Struktur aransemen yang berfungsi sebagai bagian pengantar menuju lagu pokok disebut...;interlude;pengembangan;ritme;introduksi;melodi;d
10;"Hal-hal yang perlu diperhatikan dalam penampilan musik di bawah ini, kecuali...";penguasaan teknik memainkan alat musik;alat-alat musik dipersiapkan terlebih dahulu sebelum dimainkan;badan senantiasa dalam posisi tegak;pembawa irama agar menjaga beat yang tetap;memainkan alat sendiri terlalu keras;c
10;Apresiasi seni pada prinsipnya merupakan aktivitas mental yang mencakup penghargaan yang bersifat...;objektif;subjektif;abadi;persuasif;deskriptif;b
10;Salah satu ciri tari yang berfungsi sebagai sarana upacara ritual adalah...;kostumnya berwarna merah;tangga nada musiknya pelan;tempat pertunjukkan tidak sembarangan;komposisi nadanya berpola;penarinya bukan penari pilihan;c
10;Ciri gerak tari tradisional folklasik adalah...;perbendaharaan gerak terbatas pada peristiwa adat yang khas dari suku bangsa yang bersangkutan;pertunjukkan yang bernilai artistik cukup tinggi;berkembang secara turun-menurun;memerhatikan kaidah-kaidah seni;digarap secara baik;a
10;"Berikut ini jenis tari berdasarkan bentuk penyajiannya, kecuali...";tari pertunjukkan;tari massal;drama tari;tari berpasangan;tari tunggal;a
10;"Di bawah ini merupakan keunikan gerakan tarian daerah, kecuali...";gerakan kaki;gerakan tangan;gerakan badan;gerakan kepala;gerakan mata;c
10;"Jenis-jenis benda pakai yang dibuat dengan menggunakan teknik butsir dan cetak, kecuali...";cangkir;teko;gentong;meja ukir;meja ukir;D
10;Alat-alat yang diciptakan oleh manusia di zaman prasejarah digunakan untuk...;melangsungkan hidup;mengakhiri hidup;mempertahankan hidup;melanjutkan hidup;berburu binatang hidup;c
10;"Pembuatan karya seni rupa terapan menonjolkan beberapa hal di bawah ini, kecuali...";keterampilan;kecekatan;keuletan tangan;kekuatan;ketelitian;d
10;Benda-benda seni rupa terapan sering juga disebut dengan...;seni pakai;seni murni;seni kriya;seni hias;seni terapan;c
10;Orang yang membuat benda-benda kerajinan disebut...;pematung;pelukis;seniman;perajin;perajin;D
10;"Berikut ini merupakan contoh benda seni rupa terapan yang termasuk benda pakai, kecuali...";meja;kursi;cangkir;perajin;perajin;D
10;"Berikut ini merupakan contoh benda seni rupa terapan yang termasuk benda hiasan, kecuali...";hiasan dinding;poci;guci;kaca patri;lukisan;b
10;"Berikut ini yang termasuk jenis-jenis karya seni rupa terapan, kecuali...";kriya anyaman;kriya batik;kriya ukiran;kriya patung;kriya patung;D
10;"Berikut ini termasuk bahan lunak yang digunakan untuk benda pakai, kecuali...";batu andesit;tanah liat;plastisin;malam;bubur kertas;a
10;Manusia telah mengenal benda-benda hasil karya seni rupa terapan sejak zaman...;modern;prasejarah;Orde Baru;purba;Masehi;b
10;"Berikut ini termasuk cabang-cabang seni desain dalam karya seni rupa terapan, kecuali...";desain produk;desain patung;desain grafis;desain arsitek;desain interior;b
10;"Perbedaan dan persamaan karya seni rupa terapan diidentifikasi berdasarkan hal berikut ini, kecuali...";gagasan;media;keindahan;teknik;prosedur;c
10;Contoh bahan lunak apabila dicampur air akan bersifat lunak tetapi hanya sementara dan dalam waktu tertentu akan mengeras kembali adalah...;tanah liat;plastisin;kayu;sabun batangan;gips;a
10;Contoh bahan lunak yang dapat bertahan lama adalah...;tanah liat;gips;plastisin;kayu;bubur kertas;b
10;Hiasan dinding dan guci termasuk benda hasil karya seni rupa terapan yang berfungsi...;sebagai benda pakai;sebagai benda ukiran;sebagai benda multifungsi;sebagai benda hiasan;sebagai benda hiasan;D
10;Seni kriya kaligrafi dibuat sejak...;zaman prasejarah;zaman Islam;zaman Hindu-Buddha;dikenalnya tulisan;masa penjajahan;b
10;Contoh kriya seni rupa terapan adalah...;patung;hiasan dinding;lukisan benda;sepatu kulit;lukisan orang;d
10;Hasil karya seni kriya pada zaman prasejarah pada umumnya digunakan untuk...;keperluan rumah tangga;karya seni;karya kerajinan;upacara penyembahan roh nenek moyang;hiasan;d
10;Teknik cetak disebut juga...;tradisional;pewarnaan;printing;sambungan;ngelorod;c
10;Berikut ini yang bukan termasuk unsur-unsur seni rupa adalah...;garis;warna;arah;irama;spot;d
10;Cara melarutkan atau membersihkan malam pada kain batik adalah...;melarut;ngelorod;bilas;sterilisasi;pasteurisasi;b
10;Musik nontradional dapat menarik banyak penggemar dari Indonesia maupun luar negeri. Hal ini menunjukkan fungsi musik nontradisional sebagai...;sarana ekpresi;media hiburan;wujud pelestarian kepribadian bangsa;penambah kekayaan budaya nasional;saran apendidikan;d
10;"Penampilan musik yang baik harus mengandung unsur-unsur hidup dalam musik yang meliputi hal berikut, kecuali...";irama;melodi;ekspresi;harmoni;ritme;c
10;Aransemen tertulis dapat berupa notasi lengkap atau...;simbol angka;simbol garis;simbol huruf;simbol akor;simbol visual;d
10;Seni budaya merupakan hasil dari ... manusia;pemikiran;ekspresi;kreativitas;"cipta, karya, karsa";"cipta, karya, karsa";D
10;Informasi yang disampaikan kepada masyarakat umum disebut...;sertifikasi;publikasi;pengumuman;promosi;ajakan;b
10;Musik dangdut merupakan perkembangan dari musik tradisional...;Bali;Kalimantan;Melayu;Jawa;Aceh;c
10;Musik arumba merupakan perkembangan dari musik...;keroncong;dangdut;angklung;congdut;campursari;c
10;Mengaransemen lagu/musik dengan cara tidak tertulis disebut...;improvisasi;harmoni;melodi;ekspresi;ritme;a
10;Gerak tari yang memiliki gerak silat yang lincah dan gesit berasal dari daerah...;Jawa;Nanggroe Aceh Darussalam;Batak;Minangkabau;Papua;d
10;Tari kebyar diciptakan oleh...;I Wayan;I Gede;I Mario;I kusuma;I Yuko;c
10;Jenis tarian yang menirukan gerakan-gerakan hewan adalah ciri tarian pada zaman...;Hindu;Buddha;Majapahit;Prasejarah;Prasejarah;D
10;Kesan warna merah menimbulkan karakter...;dingin;segar;romantis;"panas, gairah";"panas, gairah";D
10;"Jika gerakan, irama, dan aksen tari dilakukan secara serempak disebut tari...";kelompok;serempak;rampak;rampek;pasangan;c
10;Lembaga pendidikan yang berkembang pada masa Islam adalah...;pasraman;pesantren;madrasah;pawestren;sekolah;b
10;"Para pedagang Islam pada abad ke-7 M pernah singgah di Zabag, Sabay, atau Sribusa untuk sebutan kerajaan...";Malaka;Samudera Pasai;Melayu;Sriwijaya;Majapahit;d
10;"Menurut P.A. Djajadiningrat, Islam di Indonesia berasal dari...";Arab;Mekah;Gujarat;Persia;Turki;d
10;"Dalam belajar bahasa Arab ada istilah jeer, pees, dan jabar merupakan pengaruh...";India;Gujarat;Arab;Persia;Turki;d
10;Seorang wali dan juga pendiiri Kerajaan Banten dan Cirebon adalah...;Sunan Ampel;Sunan Bonang;Sunan Kalijaga;Sunan Gunung Jati;Sunan Kudus;d
10;Seorang ulama yang mengajarkan Widhatul Wujud adalah...;Syekh Siti Jenar;Sunan Ngudung;Sunan Panggung;Sunan Tembayat;Sunan Bonang;a
10;Hamka merupakan tokoh yang memperkenalkan teori...;Mekah;Persia;Gujarat;Cina;India;a
10;Kitab klasik yang dipelajari di pesantren disebut juga...;kitab kuning;kitab gundul;kitab kuno;serat menak;hikayat Amir Hamzah;a
10;Seni menulis huruf Arab yang indah disebut...;kaligrafi;kartografi;karikatur;koreografi;historiografi;a
10;Penyebaran Islam di daerah pesisir pertama kali melalui...;perdagangan;perkawinan;pendidikan;tasawuf;politik;a
10;Kitab Nitisruti dan Nitisastra adalah karya...;Sultan Agung;Ronggowarsito;Hamzah Fansuri;Raja Ali Haji;Nuruddin ar-Raniri;a
10;"Berdasarkan makam Fatimah binti Maimun, Islam sudah ada di Jawa pada abad...";ke-7 M;ke-11 M;ke-13 M;ke-14 M;ke-15 M;b
10;Ajaran tasawuf di Jawa dikenal dengan istilah...;hikayat;serat;babad;suluk;syair;d
10;Perselisihan Portugis dan Spanyol di Maluku diselesaikan melalui perjanjian...;Saragosa;Tordessilas;Versailes;Vatikan;Roma;a
10;Berikut yang bukan karya sastra Hamzah Fansuri adalah...;syair Perahu;syair si Burung Pingai;syair Dagang;syair Revolusi;syair Sidang Fakir;d
10;"Berikut karya sastra berupa hikayat terjemahan dari Arab dan Persia, kecuali...";Hikayat Nur Muhammad;Hikayat Al Anbiya;Hikayat Bayan Budiman;Hikayat Bulan Berbelah;Hikayat 1001 malam;c
10;Perubahan nama Sunda Kelapa menjadi Jayakarta dilakukan oleh...;Fatahillah;Pati Unus;Sultan Trenggono;Sultan Agung;Sultan Ageng Tirtayasa;a
10;"Untuk mencapai nirwana, umat Buddha harus menjalankan delapan jalan kebenaran yang disebut...";astabrata;astavidya;saptamarga;astagatra;dasadhrama;b
10;"Berikut adalah tempat-tempat yang disucikan umat Buddha, kecuali...";Taman Lumbini;Bodhgaya;Benares;Benggala;Kusinagara;d
10;Pengaruh aksara pada masa Hindu dan Buddha dengan dikenalnya huruf...;Latin;Arab;Cina;Pallawa;Sanskerta;d
10;Pengaruh bahasa yang dominan pada masa Hindu dan Buddha adalah...;Hindi;Sanskerta;Arab;Tagalog;Austronesia;b
10;Perayaan Hari besar umat Buddha yang dilakukan pada bulan purnama di bulan Mei adalah...;Galungan;Kuningan;Waisak;Nyepi;Cap Go Meh;c
10;Candi Borobudur dibangun pada masa pemerintahan...;Banu;Wisnu;Samaratungga;Pramodhawardani;Sanjaya;c
10;Seni sastra masa Hindu dan Buddha berkembang pesat pada zaman kerajaan...;Tarumanegara;Kediri;Singasari;Sriwijaya;Majapahit;b
10;Raja Pajajaran yang tewas dalam Perang Bubat adalah...;Rahyang Niskala;Sri Baduga Maharaja;Hyang Buni Sora;Ratu Samiam;Ratu Jaya Dewata;b
10;Raja Kediri yang juga ahli dalam meramal adalah...;Bameswara;Aryeswara;Kameswara;Jayabaya;Kertajaya;d
10;Kerajaan bercorak Buddha terbesar di Indonesia adalah...;Sriwijaya;Kalingga;Singasari;Majapahit;Mataram Kuno;a
10;Konsep bersatu dalam keragaman sudah ada sejak zaman...;Kediri;Singasari;Majapahit;Mataram;Tarumaneara;c
10;Prasasti-prasasti peninggalan Kerajaan Sriwijaya umumnya berbahasa...;Indonesia;Melayu Kuno;Sanskerta;Jawa;Arab;b
10;Ekspedisi Pamalayu dilakukan oleh...;Adityawarman;Kertanegara;Kertajaya;Ken Arok;Kertabumi;b
10;"Dalam kondisi terjepit akibat kekalahannya dari sekutu, Jepang berusaha mengambil hati bangsa Indonesia dengan cara...";melaksanakan politik dumping;membebaskan para tawanan;mengenodrkan sikapnya terhadap Indonesia;memberi janji kemerdekaan kepada Indonesia;memberi kebebasan berpendapat bagi Indonesia;d
10;BPUPKI pada tanggal 7 Agustus 1945 akhirnya dibubarkan dengan alasan...;BPUPKI tidak dapat bekerja dengan baik;BPUPKI dianggap banyak melakukan penyimpangan-penyimpangan;BPUPKI telah berhasil melaksanakan tugasnya;tugas BPUPKI digantikan oleh Panitai Sembilan;BPUPKI tidak bermanfaat bagi Jepang;c
10;Maksud dibentuknya Panitia Sembilan oleh BPUPKI adalah...;menambah jumlah anggota BPUPKI;untuk membahas hasil sidang I BPUPKI tentang rancangan dasar negara;mempercepat proses kemerdekaan Indonesia;mempersiapkan materi sidang BPUPKI;sebagai penghubung antra BPUPKI dengan Jepang;b
10;Janji kemerdekaan yang disampaikan oleh Kuiaki Koiso lebih dilatarbelakangi oleh...;keinginan Jepang untuk membentuk persemakmuran di Asia;wujudk kepedulian Jepang terhadap sesama negara Asia;ungkapan terima kasih Jepang kepada Indonesia;terdesaknya Jepang oleh serangan militer Sekutu;terdesaknya Jepang oleh serangan militer Sekutu;D
10;Kuniaki Koiso yang memberikan janji kemerdekaan bagi Indonesia adalah seorang...;Panglima Tentara Jepang Asia Tenggara;Perdana Menteri Jepang;Kaisar Jepang;Putra Mahkota Jepang;#;b
10;"Pendudukan Jepang yang hanya 3,5 tahun sangat berat dirasakan, namun demikian rakyat banyak memperoleh manfaat latihan militer, seperti Heiho yang fungsinya sebagai...";barisan pemuda;pembela tanah air;pembantu prajurit;barisan pelopor;barisan polisi;c
10;"Berikut ini peranan antara BPUPKI, kecuali...";mempersiapkan usaha-usaha ke arah kemerdekaan Indonesia;berhasil membentuk Panitia Sembilan yang menghasilkan Piagam Jakarta;berhasil menyusun naskah Proklamasi;berhasil menyusun rumusan dasar negara;berhasil merumuskan UUD negara Indonesia;c
10;"Pada sidang BPUPKI yang pertama, pembicaraan dipusatkan pada masalah...";bentuk negara Indonesia merdeka;penyusunan Undang-Undang Dasar;perumusan dasar negara;menyusun pemerintahan bagi Indonesia merdeka;merumuskan pernyataan Indonesia merdeka;c
10;Ahmad Subardjo dalam keanggotaan PPKI berperan sebagai...;penasihat;wakil ketua;ketua;penghubung;wakil pemerintahan Jepang;a
10;BPUPKI membentuk Panitia Sembilan yang diketuai oleh...;Mr. Moh. Yamin;Ir. Soekarno;Drs. Moh. Hatta;dr. Radjiman;Jenderal Terauchi;b
10;"Untuk mewujudkan tugasnya, BPUPKI harus melaksanakan sidang-sidangnya. Sidang BPUPKI yang pertama beralngsung pada tanggal...";29 Mei -- 7 Juni 1945;29 Mei -10 Juli 1945;28 Mei -- 2 Juni 1945;29 Mei -- 1 Juni 1945;29 Mei -- 1 Juni 1945;D
10;Pokok pembahasan utama yang berhasil diputuskan BPUPKI selama dua kali sidang adalah...;rumusan dasar negara dan pemilihan presiden;pemilihan presiden dan pembentukan departemen;perumusan UUD dan pemilihan presiden;rumusan dasar negara dan UUD;teks proklamasi dan Piagam Jakarta;d
10;"Situasi Jepang pada akhir tahun 1944 mulai terdesak oleh front ABCD, yaitu negara...";Amerika -- Australia -- Jerman;Afrika -- Australia -- Jerman;Amerika -- Inggris -- Cina -- Belanda;Amerika -- Cina -- Belanda -- Jerman;Amerika -- Belanda -- Italia;c
10;"Dalam situasi dan kondisi terjepit, Jepang berusaha mengambil hati bangsa Indonesia dengan...";memberikan janji merdeka kepada Indonesia di kemudian hari;membebaskan para tawanan perang Jepang;meningkatkan pahwlawan dan prajurit ekonomi;menambah jumlah autarki setiap daerah;semua jawaban benar;a
10;Maksud Jepang memberi janji kemerdekaan adalah...;agar rakyat Indonesia tetap setia kepada Jepang;agar rakyat Indonesia tetap tunduk kepada Jepang;agar rakat Indonesia selalu menuruti keinginan Jepang;agar rakyat tetap bersedia membantu Jepang dalam Perang Asia Timur Raya;semua jawaban benar;d
10;Peristiwa Rengasdengklok terjadi karena adanya perbedaan pendapat mengenai...;penandatanganan naskah proklamasi;waktu pelaksanaan proklamasi;pembaca teks proklamasi;penyerahan tentara-tentara Jepang kepada Sekutu;tempat pelaksanaan proklamasi;b
10;Ketegangan di Rengasdengklok dapat diakhiri setelah...;Jepang mengabulkan permintaan golongan muda;dibacakannya proklamasi;golongan tua mendapat izin dari Jepang;adanya jaminan dari Ahmad Subardjo;adanya jaminan dari Laksamana Maeda;d
10;Latar belakang terjadinya peristiwa Rengasdengklok adalah...;pertentangan para pemuda dengan para pemimpin Jepang;pertentangan antara para pemuda dengan golongan tua tentang proklamasi kemerdekaan;pertentangan antara pihak Jepang dengan pihak Sekutu;Jepang menghalangi persiapan proklamasi kemerdekaan Indonesia;para pemuda ingin memproklamasikan kemerdekaan di Rengasdengklok;b
10;Tujuan para pemuda menculik Ir. Seokarno dan Drs. Moh. Hatta ke luar kota adalah...;memaksa kedua tokoh tersebut untuk memproklamasikan Indonesia;menjauhkan keduanya dari pengaruh Jepang;memusyawarahkan waktu pelaksanaan proklamasi Indonesia;menjaga keamanan kedua tokoh tersebut dari ancaman golongan ekstrem;mengangkat kedua tokoh tersebut sebagai tokoh proklamator Indonesia;b
10;"Naskah proklamasi kemerdekaan dari Soekarno diketik oleh Sayuti Melik, dengan alasan...";agar tidak menimbulkan persepsi yang salah tentang teks proklamasi;teks proklamasi Sokearno ada yang salah;tidak dapat dibaca dengan mudah;kertasnya sangat sederhana;bahasanya kurang jelas;a
10;"Dalam menjalani hidup saat ini, manusia perlu membuat...";jadwal kegiatan sehari-hari;melakukan yang terbaik;perencanaan masa depan;kebaikan di dunia;anggaran keuangan pribadi;c
10;Dimensi spasial dalam sejarah disebut dimensi...;ruang;waktu;peristiwa;perubahan;perkembangan;a
10;Manusia dalam sejarah diposisikan sebagai...;objek sejarah;subjek sejarah;makhluk sejarah;objek dan subjek sejarah;pencipta sejarah;d
10;Dalam sejarah yang dapat terjadi berulang kali adalah...;peristiwa;pola;waktu;tempat;pelaku;b
10;Masyarakat Hindu melihat waktu sebagai...;akhir;garis lurus;siklus tanpa akhir;awal;masa hidup;c
10;"Pembagian waktu dalam sejarah, yaitu sebagai berikut, kecuali...";periode;zaman;babakan waktu;alur;alur;D
10;"Istilah dalam peristiwa sejarah itu abadi, yaitu...";unique;important;in concreto;immortal;immortal;D
10;Sejarah berada dalam dinamika akibat sifat manusia yang dinamis. Kedinamisan manusia menimbulkan...;perubahan;kontinuitas;stagnasi;pengulangan;diskontinuitas;a
10;Masyarakat Barat melihat waktu sebagai...;perubahan;perkembangan;kontinuitas;garis lurus;siklus;d
10;Berikut ini unsur-unsur sejarah yang paling cepat mengalami perubahan adalah unsur...;waktu;ruang;perilaku manusia;lingkungan sosial;lingkungan budaya;a
10;Sejarah akan dapat dipahami oleh generasi penerus dari masyarakat yang terdahulu sebagai suatu cermin untuk menunju kemajuan dalam kehidupan bermasyarakat berbangsa dan bernegara. Hal ini termasuk cara memahami sejarah melihat konteks...;masa transisi;masa kini;masa yang akan datang;masa lampau;masa berlangsungnya kehidupan manusia;b
10;"Pada awalanya kolonialisme adalah kelanjutan dari patrimonialisme, di mana kebijakan kolonial hanya mengadopsi kebiasaan lama. Hal ini disebut dengan istilah...";temporal;spasial;kontinuitas;perubahan;primordial;c
10;Dimensi waktu dalam sejarah disebut...;spasial;temporal;struktur;babakan;masa;b
10;Unsur sejarah yang berhubungan dengan aspek geografis adalah...;waktu;ruang;manusia;tempat;wilayah;b
10;"Historia, Magistra Vitae mengandung arti...";sejarah adalah guru besar;sejarah adalah mempelajari waktu lampau;sejarah adalah gurunya kehidupan;sejarah adalah gurunya umat manusia;sejarah adalah gurunya makhluk hidup;c
10;"Pembagian waktu dalam sejarah adalah penting dalam kontinuitas dimensi waktu yang lalu, sekarang, dan masa yang akan datang. Dengan demikian, ilmu sejarah mempelajari segala peristiwa yang terjadi dalam waktu...";sepanjang waktu yang bersifat kontinu;waktu yang lalu sampai sekarang;"waktu lalu, sekarang, dan waktu yang akan datang";waktu yang lalu;waktu yang akan datang;b
10;Salah contoh perubahan yang membawa pengaruh sangat besar pada masyrakat adalah...;perubahan mode pakaian dan kesenian;perubahan sistem perdagangan dan hubungan internasional;perubahan kebiasaan masyarakat dan sistem mata pencaharian hidup;ledakan penduduk dan proses industrialisasi;perubahan ekonomi;d
10;"Walaupun dapat dibedakan, antara perubahan sosial dan perubahan kebudayaan memiliki aspek yang sama, yaitu keduanya berkaitan dengan...";suatu pemaknaan cara-cara baru;kaidah-kaidah hidup bermasyarakat;cara-cara menangani problema sosial;nilai-nilai luhur kepribadian bangsa;kepentingan orang banyak;a
10;Salah satu contoh konsep perubahan dan keberlanjutan dalam kehidupan bernegara adalah...;pembangunan;reformasi;revolusi;rekonsiliasi;pemberontakan;a
10;Konsep kronologi penting dalam mengkaji peristiwa sejarah karena...;membuat urutan-urutan peristiwa berdasarkan tahun atau abjad;memudahkan dalam mengelompokkan berbagai peristiwa;menetapkan suatu peristiwa sebagai tonggak sejarah;mengungkapkan terjadinya suatu peristiwa;menyeleksi berbagai peristiwa;b
10;"Makna harfiah sejarah sebagai sesuatu yang telah terjadi, terdapat pada kata...";syajarotun;silsilah;history;geschicht;geschicht;D
10;"Sejarah berasal dari bahasa Arab, yaitu syajarotun yang berarti...";batang;daun;pohon/kayu;ranting;akar;c
10;Sejarah mempunyai arti "terjadi" dari kata "geschieden" yang berasal dari bahasa...;Spanyol;Belanda;Italia;Swiss;Jerman;b
10;"Sejarah adalah catatan tentang masyarakat umat manusia atau peradaban dunia, tentang perubahan-perubahan yang terjadi pada watak masyarakat, dikemukakan oleh...";Nugroho Nutosusanto;Patick Gardiner;Ibnu Khaldun;J.V. Bruce;Soekarno;c
10;"Sejarah sebagai ilmu karena memiliki ciri-ciri berikut, kecuali...";tujuan;metode;subjektif;sistematis;rasional;c
10;Pengertian historia dalam bahasa Yunani adalah...;peristiwa pada masa lampau;kisah yang sudah terjadi;apa yang diketahui karena penyelidikan;cerita yang tidak dapat dilupakan;kenangan di masa lalu;c
10;"Peristiwa sejarah disebut sebagai suatu peristiwa yang abadi, karena...";inspirasi bagi perubahan bangsa;memberi hikmah pada manusia;menjadi pedoman hidup manusia;tidak pernah berubah-ubah;tidak pernah berubah-ubah;D
10;"Dengan mempelajari sejarah, kita akan mempunyai wawasan sejarah. Pernyataan ini menurut pendapat...";Nugroho Notosusanto;C.P. Hill;Sartono Kartodirdjo;E.H. Carr;Roeslan Abdulgani;a
10;"Kata sejarah diambil dari kata syajarotun, berasal dari bahasa...";Sanskerta;Inggris;Belanda;Arab;Kawi;d
10;"History is a science, no less and no more merupakan pendapat yang dikemukakan oleh...";J.B. Burry;Nugroho Notosusanto;E.H. Carr;C.P. Hill;Sartono Kartodirdjo;a
10;"Dengan mempelajari kisah-kisah sejarah di tempat yang jauh di negara-negara lain seolah-olah kita bertamasya, yang ini merupakan kegunaan sejarah dalam segi memberi...";pelajaran;ilham;pengajaran;hiburan;pendidikan;d
10;Sejarah sebagai peristiwa juga disebut sejarah...;objektif;subjektif;berulang;sebagai kisah;cerita;a
10;Sejarah menginformasikan pengetahuan disebut kegunaan sejarah sebagai...;edukatif;ilham;rekreatif;instruktif;intrinsik;a
10;Kegunaan dari dalam yang nampak terkait dengan keilmuan dan pembinaan profesi kesejahteraan adalah fungsi...;ekstrinsik;intrinsik;objektif;sistematis;edukatif;b
10;"Sejarah adalah suatu ilmu pengetahuan, yang disusun atas hasil penyelidikan beberapa peristiwa yang dibuktikan dengan kenyataan pernyataan tersebut dikemukakan oleh...";J.B. Burry;York Powell;R.Moh. Ali;Moh. Yamin;Kuntowijoyo;d
10;Ilmu sejarah berkembang sejalan dengan...;pengetahuan umum;perkembangan ilmu dan sains lainnya;perkembangan iptek;perkembangan kehidupan manusia;perkembangan sejarah;d
10;Berikut ini yang bukan termasuk syarat-syarat dari suatu ilmu pengetahuan atau syarat-syarat ilmiah adalah...;ada objek masalahnya;memiliki metode;tersusun secara sistematis;bersifat terbuka;bersifat terbuka;D
10;Sejarah dikatakan sebagai ilmu karena...;sejarah memiliki syarat-syarat ilmu;sejarah memiliki cerita;sejarah mengisahkan kehidupan masa lampau;sejarah mengisahkan kehidupan masa kini;sejarah mengisahkan kehidupan masa yang akan datang;a
10;Salah satu fungsi sejarah yang paling utama adalah sebagai media untuk mengetahui masa lampau dan sebagai ilmu. Hal ini merupakan fungsi sejarah secara...;umum;keseluruhan;intrinsik;ekstrinsik;pendidikan;d
10;"Berikut ini yang bukan merupakan ruang lingkup sejarah, yaitu...";peristiwa;seni;kisah;cerita;cerita;D
10;Secara etimologis kata diakronik diambil dari bahasa...;Inggris;Belanda;Yunani;Jerman;Romawi;c
10;Teknik mengolah sumber-sumber sejarah kemudian menafsirkannya dinamakan...;diakronik;sinkronik;analisis;interpretasi;kausalitas;d
10;Dalam penyusunan interpretasi harus bersifat...;objektif;subjektif;deskriptif;argumentatif;penamaan;a
10;Sejarawan pada umumnya membagi periode menjadi tiga yang disebut...;three times;three histories;three age system;three ages;three system;c
10;Sejarah merupakan suatu ilmu pengetahuan yang disusun atas hasil penyelidikan beberapa peristiwa yang dibuktikan dengan kenyataan. Pengertian sejarah tersebut dikemukakkan oleh...;Taufik Abdullah;Moh. Yamin;R. Moh. Ali;Kuntowijoyo;Benedeto Croce;b
10;Suatu peristiwa sejarah yang diceritakan dan disusun berdasarkan urutan kejadian tanpa dijelaskan mengenai hubungan sebab akibat antara peristiwa disebut...;diakronik;sinkronik;interpretasi;kronik;kronik;D
10;Pendekatan struktur dan fungsional melihat potret masyarakat dalam keadaan waktu tertentu atau terbatas merupakan gambaran pendekatan yang bersifat...;kronik;sinkronik;interpretasi;periodisasi;diakronik;b
10;Salah satu cara untuk menafsirkan fakta sejarah dan merangkai fakta-fakta sejarah tersebut menjadi satu kesatuan yang harmonis dan masuk akal terhadap suatu peristiwa disebut...;diakronik;kausalitas;sinkronik;interpretasi;periodisasi;d
10;Pembuatan periodisasi sejarah salah satu tujuannya adalah...;memudahkan pencarian sumber sejarah;memudahkan mempelajari sejarah;adanya bukti sejarah;kronologi sejarah;kemampuan sejarah;b
10;Hubungan sebab akibat dalam sejarah disebut...;periodisasi;kausalitas;kronologi;interpretasi;diakronik;b
10;Peristiwa sejarah itu abadi karena...;dapat terjadi dua kali;dapat terjadi secara berubah-ubah;tidak dapat berubah-ubah;terjadi hanya satu kali;peristiwa yang terjadi adalah peristiwa penting;c
10;Sebuah peristiwa dapat dianggap sebagai sejarah bila...;tidak ada yang mencatat peristiwa tersebut;ada yang mengingatnya;peristiwa itu lumayan penting;peristiwa tersebut benar-benar memengaruhi kehidupan masyarakat luas;dikisahkan oleh seorang abdi istana;d
10;"Untuk menjelaskan segi sosial dari suatu peristiwa, dalam penulisan sejarah dibutuhkan pendekatan...";sosiologi;antropologi;politik;ekonomi;geografi;a
10;Supaya waktu dalam setiap peristiwa sejarah bisa dipahami maka perlu dibuat...;periodisasi;ruang;kausalitas;kontinuitas;linier;a
10;Sosiologi ingin mengetahui keadaan yang sebenarnya dari kehidupan bermasyarakat. Sifat semacam ini disebut...;teoretis;empiris;nonetis;komparatif;komparatif;D
10;"Dalam mempelajari sosiologi, yang dipersoalkan bukan baik buruknya fakta, tetapi penjelasan terhadap fakta-fakta. Sifat demikian disebut...";empiris;nonetis;normatif;teoretis;kumulatif;b
10;Faktor utama yang mendorong lahirnya ilmu sosiologi adalah...;hilangnya masyarakat agraris di Eropa;perubahan-perubahan pada masyarakat Eropa;peperangan antarnegara;kekuasaan Islam makin kuat di Eropa;ilmu sosial lainnya gagal menyelesaikan masalah sosial;b
10;"Sosiologi adalah ilmu pengetahuan yang mempelajari masyarakat sebagai keseluruhan, yakni hubungan antara manusia dengan manusia, manusia dengan kelompok, kelompok dengan kelompok (baik kelompok formal maupun kelompok nonformal), atau kelompok statistik dengan kelompok dinamis. Definisi tersebut dikemukakan oleh...";Roucek dan Warren;Pitirim A. Sorokin;Mayor Polak;Selo Soemardjan;Wiliam F. Ogburn;c
10;Sikap sosiologi adalah mendasar pada observasi dan akal sehat yang hasilnya tidak bersifat spekulatif. Sifat sosiologi seperti ini disebut...;etika;empiris;kumulatif;nonetis;teoretis;b
10;"Menurut Selo Soemardjan dan Soelaiman Soemardi, sosiologi adalah ilmu pengetahuan yang mempelajari...";"penelitian secara ilmiah terhadap interaksi sosial dan hasilnya, yaitu organisasi sosial";"struktur sosial dan proses-proses sosial, termasuk perubahan-perubahan sosial";studi ilmiah tentang interaksi sosial;"kehidupan sosial manusia, kelompok, dan masyarakat";"terbentuknya ingroup, outgrup, dan masyarakat secara luas";b
10;Sistem hubungan sosial yang terorganisasi yang mewujudkan nilai-nilai dan tata cara umum tertentu dan memenuhi kebutuhan dasar masyarakat disebut...;realita sosial;lembaga sosial;interaksi sosial;proses sosial;norma sosial;b
10;Dua syarat terjadinya interaksi menurut Soerjono Soekanto harus adanya kontak sosial dan...;realitas sosial;kebudayaan;nilai dan norma;komunikasi;stratifikasi sosial;d
10;Gejala-gejala sosial yang ada di masyarakat umumnya terjadi secara...;spontan;bersama-sama;positif;negatif;terpisah;a
10;"Berikut ini yang termasuk dalam faktor-faktor penyebab gejala sosial, kecuali...";ekonomi;psikonalisis;biologis;psikologis;budaya;b
10;Gejala-gejala sosial yang muncul akibat pesatnya globalisasi adalah...;meningkatnya jumlah penduduk;mundurnya teknologi;meningkatnya perilaku yang memicu gaya Barat;pesatnya perdagangan;pesatnya kriminalitas;d
10;"Berikut ini yang termasuk dalam pengangguran berdasarkan penyebab, kecuali...";pengangguran normal;pengangguran siklikal;pengangguran terbuka;pengangguran teknologi;pengangguran struktural;c
10;"Dibawah ini beberapa kondisi sering kali menyebabkan demoralisasi di kalangan masyarakat, kecuali...";"pertumbuhan penduduk yang relatif tinggi, sehingga angkatan kerja tidak sebanding dengan lapangan pekerjaan";kemampuan ekonomi yang makin lemah serta meningkatnya kemiskinan;sistem pemerintahan yang mengikuti pola luar negeri;"menurunnya kualitas dan wibawa penegak hukum, seperti kepolisian, kejaksaan, dan kehakiman";"pola hidup yang konsumtif serta adanya sikap-sikap negatif, seperti malas, boros, tidak disiplin, serta sikap apatis yang akhirnya untuk mencapai sesuatu dilakukan dengan jalan pintas";c
10;Pengangguran yang diakibatkan pertambahan lowongan pekerjaan yang ada lebih rendah dibandingkan jumlah tenaga kerja yang ada disebut...;pengangguran tersembunyi;pengangguran teknologi;penganguran struktural;pengangguran terbuka;pengangguran terbuka;D
10;"Suatu proses sosial atau interaksi sosial disebut asosiatif, jika...";menuju ke arah perbedaan pandangan;tidak terjadi kesatuan pandangan;menuju ke arah perpecahan;menuju ke arah persatuan;menuju ke arah pertikaian;d
10;Sejak dilahirkan manusia mempunyai naluri untuk hidup menyatu dengan manusia lain. Hal demikian ini dinamakan...;social animal;social behavior;human animal;gregoriusness;gregoriusness;D
10;Masyarakat menciptakan bermacam norma yang mempunyai tujuan untuk...;menjaga nilai-nilai;melestarikan kebudayaan;menjaga keteraturan sosial;anarki sosial;kerusuhan massal;c
10;Amir bercakap-cakap dengan temannya lewat telepon. Hal ini termasuk kontak...;primer;tersier;sekunder;sekunder langsung;sekunder tidak langsung;d
10;"Suatu proses hubungan sosial dapat terjadi jika memenuhi dua persyaratan utama, yaitu harus ada kontak dan...";sugesti;imitasi;komunikasi;identifikasi;simpati;c
10;Dibawah ini yang termasuk contoh kontak primer adalah...;Atik mengucapkan selamat ulang tahun menggunakan surat;Novi mengucapkan selamat tahun baru lewat telepon;Ani memuji ibu karena masakannya enak sekali;Yani bertemu dan berjabat tangan dengan Yati;Amir membeli obat di apotik lewat telepon;d
10;"Berikut ini yang bukan merupakan contoh hubungan sosial antarindividu, yaitu...";Andre meminta uang jajan kepada ibu;Arief dan Aldo bersalaman;Pemimpin pasukan memberi aba-aba kepada pasukannya;Fido menelpon Lia untuk mengetahui kabarnya;Ibu dan Bapak bercakap-cakap di beranda;c
10;"Hubungan sosial tidak selamanya berdampak positif, tetapi ada juga dampak negatifnya. Berikut ini yang bukan dampak negatif hubungan sosial adalah...";munculnya persaingan tidak sehat;dapat memunculkan sikap otoriter;hilangnya kebudayaan asli;berkembangnya kebudayaan daerah;timbulnya pertengkaran sosial;d
10;"Persaingan yang sehat diantara para pelajar untuk memperoleh ranking tertinggi, bersifat...";progresif;asosiatif;asimilatif;kompetitif;kompetitif;D
10;Bentuk hubungan sosial yang berada diantara persaingan dan pertikaian dinamakan...;kooprasi;koalisi;kontraversi;koersif;konsolidasi;c
10;"Berikut ini merupakan bentuk proses interaksi sosial atas dasar hubungan, kecuali...";hubungan antarkepentingan;hubungan kekeluargaan;hubungan antarstatus;hubungan dengan alam;hubungan dengan alam;D
10;Perbedaan pokok berhubungan dengan keanggotaan antara kelompok primer dan sekunder adalah...;Jumlah anggotanya berbeda-beda;kelompok primer keanggotaannya banyak;Kelompok sekunder keanggotaannya bervariasi;keanggotaan kelompok primer lebih kecil;kelompok sekunder keanggotaannya lebih sedikit;a
10;"Cara-cara bertindak, berfikir, dan berperasaan yang berada diluar individu dan mempunyai kekuatan memaksa yang mengendalikan individu disebut...";fakta sosial;fenomena sosial;interaksi sosial;norma sosial;proses sosial;a
10;"Cara-cara hubungan yang dapat dilihat apabila orang perorangan dan kelompok-kelompok manusia saling bertemu, yang dapat berupa hubungan antarpribadi, antarindividu dengan kelompok, antarkelompok dan antarindividu dengan lingkungan, disebut dengan...";fenomena sosial;interkasi sosial;realitas sosial;perilaku sosial;status sosial;b
10;Ruang lingkup sosiologi adalah...;sama dengan ilmu-ilmu sosial yang lain;lebih sempit dibandingkan ilmu sosial yang lain;lebih luas daripada ilmu sosial yang lain;bergantung subjek yang dibahas;bergantung subjek yang dibahas;D
10;Masyarakat adalah orang-orang yang...;menderita ketegangan organisasi;disorganisasi mengikuti cara hidup tertentu;hidup bersama dan menghasilkan kebudayaan;tersebar dengan perasaan persatuan yang sama;bertalian dan saling mempengaruhi secara kebatinan;c
10;"Fenomena anak jalanan, geng motor, serta tawuran pelajar merupakan bagian dari macam-macam...";realitas sosial;gejala sosial;interaksi sosial;ketimpangan sosial;perubahan sosial;b
10;Penyataan yang benar dibawah ini adalah...;kondisi yang normal dalam kehidupan sosial masyarakat disebut gejala sosial;kemiskinan dan pengangguran adalah gejala sosial yang timbul dari faktor biologis;penyalahgunaan obat-obatan terlarang salah satu gejala sosial yang timbul dari faktor budaya;integrasi dapat menyebabkan gejala sosial;maraknya anak jalanan bukan merupakan gejala sosial;c
10;"Hubungan saling mempengaruhi antara manusia dalam masyarakat dapat terjadi setelah memenuhi syarat, yaitu...";imitasi dan identifikasi sosial;nilai dan norma sosial;kontak dan komunikasi sosial;status dan peran sosial;stratifikasi dan mobilitas sosial;c
10;"Jika suatu lembaga pengendalian sosial tidak berjalan sesuai fungsinya, maka akan mengakibatkan...";main hakim sendiri;penyimpangan;ketidakteraturan sosial;anarki sosial;kerusuhan massa;c
10;Kepribadian merupakan keseluruhan perilaku individu yang merupakan hasil interaksi antar potensi-potensi biopsiko fisikal yang terbawa sejak lahir dengan situasi lingkungan yang terungkap pada tindakan dan perbuatan serta reaksi mental psikologisnya jika dapat rangsangan dari luar. Merupakan pengertian menurut...;Nursid Sumaatmadja;Koentjaraningrat;Hassan Shadilly;Selo Soemardjan;Auguste Comte;a
10;"Konsep individualitas, menurut Thomas, menunjukkan bahwa...";Manusia dan masyarakat tidak terpisah;Unsur-unsur manusia terpisah-pisah;Manusia memiliki keutuhan dalam dirinya sendiri;Manusia terarah pada sesamanya;Manusia membutuhkan orang lain;c
10;Salah satu contoh manusia sebagai makhluk individual adalah...;Andi tidak suka berteman dengan Ucok;Andi memilih untuk bermain dengan bebas;Andi tidak mau ikut kerja bakti;Andi mementingkan kepentingannya sendiri;Andi tinggal bersama orang tuanya;b
10;"Pada kodratnya, manusia adalah makhluk sosial. Hal ini dikatakan oleh...";Auguste Comte;Aristoteles;Thomas Aquinas;Pitirim Sorokin;Durkheim;b
10;Manusia akan memperoleh keutamaan jika dia...;Hidup bertapa;Bekerja keras;Memisahkan diri dari masyarakat;Hidup di dalam masyarakat;Hidup mandiri;d
10;"Peristiwa-peristiwa yang terjadi di antara dan oleh manusia, baik secara individual maupun secara berkelompok disebut...";Interaksi sosial;Stratifikasi sosial;Hubungan sosial;Gejala sosial;Diversifikasi sosial;a
10;Yang bukan gejala sosial adalah...;Kemiskinan;Kegiatan ritual;Politik uang;Tanah longsor;Diskriminasi hukum;d
10;Berikut ini karakteristik gejala sosial...;Seragam;Universal;Kompleks;Statis;Objektif;c
10;Kemajuan teknologi informasi dan komunikasi menimbulkan gejala sosial berikut...;Inflasi;Globalisasi;Westernisasi;Imigrasi;Devaluasi;b
10;Pernyataan berikut yang menunjukkan kemiskinan sebagai gejala sosial yang menentukan...;Pendidikan yang buruk menyebabkan kemiskinan;Kemiskinan menyebabkan kejahatan;Ledakan penduduk menyebabkan kemiskinan;Peperangan menyebabkan kemiskinan;Kebodohan menyebabkan kemiskinan;b
10;"Suku (Ba) Mangwato di Afrika Selatan mengurbankan seekor lembu. Mereka membiarkan lembu itu minum sepuaspuasnya, kemudian mereka menyantapnya. Mereka mengucapkan doa kepada pimpinan roh-roh leluhur. Isi doa itu ""Kami mohon hujan turun lewat lembu ini, O sang pemimpin, bapa kami"". ""Hujanlah! Hujanlah! Kami telah mati, o sang pemimpin. Kami adalah umatmu. Turunkanlah hujan!"". Gejala ini merupakan objek kajian sosiologi yang sesuai dengan pandangan...";Soerjono Soekanto;Emile Durkheim;Charles Ellwood;Gustav Ratzenhofer;Pitirim A. Sorokin;b
10;Di bawah ini tokoh yang disebut sebagai Bapak Sosiologi Dunia adalah...;Selo Soemardjan;Karl Marx;Auguste Comte;Emile Durkheim;Max Weber;c
10;"Secara etimologis, sosiologi dapat diartikan sebagai ilmu...";Tentang pertemanan;Tentang masyarakat;Yang mempelajari perilaku;Yang mempelajari lingkungan;Tentang hubungan sosial;b
10;Tokoh sosiologi yang menjadi peletak dasar-dasar sosiologi modern dan berjasa meletakkan sosiologi sebagai ilmu adalah...;Auguste Comte;Emile Durkheim;Karl Marx;Herbert Spencer;Max Weber;b
10;Tema penelitian yang sesuai dengan peran sosiologi sebagai konsultan kebijakan adalah...;Hubungan biaya sumber daya manusia dan pengukuran nilai sumber daya manusia terhadap pelaporan akuntansi sumber daya manusia;Dampak reklamasi Sungai Ciliwung untuk pariwisata terhadap kehidupan sosial masyarakat di sekitarnya;Pengaruh perilaku partai politik terhadap partisipasi politik pemilih;Peranan guru dalam membina kecerdasan spiritual siswa dalam kelas;Efektivitas penggunaan film dalam pengajaran kewarganegaraan terhadap prestasi belajar siswa SMA;b
10;"Sejak lahir manusia sudah mempunyai dua hasrat pokok, yaitu...";bermasyarakat dan sosial;menyatu dengan alam dan bebas;bermasyarkat dan menyatu dengan alam;berhubungan dan berpisah;tumbuh dan berkembang;c
10;Proses mempelajari nilai-nilai dan norma-norma sosial oleh individu-individu disebut...;tindakan sosial;interaksi sosial;proses sosial;sosialisasi;sosialisasi;D
10;Proses sosialisasi yang dominan dalam membentuk kepribadian anak adalah lingkungan...;masyarkat;media massa;sekolah dan tetangga;keluarga dan sekolah;tetangga dan massa;d
10;Televisi termasuk jenis media sosialisasi massa yang berbentuk...;audio;sekolah;keluarga;teman;multi;d
10;Media sosialisasi paling awal yang dialami manusia adalah...;media massa;sekolah;keluarga;teman;lingkungan kerja;c
10;Jenis sosialisasi yang cenderung dikehendaki oleh remaja adalah...;partisipasif;edukatif;persuasif;komunikatif;represif;a
10;Sosialisasi yang sering kali menghambat perkembangan jiwa remaja dan memberi tekanan psikologis adalah...;partisipasif;edukatif;persuasif;represif;represif;D
10;"Sosialisasi partisipasif dalam keluarga yang berdampak positif, yaitu...";anak pendiam;tidak percaya diri;anak pendendam;anak berkembang jiwanya;anak statis jiwanya;d
10;Unsur terpenting dari sosialisasi adalah...;proses meniru;pendidikan;mengasuh anak;proses pergaulan;tindakan sosial;d
10;Sosialisasi di luar rumah disebut juga...;sosialisasi sekunder;sosialisasi primer;sosialisasi tertier;sosialisasi melalui televisi;sosialisasi massa;a
10;Kecenderungan manusia dalam memberi respons pada suatu hal disebut...;pengetahuan;perasaan;bergaul;naluri atau dorongan;kepribadian;d
10;"Berikut ini adalah faktor yang menentukan kepribadian, kecuali...";keturunan;lingkungan geografis;lingkungan sosial;kecakapan;kecakapan;D
10;"Organisasi sikap seseorang untuk berbuat, mengetahui, berpikir, dan merasakan secara khusus kalau berhubungan dengan pihak lain atau merespons suatu keadaan disebut...";perilaku;etos;kepribadian;persepsi;sikap;c
10;"Kepribadian seorang artis, berbeda dengan kepribadian seorang guru. Hal ini dipengaruhi oleh...";cara hidup;profesi;pendidikan;faktor kesederhanaan;kebudayaan;b
10;"Unsur kepribadian meliputi pengetahuan, perasaaan, dan...";persepsi;gagasan;emosi;naluri atau dorongan;tindakan;d
10;Di bawah ini yang termasuk golongan lingkungan alam adalah...;individu;masyarakat;kelompok;flora;manusia;d
10;Berikut ini yang merupakan contoh kepribadian yang selaras dengan lingkungan sosial adalah...;reboisasi;keluarga retak;perilaku menyimpang;kerja bakti;kerja bakti;D
10;"Golongan tas sangat berbeda dibandingkan dengan golongan bawah dalam berpakain, etika, dan gaya hidup. Termasuk tipe budaya khusus yang dipengaruhi...";faktor kedaerahan;faktor agama;lingkungan pekerjaan;kelas sosial;kelas sosial;D
10;Budaya yang saling bergantung dan memengaruhi antara budaya manusia dengan alam sekitarnya termasuk karakteristik budaya...;milik bersama;melalui enkulturasi;bersifat adaptif;bersifat relatif;memiliki simbol;c
10;Perbedaan kekerabatan antara masyarakat Batak dan Jawa merupaka tipe budaya khusus yang dipengaruhi oleh...;profesi;daerah asal;kepercayaan;kelas sosial;ekonomi;b
10;Contoh kepribadian yang bertentangan dengan lingkungan sosial adalah...;tindakan korupsi;kasus virus wannacry;peristiwa kloning fauna;trage Chernobyl Rusia;bocornya gas di Bhopal India;a
10;"Berikut ini akibat penyalahgunaan narkotika dan obat-obatan terlarang, kecuali...";rusaknya organ tubuh;tindakan kriminal;rusaknya susunan saraf;penghilatan tajam dan cara berpikir rasional;penghilatan tajam dan cara berpikir rasional;D
10;Penggunaan narkotik oleh dokter untuk keperluan medis merupakan bentuk tindakan...;pengobatan;deviasi sosial;penyimpangan;bermanfaat;nonetis;a
10;Salah satu bentuk kejahatan terhadap negara adalah...;perjudian;pembegalan;kudeta;membajak hak cipta;membajak pesawat terbang;c
10;"Berkaitan dengan teori penyimpangan, periaku seseorang yang meninggalkan tujuan budaya, tetapi masih memegang norma-norma budaya dalam upacara adat disebut...";inovasi;ritualisme;pemberontakan;pembandel;deviasi searah;b
10;Media sosialisasi yang sangat pokok dalam sosialisasi anak adalah...;keluarga;sekolah;masyarakat;pergaulan;lingkungan;a
10;Akibat buruk yang dapat timbul dari perkelahian antarpelajar adalah...;terganggunya suasana belajar;meningkatnya pengawasan oleh guru;semakin ketatnya disiplin sekolah;pembatasan kegiatan belajar siswa;terbatasnya kebebasan siswa;a
10;"Sikap orang tua kepada anaknya yang kemungkinan dapat mencegah perilaku menyimpang para remaja, yaitu...";mengekang anak tanpa kebebasan;memenuhi segala yang diminta anak;memberi perhatian dan kasih sayang yang memadai;mementingkan kebutuhan kerja demi anak;memberi kebebasan pada anak;c
10;Marserakat yang sudah menyesuaikan diri dengan berbagai macam perubahan adalah masyarakat...;tradisional;pedesaan;pinggiran;kota;desa;d
10;"Korban penyalahgunaan narkoba perlu beradaptasi, dalam rangka untuk meninggalkan penyimpangan itu. Proses adaptif tersebut disebut...";perjudian;korupsi;rehabilitasi;penipuan;penganiayaan;c
10;Pengasingan diri merupakan salah satu tipe pembentukan perilaku menyimpang karena tindakan ini dapat...;mengurangi pertikaian;menimbulkan sikap apatis;bersikap dinamis;meninggalkan pertentangan;menyebabkan orang sering marah;b
10;Sosialisasi yang tidak berjalan dengan baik dan tidak sempurna dapat mengakibatkan...;penyesuaian pola perilaku;penyesuaian kebudayaan;penyimpangan dari subkebudayaan;penyimpangan dari pola perilaku masyarakat;penyimpangan dari pola perilaku masyarakat;D
10;"Berikut ini yang bukan merupakan ruang lingkup pengendalian sosial, yaitu pengawasan...";individu-individu;individu-kelompok;kelompok-individu;pengendalian diri;pengendalian diri;D
10;"Berikut ini merupakan bentuk pengendalian sosial represif, kecuali...";menghukum perilaku yang keliru;pengucilan terhadap pelaku kriminal;kepatuhan anak;pemberian sanksi pidana;tilang kepada pelanggaran lalu lintas;c
10;Vonis kurungan penjara termasuk contoh pengendalian sosial...;preventif;persuasif;kompulsif;objektif;pribadi;c
10;"Mengajarkan sopan santun, tertib, dan disiplin bagi anak pada usia dini merupakan wujud dari pengendalian sosial yang bersifat...";edukatif dan psikologis;represif;preventif;spontanitas;sosialisasi dan edukatif;c
10;Pengaruh baik atau buruk yang datang dari orang-orang tertentu merupakan wujud pengendalian sosial...;tidak resmi;resmi;antarindividu;institusional;konstitusional;c
10;"Cara mengarahkan anggota masyarakat agar melakukan perannya, sebagaimana yang telah diharapkan disebut...";proses sosial;interaksi sosial;pengendalian sosial;pengawasan sosial;aktivitas sosial;c
10;"Seseorang yang dijatuhi hukuman kurungan 10 tahun karena melakukan tindakan kejahatan, pengendalain sosial tersebut bersifat...";represif;preventif;persuasif;kuratif;spontanitas;a
10;Pengendalian sosial bertujuan untuk...;mendidik keluarga;mendidik masyarakat;menghukum orang yagn bersalah;mencegah terjadinya penyimpangan norma;mencegah terjadinya penyimpangan norma;D
10;Alasan bahwa kelompok sosial dapat menumbuhkan solidaritas adalah...;Perasaan senasib;Sedikit persamaan;Banyak ketidaksesuaian;Terjadi pengorbanan;Terjadi persamaan dan penyesuain;a
10;"Keluarga merupakan kelompok primer yang terdapat didalam masyarakat, yang terdiri dari bapak, ibu, dan anak. Ikatan sosial yang mendasari terbentuknya kelompok tersebut adalah...";Interaksi sosial;Ikatan darah;Hubungan sosial yang formal;Memiliki perjanjian tertulis;Solidaritas yang sementara;b
10;Kita sering menemukan penduduk suatu desa yang orang orangnya mempunyai ikatan keluarga. Pembentukan kelompok pada masyarakat ini didasari oleh...;Kesamaan kepentingan;Pengalaman praktis;Kesamaan daerah;Kesamaan keturunan;Kesamaan ciri fisik;d
10;"Kelompok sekunder biasanya berjumlah banyak dan pertemuan didasari oleh keperluan formal yang bersifat resmi. Oleh karena itu, hubungan yang tercipta dalam kelompok sekunder biasanya...";Saling bermusuhan dan bersaing;Sebatas hubungan kerja secara professional;Sering muncul perbedaan pendapat;Saling mengenal secara personal;Memiliki solidaritas yang kuat;b
10;"Hamper semua perusahaan menggunakan jasa selebritas untuk memasarkan produknya mulai dari aksesoris, pakaian, tas, produk rumah tangga, sampai perlengkapan sekolah. Hal ini karena masyarakat memiliki kecenderungan lebih mudah dipengaruhi untuk membeli produk yang diiklankan oleh idola mereka. Konsep interaksi yang diharapkan oleh perusahaan antara konsumen dan selebritas membentuk suatu konsep yang ada pada kelompok...";Reverensi;Luar;Dalam;Primer;Sekunder;a
10;"Jumlah penduduk nusantara lebih banyak dibandingkan jumlah penjajah belanda pada masa kolonial. Meskipun demikian, dalam segala bidang mulai dari ekonomi hingga pemerintahan dikuasai oleh belanda. Bentuk konfigurasi masyarakat multikultural adalah..";Frakmentasi sosial;Menoritas dominan;Mayoritas seimbang;Mayoriitas dominan;Kompetisi seimbang;b
10;"Cara paling cepat untuk membentuk sistem pemerintahan yang kuat pada Negara yang memiliki rakyat multicultural, yaitu dengan dibentuk koalisi etnik. Bentuk konfigurasi pemerintah yang dimaksud adalah...";Minoritas dominan;Frakmentasi sosial;Komposisi seimbang;Masyarakat majemuk;Mayoritas dominan;c
10;"Pada tanggal 17 agustus setiap masyarakat tanpa memandang agama, ras, etnik, dan kelompok besuka ria merayakan hari raya bersejarah Indonesia. Mereka berbaur dalam meriahnya perlombaan tujuhbelasan dan diikuti oleh anak-anak dan orang dewasa. Kondisi masyarakat multicultural tersebut menunjukkan telah terjadi...";Primordialisme;Pluralisme;Integrasi sosial;Asimilasi;Konsolidasi;c
10;Proses penggabungan kebudayaan dari masyarakat yang berbeda dan berinteraksi dalam waktu yang lama sehingga kebudayaan masing-masing berubah menjadi unsur kebudayaan baru yang berbeda dengan aslinya merupakan pengertian dari asimilasi. Faktor yang mempercepat terjadinya asimilasi diantaranya...;Kehidupan kelompok terisolasi;Perkawinan campuran campuran;Pembencian kepentingan;In-group feeling yang kuat;Prasaan bahwa kebudayaan lain lebih maju;b
10;"Permasalahan hubungan diantara elemen masyarakat majemuk akan selesai apabila diantara elemen-elemen tersebut berkembang hal-hal berikut, kecuali..";Simpati;Prasangka;Toleransi;Empati;Saling menghargai;b
10;Indonesia merupakan Negara dengan keanekaragaman kelompok bidang pertanian yang berbeda antara persawahan dan perkebunan. Faktor penyebab terjadinya kemajemukan tersebut adalah perbedaan...;Struktur tanah;Asal mula nenek moyang;Warisan zaman penjajahan;Integrasi dan budaya nasioanal;Perubahan sosial masyarakat;a
10;"Masyarakat majemuk mengalami proses segmentasi, yaitu munculnya berbagai kelompok. Proses tersebut ditandai dengan struktur sosial yang terbagi-bagi dan secara relative sering mengalami konflik antar kelompok. Ciri-ciri tersebut dapat berpengaruh pada munculnya..";Hubungan sosial yang saling mencurigai;Interaksi sosial yang saling membantu;Akomodasi yang cepat dan permanen;Komunikasi yang saling menguntungkan;Kontak sosial yang saling menghargai;a
10;Akibat keanekaragamaan suku bangsa diindonesia yang perlu diwaspadai adalah..;Terjadi persaingan yang ketat antar suku dalam berbagai kegiatan;Pemerintah kesulitan dalam mempersatukan suku-suku yang bertikai;Rawan terjadi konflik sosial antar suku bangsa;Masyarakat terbagi dalam berbagai kesatuan sosial;Indonesia sangat mudah dipengaruhi oleh berbagai unsur kebudayaan asing;c
10;Pendidikan multicultural berawal dari berkembangnya gagasan dan kesadaran tentang..;Identitas bersama;Nilai budaya;Interculturalisme;Perubahan sosial yang berdampak luas;Pentingannya keseragaman antar budaya;a
10;Berikut yang bukan merupakan syarat-syarat dari kelompok sosial yaitu...;Setiap anggota kelompok menyadari bahwa dia sebagai anggotanya;Ada hubungan timbal balik antar anggotanya;Terdapat faktor yang dimiliki bersama;Merupakan suatu keturunan yang sama;Merupakan suatu keturunan yang sama;D
10;Kelompok sosial dapat diklasifikasikan atas kelompok primer dan kelompok sekunder. Klasifikasi tersebut dilakukan atas dasar..;Sifat hubungannya;Tujuan kelompoknya;Kepentingannya;Struktur organisasinya;Derajat interaksi dan tujuannya;a
10;Berikut yang merupakan contoh kelompok primer adalah...;Parpol;Klik;IDI;Asosiasi;Kelompok pengusaha;b
10;Pada kelompok dengan solidaritas mekanik yang diutamakan adalah persamaan..;Tuntutan;Kebutuhan;Kepentingan;Prilaku;Minat;c
10;Pernyataan yang benar tentang kelompok primer adalah..;Berinteraksi secara formal;Bersifat tidak pribadi;Berciri kelembagaan;Berinteraksi secara langsung;Dipengaruhi lingkungan;d
10;Ciri organisasi yang menunjukkan pada adanya suatu pola kekuasaan dan wewenang yang berbentuk piramida yaitu..;Lama;Formalitas;Hierarki;Kompleks;Besar;c
10;In-group merupakan kelompok sosial yang dijadikan media atau sarana para anggotanya untuk..;Menghargai adanya kemajemukan dalam masyarakat;Mengenal dirinya sendiri melalui teman sebaya;Mencari teman yang cocok untuk diajak kerjasama dalam berbagai bidang;Memupuk rasa kebencian terhadap orang lain yang ada diluar in-groupnya;Mengenal karakter orang lain yang bermusuhan dengannya;b
10;Kelompok yang menjadi acuan bagi seseorang yang bukan anggota kelompok untuk membentuk kepribadian dan prilaku yang sesuai acuannya disebut...;Reverence group;Membership group;Paguyuban;Out group;In group;a
10;Pengelompokan penduduk berdasarkan usia dapat digolongkan sebagai kelompok statistik karena...;Diperlukan oleh rasa kekeluargaan yang kukuh;Hanya ada berdasarkan ciptaan ahli sosial untuk sebuah penelitian;Didasari oleh ikatan solidaritas yang kuat;Terjalin dari beberapa pola yang dapat dianalisis;Terdapat hubungan yang bersifat informal dan intim;b
10;Gemeinschaft dianggap sebagai tipe ideal bentuk kelompok yang ada dalam suatu masyarakat karena...;Diikat oleh hubungan informal yang mengikat seluruh anggota;Terbentuk berdasarkan pemikiran rasional dan formal;Adanya sikap kurang memahami terhadap kepentingan masing-masing;"Diikat oleh hubungan murni, alami, dan relative langgeng";Adanya ikatan pikiran serta perilaku yang homogeny dan setara;d
10;"Anggota kelompok diharapkan dapat membuka diri terhadap anggota lain, bahkan tidak boleh ada yang dirahasiakan. Hal-hal yang dirahasiakan terkadang dapat menimbulkan konflik dalam anggota kelompok karena tidak menginginkan kebersamaan sehingga memicu timbulnya kelompok...";Petembayan;Asosiasi;Paguyuban;Resmi;Informal;a
10;Berikut yang bukan merupakan bentuk kelompok sosial berdasarkan pembagian menurut Robert bierstedt adalah...;Asosiasi;Kelompok sosial;Kelompok kemasyarakatan;Kelompok politik;Kelompok politik;D
10;Kerumunan yang mempunyai pusat perhatian dan tujuan yang sama disebut...;Immoral lawless crowds;Inconvenient cousal crowds;Formal audiences;Spectator crowds;Spectator crowds;D
10;Komunitas dan asosiasi merupakan tipe kelompok sosial berdasarkan pada...;Besar kecilnya jumlah anggota;Kepentingan dan wilayah;Derajat organisasi;Hubungan sosial dan tujuan;Kesadaran terhadap jenis yang sama;d
10;Kerumunan orang yang menghadiri suatu ceramah agama merupakan contoh dari..;Spectator crowds;Formal audiences;Immoral crowds;Inconvenient aggregations;Planned expressive group;b
10;"Makna dari multicultural bukan hanya berarti keanekaragaman, melainkan juga berarti..";Pembauran dari keanekaragaman yang ada;Kesenjangan antar kelompok yang satu dan yang lain;Persilangan antar budaya yang berbeda;Kesetaraan antar perbedaan yang ada;Kebersamaan dari semua kelompok yang ada;d
10;Kumpulan dari beberapa perintah atau program pengendalian komputer yang sudah dibuat oleh pabrik komputer dengan memperhatikan bentuk dan cara kerja dari hardware yang ada disebut...;Internal Command;External command;Basic Input Output System;Operating System;Utility Program;d
10;Proses menghidupkan komputer disebut dengan istilah...;Refresh;Disk Clenup;Booting;Scandisk;Defragmenter;c
10;Utility yang digunakan untuk melakukan pengujian dan pernaikan kerusakan suatu disk disebut...;defragmenter;scandisk;system tools;disk cleanup;refres;b
10;"Jika kita menghendaki folder dan data ditampilkan berurutan sesuai dengan tanggal pembuatan atau modifikasi , maka cara yang dilakukan adalah...";Klik view -- Arrange icon by-Modified;Klik view- Arange icon by -- Name;Klik view -- Arrange icon by -- Type;Klik view- Arange icon by -- Detail;Klik view -- Arrange icon by- Size;a
10;"Untuk mengatur konfigurasi monitor setelah klik start, setting, control panel, kemudian klik...";Regional setting;Find Fast;Taskbar and start menu;Display;Display;D
10;Berfungsi menampilkan animasi bergerak yang akan tampil pada saat komputer tidak digunakan adalah...;Screen saver;Themes;Desktop;Appearance;Regional setting;a
10;Untuk mengatur konfigurasi struktur informasi pada suatu Negara untuk pemakaian tanda koma atau titik pada angka desimal serta pemakaian tanda mata uang menggunakan...;Display;System;Regional settings;Font;Network;c
10;Untuk mengelompokkan beberapa file yang sejenis dapat menggunakan...;Drive;Document;Desktop;Folder;Folder;D
10;Fasilitas dalam Ms. Word untuk mencari dan mengganti kata dalam suatu dokumen dengan cepat adalah...;Find;Mattch case;Use wildcards;Replace;Go to;d
10;Tampilan gambar pada layar program Windows disebut...;shortcut;wallpaper;icon;toolbar;menubar;c
10;Fungsi dari menu Find dalam windows adalah...;Membuka program windows;Menghapus file yang tidak digunakan.;Menampilkan dokumen Windows;Mencari file atau folder;Mengatur penyetingan windows;d
10;Perintah yang digunakan untuk menampilkan Windows explorer adalah...;"Start, windows explorer";"Strart, program, accessories, windows explorer";"Start , program, windows explorer";"Start, setting, windows explorer";"Start, run, windows explorer";b
10;Istilah sub directory dalam Windows Explorer disebut...;Folder;Wallpaper;Icon;Shortcut;Forward;a
10;Langkah untuk mengganti nama file dalam Windows Explorer adalah...;"Klik kanan file, copy";"Klik kanan file, paste.";"Klik kanan file, cut";"Klik kanan file, rename.";"Klik kanan file, rename.";D
10;"Bentuk urutan tampilan file dengan diwakili oleh gambar dalam ukuran kecil dan namanya ada disebelah kanan gambar berikut type, ukuran dan tanggal pmbuatan disebut...";Detail.;Back;Large icon;Small icon;List;a
10;Program Ms Word merupakan program ...;Pengolah data;Pengolah kata;Macromedia;Design grafis.;Web design;b
10;"Dalam Micosoft Word ,garis yang memiliki angka pengukur yang terdapat di bagian atas dan sebelah kiri lembar kerja disebut...";Baris status.;Baris menu;Garis penggulung;Garis mistar;Garis mistar;D
10;Untuk melakukan pengaturan lembar kerja dalam Ms Word digunakan perintah...;"File,open";"File, save";"File,page setup.";"File, close.";"File, print";c
10;Mengatur batas kanan lembar kerja Ms Word menggunakan...;Top margin;Left margin.;Botton margin.;Right margin;Pages per sheet;d
10;Lembar kerja dengan panjang 8.5 inc dan lebar 13 inc memiliki orientation...;Portrait;Gutter;Landscape;Mirror margin;2 pages per sheet;c
10;Pengaturan dengan 2 lembar kerja yang saling berhadapan disebut...;Paper source;Lay out;2 page per sheet;mirror margin;mirror margin;D
10;"Bila dilakukan pengaturan lembar kerja 2 page per sheet dan orientation dengan portrait, maka lembar kerja akan terbagi menjadi 2 secara...";Vertikal.;Diagonal.;Tidak beraturan.;Horisontal.;Simetri;a
10;berfungsi untuk...1;Membuat dokumen baru;Membuka dokumen;Menyimpan dokumen;Membatalkan perintah;Menyimpan dengan nama baru;b
10;??nama icon...;Save;New.;Save As;Open;Close;d
10;Penulisan SMA 10 SEMARANG disebut tampilan huruf...;Sentence case;Uppercase;Lower case;Title case;Toggle case;b
10;Penulisan Smanten Semarang disebut tampilan huruf...;Title case;Sentence case;Lowercase;Upper case;Toggle case;a
10;"Bila ingin memberikan efek tampilan huruf, klik menu...";"Format, font , color";"Format, font, style";"Format, font, changecase";"Format, font, effect";"Format , font, text effect";d
10;Penomeran halaman dapat dilakukan dengan...;"Insert, break.";"Insert, date and time";"Insert, symbol";"Insert, page numbers";"Insert, field";d
10;Yang dimaksud engan perataan Justify adalah...;Teks rata kiri;Teks rata tengah;Teks rata kanan-kiri;Teks rata kanan;Teks tidak beraturan;c
10;"Tempat di atas dan di bawah dokumen yang diisi teks , gambar atau shape disebut...";Footnote;Header and footer;Hyperlink;Outline;Ruler;b
10;Untuk menuliskan rumus-rumus matematika dan fisika dapat menggunakan...;Language;Wordcount;Sort;Equation editor;Formula;d
10;Memberikan efek cetakan miring setelah naskah di blok adalah...;Italic;Bold;Underline;Justify;Border;a
10;Karakter-karakter yang diletakkan pada awal paragraf sebagai pengganti nomor disebut...;numbering;drop cap;shading;bullet;paragraph;d
10;"Dalam pengetikan sebuah paragraf, huruf pertamanya dapat memakai font lebih dari satu baris , disebut...";Drop cap;Shading;Bullet;Numbering;Hanging;a
10;"Sebelum dicetak di Printer, kita dapat melihat hasil pencetakan di dokumen pada layar dengan...";Print;Print Prefiew;View;Edit;Insert;b
10;"Untuk menuliskan kuadarat (X2) dapat mengklik menu Format, font kemudian pilih...";Shadow;Subscript;Superscript;Strikethrough;Small caps;c
10;"menggunakan perintah...? dan ?, ?Penulisan";"Insert, wingdings";"Insert, webdings";"Insert, object";"Insert , symbol";"Insert , symbol";D
10;Menyisipkan gambar dalam lembar kerja menggunakan...;Insert -- Picture -- Clip Art;Insert -- picture -- Word Art;Insert -- picture -- Chart;Insert --Picture -- New Drawing;Insert -- picture- Auto shapes;a
10;Menggabungkan dua kolom atau lebih menjadi satu kolom disebut...;Mail Merge;Cell;Column;Merge cell;Merge cell;D
10;Penulisan kalimat SMA 10 SMG di bawah ini menggunakan...;frames;background;change case;drop cap;drop cap;D
10;Gambar Autoshapes di bawah ini merupakan pilihan sub menu...;Basic Shapes;Stars and banners;flow chart;Callouts;Block Arrow;b
10;Grafik di bawah ini adalah tipe...;Bar;Line;Pie;Scatter;Column;c
10;Tipe grafik yang dapat menyajikan tingkat persentase data adalah...;Pie;Line;Bar;Column;Scatter;a
10;Gabungan antara dokumen induk dengan sumber data pada surat massal disebut...;Merge the data with data source;Merge the data with the document;Merge data;Mail merge;Merge of information;d
10;Tampilan nama field dalam surat massal yang benar adalah...;(nama);((nama));<\>;{nama};{{nama}};d
10;"Untuk mengganti field dalam field names in header row sesuai dengan keinginan kita , maka field yang ada dihapus menggunakan...";Mail merge Helper;Remove Field Name;Form letter;Create data Source;Edit data source;b
10;Dokumen yang berisi teks dan informasi lain yang tidak berubah dari sebuah surat massal disebut...;Data source;Main document;Insert merge field;Mail merge Helper;Remove Field Name;b
10;"Pada pembuatan Drop Cap, Lines to drop berfungsi untuk...";Menentukan jarak dropcap dengan teks;Menentukan jenis font yang digunakan;Menentukan jumlah baris yang akan diturunkan;Menentukan jarak spasi antar baris;Menentuan model dro cap;c
10;Untuk melengkapi poster dengan tulisan-tulisan indah menggunakan...;Insert --picture-from file;Insert-picture-chart;Insert-picture-WordArt;Insert-picture-clipArt;Insert-Picture-new drawing;c
10;Proses komputer dihidupkan pertama kali disebut sebagai \...;BIOS;Turn Off;Open;Booting;Restart;d
10;BIOS merupakan perangkat penyimpan perintah yang diterima sistem operasi. Fungsi utama dari BIOS adalah \...;manajemen memori;menjalankan software aplikasi;melakukan kontrol dan manajemen perangkat kerns;untuk mengidentifikasi dan menginisialisasi komponen hardware sistem komputer;untuk mengidentifikasi dan menginisialisasi komponen hardware sistem komputer;D
10;Komputer dalam keadaan coati kemudian dihidupkan. Komputer akan menjalankan proses booting yang disebut \...;Turn off;Cool booting;Shutdown;Warm booting;Hot booting;b
10;"Komputer dalam keadaan hidup, kemudian kita tekan tornbol reset atau Ctrl + Alt + Del pada keyboard. Komputer akan menjalankan proses booting yang disebut\...";Turn off;Shutdown;Hot booting;Cool booting;Warm booting;c
10;Fungsi sistem operasi yang digunakan untuk menyediakan kontrol akses yang dilindungi file dan memberi pengawasan adalah \...;Restart;Guardian;Optimezer;Coordinator;Resource Manager;b
10;Sistern operasi yang banyak digunakan saat ini adalah \...;Apple;Open BSD;Linux;Windows 7;Mac Os;d
10;Berikut yang bukan komponen utama dari sebuah sistem komputer adalah \...;firewall;hardware;brainware;sistem operasi;applicated software;a
10;"Sistem operasi sebagai penghubung komputer dengan pengguna. Dengan demikian, sasaran sistem operasi memberikan \...";efektif;extended;kemudahan;kenyamanan;pengelola sumber daya;c
10;Sistem operasi Windows pertama kali dikenalkan pada tahun \...;1980;1981;1983;1985;1985;D
10;"Pada tahun 2009, sistem operasi terbaru yang dikeluarkan Microsoft Corp. adalah \...";Windows 7;Windows XP;Windows Me;Windows Vista;Windows Server;a
10;Komputer terdiri dari beberapa komponen utama. Berikut yang bukan komponen utama dalam komputer adalah perangkat \...;masukan;penyimpanan;keluaran;virtual machine;pemrosesan;d
10;Perangkat masukan digunakan untuk mernasukkan data dalam komputer. Di bawah ini yang merupakan perangkat masukan adalah \...;Speaker;Flashdisk;Memory;Microphone;Harddisk;d
10;Untuk melakukan pernasangan driver printer barn ikon yang dipilih adalah \...;Add a printer;Pause brinting;Share this printer;Set printer properties;Select printer preference;a
10;Salah satu langkah yang digunakan untuk menginstall printer adalah \...;Start > Run;Start > Search;Start > Program;Start > Printer and Faxes;Start > Set Program Access and Default;d
10;Agar printer dapat digunakan oleh komputer lain dalam sebuah jaringan. Pengaturan printer dengan memunculkan perintah \...;Default;Sharing;Test Page;Local printer;Do not share the printer;b
10;"Perangkat peripheral yang tidak harus diinstall drivernya, tetapi dapat langsung digunakan adalah \...";Printer;Handycam;Scanner;Flashdisk;Flashdisk;D
10;Perangkat input/output yang merupakan bagian dan pendukung sistem disebut \...;sistem;software;hardware;peripheral;peripheral;D
10;Alat yang merupakan sarana untuk memasukkan data atau instruksi ke dalam komputer disebut...;output device;input device;RAM;CD ROM;processor;b
10;"Untuk mengurangi intensitas radiasi dari layar monitor ke mata pengguna komputer, dapat menggunakan...";screen saver;mouse;kaca mata;screen filter;screen filter;D
10;Salah satu program aplikasi yang dapat digunakan untuk mengelola dan menjaga keamanan atau program dari kerusakan adalah...;scandisk;microsoft excel;diskspace;accessories;microsoft word;a
10;Siklus pemprosesan data yang benar adalah...;output -> proses -> input;output -> input -> proses;input -> output -> proses;input -> proses -> output;proses -> input -> output;d
10;Berikut ini bukan termasuk software adalah...;pascal;cobol;microsoft word;cd room;microsoft excel;d
10;Peralatan keras yang berfungsi untuk menjalankan instruksi-instruksi yang diberikan dan mengeluarkannya dalam bentuk informasi disebut...;hardware;software;hard disk;input device;RAM;a
10;Orang yang menggunakan komputer disebut...;brainware;hardware;software;scanner;scanddisk;a
10;Alat yang digunakan untuk memindahkan gambar dari kertas ke komputer disebut...;printer;lighpen trackball;scanner;mouse;joystick;c
10;Alat yang digunakan untuk membaca CD/DVD disebut...;plotter;voice recognition;phometric;CD/DVD ROM;CD/DVD ROM;D
10;Proses hidupnya komputer disebut...;loading;booting;printing;browsing;starting;b
10;Tampilan awal microsoft windows disebut...;laptop;web shot;desktop;background;taksbar;c
10;Tempat yang digunakan untuk menyimpan file yang sejenis disebut...;explorer;drive;folder;dokumen;desktop;c
10;Berikut ini yang tidak termasuk menu bar dalam microsoft office word 2010 adalah...;file;view;insert;print;print;D
10;Berikut ini yang tidak termasuk media penyimpanan data adalah...;floppy disk;mouse;hard disk;compact disk;flash disk;b
10;"Selain dengan mengklik tanda silang disudut kanan atas, untuk menutup jendela yang aktif, anda dapat juga menekan tombol...";file -- print;file -- save;file -- close;file -- exit word;file -- new;c
10;"Untuk keluar dari Microsoft Word dan menuju ke layar desktop, digunakan tombol...";file -- print;file -- save;file -- close;file -- exit word;file -- new;d
10;LAN adalah kepanjangan dari...;Local area network;Local area netting;local asean network;location area network;local area networking;a
10;Jenis jaringan yang digunakan untuk berkomunikasi antarkomputer dalam satu wilayah provinsi adalah...;LAN;WAN;MAN;GAN;BAN;c
10;Jarak yang baik utuk bekerja dengan komputer pada jarak pandang yang benar adalah...;20 cm;30 cm;40 cm;50 cm;100 cm;d
10;Media penyimpanan optis yang benar adalah...;keping CD;hardsik;flashdisk;software;brainware;a
10;Orang yang mengendalikan data pada sebuah system program komputer disebut dengan...;admin;operator;analisis;programmer;projecter;d
10;Program aplikasi yang digunakan untuk membuat bentuk pengolah kata adalah...;macromedia flash;paint;microsoft word;photoshop;pagemaker;c
10;Hak ekslusif bagi pencipta atau pemegang hak cipta untuk mengumumkan atau memperbanyak ciptaannya disebut...;hak paten;hak cipta;hak asasi;hak milik;hak dagang;b
10;Berikut ini tidak termasuk dalam hak atas kekayaan intelektual adalah...;hak cipta;hak paten;hak dagang;rahasia dagang;desain industri;a
10;Orang yang menjiplak hasil karya orang lain disebut...;writer;writor;plagiater;plagiator;pencipta;d
10;Alat pada CPU yang dapat digunakan untuk memperbanyak data pada CD disebut...;CD room;CD writer;compact disk;scanner;VCD;a
10;Undang-undang di Indonesia yang memuat tentang HAKI adalah...;UU nomor 19 tahun 2002;UU nomor 19 tahun 2003;UU nomor 19 tahun 2006;UU nomor 19 tahun 2004;UU nomor 19 tahun 2005;a
10;Lama hukuman penjara bagi orang yang dengan sengaja melanggar hak cipta adalah...;"2,5 tahun";5 tahun;7 tahun;10 tahun;15 tahun;b
10;Denda maksimal yang dibayar oleh para pelanggar hak cipta adalah...;"Rp.5.000.000,00";"Rp.50.000.000,00";"Rp.100.000.000,00";"Rp.500.000.000,00";"Rp.500.000.000,00";D
10;Hak yang diberikan pemerintah kepada pencipta untuk memperbanyak hasil ciptaannya disebut...;hak cipta;hak intelektual;hak royalti;hak paten;hak asasi;a
10;"Software yang diperbanyak tanpa seizin pemegang hak cipta, berarti dibuat secara...";ilegal;asli;bajakan;legal;palsu;a
10;Jenis jaringan yang digunakan untuk melakukan komunikasi antarkomputer dalam satu gedung disebut...;MAN;GAN;LAN;WAN;BAN;c
10;Jenis jaringan yang digunakan untuk melakukan komunikasi antarkomputer dibeberapa benua disebut...;LAN;MAN;GAN;WAN;BAN;d
10;Jenis topologi jaringan yang menyerupai bentuk cincin disebut...;topologi mesin;topologi star;topologi tree;topologi ring;topologi ring;D
10;"Dalam suatu jaringan, komputer yang dipakai untuk mengendalikan client dan merupakan pusat informasi dinamakan komputer...";server;workstation;pusat;terpadu;sentral;a
10;System bilangan basis 2 disebut dengan...;decimal;hexadesimal;biner;okta;romawi;c
10;Micro SD termasuk dalam media yang benar adalah...;penyimpanan;outputdata;antivirus;software;brainware;a
10;Kepanjangan yang benar dari bit adalah...;trinery digit;binary digit;byte persecond;brainware intelegence;dwinery digital;b
10;Orang yang membuat program komputer disebut dengan...;admin;operator;analisis;programmer;projecter;d
10;Perangkat keras yang digunakan untuk mencetak data hasil pemrosesan komputer disebut...;monitor;printer;RAM;hardisk;speaker;b
10;Kelompok mikrokomputer kelas tinggi yang lebih unggul daripada mikrokomputer kelas rendah dinamakan?;super mikro;super mini;mainframe;worksation;worksation;D
10;Berikut ini yang termasuk sebagai mikrokomputer adalah;dekstop PC;PDA;mainframe;palmtop;worksation;a
10;Berikut yang tidak tergolong sebagai piranti masukan berbentuk petunjuk adalah;mouse;touchpad;pointing stick;touchtone;touchtone;D
10;Berikut ini bagian komponen sistem komputer yang tepat adalah;input-procesing dan output;"input,CPU,external strorage dan output";"input,external strorage,CU,dan output";"output,CU,ALU,dan output";"output,CPU,ALU,dan output";a
10;"Sesuai dengan lahirnya perkembangan teknologi dan komunikasi, lahirlah sebuah sistem pengolah data menggunakan EDPS, EDPS kepanjangan dari";electronic data prosessing system;electronic data program system;electronic data procedur system;electronic datum prosessing system;electronic datum prosessing system;a
10;Masukan atau data yang telah diolah menjadi bentuk atau sumber yang sangat berarti bagi semua orang disebut;proses;data;sorting;informasi;storing;d
10;Karakter pada komputer yang diwakili oleh kode yang tersusun dari bilangan binary (1 sampai 0). Data ini disimpan sebagai rangkaian bit atau byte. Kepanjangan dari bit adalah;bit data;binerit;bynari digit;binary table;bit digit;c
10;Salah satu alternatif yang digunakan untuk mengurangi efek layar monitor adalah dengan cara;menganti warna layar;mengatur jarak pandang sampai dengan 60cm;meredupkan layar hingga ketajaman 25%;menggunakan layar yang memiliki radiasi rendah;mengatur kontras lebih tinggi;d
10;Berikut ini yang bukan alasan layar CRT mulai ditinggalkan adalah;efek radiasi yang dipancaarkan besar;memerlukan listrik yang cukup besar;menimbulkan kelelahan pada mata;pancaran radiasi nya lembut;pancaran radiasi nya lembut;D
10;Salah satu prinsip K3 dalam penggunaan komputer adalah;berdoa dahulu sebelum menggunakan komputer;menghubungkan dengan listrik;megelola dan menggunakan komputer dengan benar;memasang audio;mescan dulu;c
10;Software komputer merupakan maha karya yang memerlukan keahlia khusus dan ketekunan. Hal yang tidak boleh atas hasil karya tersebut adalah;membeli lisensi kepada perusahaan;tidak menggunakan perangkat lunak tersebut untuk kejahatan;menggunakan perangkat asli;mengandakan software pemilik atau perusahaan;mengandakan software pemilik atau perusahaan;D
10;Legimitasi tambahan bagi HAKI yang diberlakukan oleh revisi UUHC No.19 tahun 2002 tanggal 27 adalah;"hak dagang, hak paten dan hak merek";"hak jasa, hak dagang dan hak paten";"hak cipta, hak kolektif dan hak paten";"hak dagang, hak cipta dan hak jasa";"hak cipta, hak paten dan hak merek";a
10;Suatu penghargaan dari pemerintah yang diberikan kepada seseorang karena telah menghasilkan suatu karya disebut;hak cipta;hak jual;lisensi;hak paten;merk dagang;d
10;Suatu penerbit memiliki hak "merk dagang" artinya;hak menjual hasil cetakanya;hak perlindungan dagang;hak memiliki atas cetakanya;hak untuk mencetak;semua jawaban benar;b
10;Pencipta boleh mengutip hasil karya orang lain namun dengan ketentuan;pengutipan untuk komersial;menyebutkan sumbernya dan hanya 10% saja;untuk program komputer yang diperuntukan bagi perusahaan penjual jasa;untuk keperluan tuna netra untuk komersil;untuk pengadilan yang dikomersilkan;b
10;"UU hakcipta adalah pembaharuan dari UUHAKI, yaitu dari nomer 7 tahun 1987 menjadi UUHC nomor dan tahun";10 tahun 2002;17 tahun 2002;30 tahun 2002;19 tahun 2002;19 tahun 2002;D
10;Maksud dan fungsi dari sistem operasi yang memanejemen data adalah;mengendalikan sumber daya dalam sistem komputer;mengatur penjadwalan program yang akan dijalankan;memantau proses program yang sedang dijalankan;memanejemen alokasi penyimpanan baik sekunder atau primer;memanejemen alokasi penyimpanan baik sekunder atau primer;D
10;Berikut yang tergolong ms.office;borlan delvi;visual basic;turbo pascal;ms.word;ms.word;D
10;Pada sistem operasi yang terpasang file.command.com berfungsi untuk;mencari file;mengontrol sistem hardware;menerjemahkan perintah yang diberikan user;menyesuaikan kofigurasi;melakukan proses batch file;c
10;Penggunaan prosedur menghidupkan dan mematikan komputer dengan dapat berdampak positif pada komputer yaitu;menimbulkan bad file;teracaknya file file;munculnya ruang kosong pada hardisk;tertatanya suatu sistem dengan baik dan komputer tidak cepat aus;cepat ausnya komponen komputer;d
