Kelas;Soal;A;B;C;D;E;Jawaban
11;"Kata ""atau"" merupakan konjungsi ...";tujuan;pilihan;temporal;kesimpulan;syarat;b
11;"Kata ""terakhir"" merupakan konjungsi";tujuan;pilihan;temporal;kesimpulan;syarat;c
11;Ceramah bertujuan untuk memberikan ...;nasihat baik;kebencian;kemurkaan;keburukan;kejahatan;a
11;Berikut yang tidak termasuk ungkapan terimakasih adalah ...;Terima kasih kepada pihak yang telah membantu saya;Assalamualaikum wr. Wb;Dengan adanya benda ini, saya ucapkan terima kasih;Ungkapan syukur kepada Tuhan dan ucapan terima kasih kepada juri atau tamu undangan.;saya panjatkan syukur saya kepada Tuhan Yang Maha Esa;b
11;Bahasa yang digunakan dalam teks ceramah adalah ...;efektif;ambigu;rancu;bahasa gaul;bahasa tidak baku;a
11;Isi dalam penutup penyampaian ceramah berupa ...;salam pembuka;pengenalan topik, tema, dan judul;materi pokok yang dibahas;kesimpulan dan ungkapan penutup;ucapan terima kasih;d
11;Kalimat salam penutup yang tepat adalah ...;Demikian saya akhiri, kurang lebihnya mohon maaf;Selesai semua saya mohon maaf;Sudah saya akhiri semua ini;Demikian saya awali, mohon maaf;Terima kasih;a
11;Perhatikan kalimat berikut! Kesempurnaan milik Tuhan, kesalahan milik saya. Kalimat tersebut sering terdapat pada bagian ...;pendahuluan;isi;materi;salam penutup;salam penutup;D
11;Faktor-faktor di dalam lingkungan masyarakat penulis yang mempengaruhi penulis dalam menulis cerpen tersebut disebut ...;latar belakang masyarakat;latar belakang penulis;penokohan;sudut pandang;alur;a
11;Nilai yang menjelaskan baik dan buruk seseorang dalam cerita adalah nilai ...;agama;sosial;budaya;moral;ekonomi;d
11;Salah satu jenis karya sastra yang memaparkan kisah atau cerita mengenai manusia beserta seluk-beluknya lewat tulisan pendek dan singkat disebut ...;cerita pendek;eksposisi;eksplanasi;deskripsi;prosedur;a
11;Berikut ini yang tidak termasuk ciri cerpen adalah ...;jalan ceritanya pendek;memiliki jumlah 10.000 kata;berasal dari kehidupan sehari-hari;tidak ada permasalahan dalam cerita;tidak ada permasalahan dalam cerita;D
11;Ringkasan atau inti dalam cerita pendek yang akan dikembangkan menjadi sebuah rangkaian-rangkaian peristiwa atau bisa juga sebagai gambaran awal dalam cerita disebut ...;abstrak;orientasi;komplikasi;evaluasi;koda;a
11;Sebuah gagasan pokok yang mendasari dari jalan cerita sebuah cerpen disebut ...;tema;alur;setting;tokoh;penokohan;a
11;Jalan dari sebuah kisah cerita merupakan karya sastra disebut ...;tema;penokohan;amanat;alur;setting;d
11;Berikut yang tidak termasuk setting adalah ...;tempat;latar;suasana;tokoh;tokoh;D
11;Tokoh baik dalam karya sastra disebut ...;protagonis;antagonis;campuran;tritagonis;pantonim;a
11;Penulis mulai memperkenalkan tokoh-tokoh, latar yang ada di dalam cerita termasuk tahapan alur...;perkenalan;pemunculan masalah;menuju konflik;ketegangan;penyelesaian;a
11;Berikut yang tidak termasuk unsur intrinsic cerpen adalah ...;tema;alur;setting;latar belakang;penokohan;d
11;Judul makalah: Upaya penghijauan di sekitar lingkungan. Penulisan judul makalah yang tepat untuk memperbaiki judul tersebut adalah ...;Upaya Penghijauan di Sekitar Lingkungan;Upaya penghijauan di sekitar lingkungan;Upaya PENGHIJAUAN di sekitar lingkungan;Upaya PENGHIJAUAN di Sekitar Lingkungan;UPAYA PENGHIJAUAN di SEKITAR LINGKUNGAN;a
11;"Dalam suatu seminar, seorang peserta menanggapi pembicaraan. ""Jika memerhatikan status OSIS dan KOPSIS, saya menyimpulkan bahwa KOPSIS mempunyai dasar hukum yang lebih kuat daripada OSIS. Bagaimana menurut pendapat Anda?"" Kalimat jawaban yang tepat untuk tanggapan peserta di atas adalah ...";Pernyataan Saudara tidak perlu dijawab karena semuanya sudah jelas.;Rupanya Saudara kurang bisa memahami penjelasan saya.;Pertanyaan Saudara saya tampung dulu, apabila ada waktu akan saya jawab.;Analisis Saudara tentang status OSIS dan KOPSIS tampaknya sejalan dengan saya.;Analisis Saudara tentang status OSIS dan KOPSIS tampaknya sejalan dengan saya.;D
11;Sumi : Biarlah semua tahu, keadaan yang memojokkan saya untuk bercerita. Kebenaran harus dibela, risiko apa pun kuhadapi. Ibu : Jadi! Bilang keladinya justru, Mam. Pantas! Dialog di atas menunjukkan drama telah sampai pada bagian ...;Pengenalan;komplikasi;klimaks;antiklimaks;ending;c
11;Seni drama yang ditampilkan dalam bentuk tarian dikenal dengan istilah ...;opera;pantomim;sendratari;drama komedi;drama tragedi;c
11;Improvisasi atau tindakan spontan pemain di atas panggung bertujuan untuk beberapa hal berikut, kecuali ...;mengalihkan perhatian penonton;menetralisasi suasana panggung;menarik kesempatan pemain lain untuk mengingat dialog yang terlupa;menjaga suasana penonton agar tetap tenang;menjaga suasana penonton agar tetap tenang;D
11;Berikut contoh dramawan Indonesia adalah ...;Taufik Ismail;Y.B. Mangn Wijaya;Umar Kayam;Putu Wijaya;Putu Wijaya;D
11;"A: ""Do you like the game?"" B: ""...""";The dinner is really delightful.;I do enjoy this game.;I am pleased with all the food.;Terrible!;The show is delightful.;b
11;"A: ""You look so happy with this picnic."" B: ""...""";Terrible!;That's really a wonderful trip.;I am so delighted with this picnic.;I enjoyed the travel.;Really.;c
11;"A: ""Will you pick me up this evening?"" B: ""...""";sure you can.;Of course please help yourself.;No, I don't think I can.;Sure I will.;Sure I will.;D
11;SBY and Budiono won the general election. The passive is...;SBY and Budiono are won by the general election.;The general election is won by SBY and Budiono.;The general election was won by SBY and Budiono.;The general election were won by SBY and Budiono.;SBY and Budiono are won the general election.;c
11;Robby will buy John a new cloth. The passive is...;John will be bought by Robby a new cloth.;John would be bought a new cloth by Robby.;A new cloth will be bought by Robby for John.;A new cloth will be bought by John for Robby.;A new cloth would be buy by John for Robby.;c
11;Some students are going to arrange a reunion party at school next month. The passive is...;A reunion party are going to arrange by some student at school next month.;A reunion party is going to arrange by some student at school next month.;A reunion party is going to arrange by some students at school next month.;A reunion party is going to be arranged by some students at school next month.;A reunion party is held go to be arranged by some students at school next month.;d
11;Neither James nor Jenny has been told yet. The passive is...;James has told Jenny already.;Jenny has told James already.;Nobody has told James and Jenny.;They have told either James or Jenny.;James have told Jenny already.;c
11;My book was stolen. The passive is...;Someone stole my book.;Someone has stolen my book.;Someone have stolen my book.;Someone was stealing my book.;Someone is stolen my book.;a
11;"The synonym of the word ""dangerous"" in the text is...,";rude;impolite;health risk;harmful;disease;d
11;Pilot flies the plane twice a week. The passive is...;The plane is being flew by pilot twice a week.;The plane is flown by pilot twice a week.;The plane is flew by pilot twice a week.;The plane is being flown by pilot twice a week.;The plane is fly by pilot twice a week.;b
11;Math is being taught by Mr. Heri. The active sentence is...;Mr. Heri teaches Math.;Mr. Heri taught Math.;Mr. Heri was teaching Math.;Mr. Heri is teaching Math.;Mr. Heri will teach Math.;a
11;The electricity will be repaired by technician. The active sentence is...;The technician will repairs the electricity.;The technician will repaired the electricity.;The technician will repair the electricity.;The technician will be repairs the electricity.;The technician will be repairing the electricity.;b
11;The victim may be killed by the robber. The active is...;The robber may kill the victim.;The robber may kills the victim.;The robber may be kill the victim.;The robber may killed the victim.;The robber may be killed the victim.;d
11;Life on the Mississippi was written by Mark Twain. The active is...;Mark Twain is writing Life on the Mississippi.;Mark Twain writes Life on the Mississippi.;Mark Twain has written Life on the Mississippi.;Mark Twain wrote Life on the Mississippi.;Mark Twain written Life on the Mississippi.;a
11;"Rosa: ""You look unhealthy, boy."" Sandy: ""Yes, I get a headache and a stomachache."" Rosa: ""You should go to a doctor. Come on, I will accompany you."" Sandy: ""Ok."" The underlined words show...";agreement;disagreement;suggestions;offer;opinion;a
11;"Yu'ul: ""Would you like a cup of tea?"" Ipeh: ""Yes, I want it. The dialogue uses expression of...";offering help;accepting and refusing an appointment;offering and accepting;make an appointment;refusing something;c
11;"Coki: ""Would you come with me to Lia's party?"" Citra: ""That would be nice. What's time?"" From the underline sentence, we know that...";Citra doubt to go with Coki.;Coki ask for help to Citra.;Coki orders Citra to go with him.;Citra accepts Coki's Invitation.;Citra accepts Coki's Invitation.;D
11;Karbohidrat disimpan dalam hati dalam bentuk...;lemak padat;glikogen;lemak cair;pati;karbon;b
11;Unsur penyusun protein selain C, H, dan O adalah...;N dan S;N dan Fe;Na dan P;Ca dan Mg;N dan Cl;a
11;Pada pernapasan dada yang berkontraksi adalah otot...;diafragma;pengangkat rusuk;antartulang rusuk;diafragma dan pengangkat rusuk;antarrusuk, pengangkat rusuk, dan diafragma;c
11;Fungsi ginjal yang berkaitan dengan usaha tubuh untuk menjaga keseimbagan kadar cairan dalam tubuh adalah...;mengekskresikan zat-zat yang membahayakan tubuh;mempertahankan keseimbangan asam dan basa;mengekskresikan zat-zat racun;mempertahankan tekanan osmosis cairan ekstraseluler;mempertahankan tekanan osmosis cairan ekstraseluler;D
11;Lubang pernapasan pada serangga disebut...;trakea;insang;pori-pori;spirakel;spirakel;D
11;Pernyataan yang tidak benar mengenai gangguan pencernaan dan penyebabnya adalah...;sembelit, disebabkan kurang makanan berserat;diare disebabkan kelebihan asam lambung;gastritis disebabkan iritasi pada dinding kolon;ulkus disebabkna racun yang dikeluarkan oleh bakteri;radang usus buntu disebabkan adanya gangguan absorbsi air;d
11;Pernyataan yang benar mengenai ekspirasi pada pernapasan perut dan pernapasan dada adalah...;pernapasan perut diafragma relaksasi pernapasan dada otot antarusuk relaksasi;pernapasan perut diagragma kontraksi pernapasan dada otot antarrusuk relaksasi;pernapasan perut diagragma relaksasi pernapasan dada otot antarusuk kontraksi;pernapasan perut otot dinding perut kontraksi pernapasan dada otot antarrusuk kontraksi;pernapasan perut otot dinding perut kontraksi;a
11;Paru-paru burung berhubungan dengan kantong-kantong udara yang terdapat pada beberapa alat dalam. Fungsi kantong udara tersebut adalah...;membantu pernapasan saat akan terbang;menyerap panas untuk menurunkan temperatur tubuh;membantu memasukkan udara dari luar ke paru-paru;membantu membesarkan ruang siring dan memperkeras suara;membantu membesarkan ruang siring dan memperkeras suara;D
11;Jika menahan napas, maka keinginan bernapas menjadi tidak terkendali. Hal ini disebabkan karena...;kekurangan zat asam dalam otak;kebanyakan CO2 dalam darah;kekurangan zat asam dalam jantung;kebanyakan CO2 dalam paru-paru;kekurangan zat asam dalam darah;a
11;Proses masuknya oksigen pada pernapasan dada disebabkan otot antartulang rusuk...;berkontraksi, tekanan udara rongga dada seimbang;berkontraksi, tekanan udara rongga dada tinggi;relaksasi, tekanan udara rongga dada rendah;berkontraksi, tekanan udara rongga dada rendah;berkontraksi, tekanan udara rongga dada rendah;D
11;Turunnya kadar senyawa organik yang berguna bagi tubuh di dalam filtrat tubulus adalah karena adanya...;filtrasi;augmentasi;reabsorpsi;augmentasi dan filtrasi;filtrasi dan reabsorpsi;c
11;Jika terjadi pembuahan, setiap bulan wanita melepas satu sel telur dari ovariumnya, disebut...;menopause;menstruasi;fertilisasi;kopulasi;ovulasi;b
11;Infeksi kuman pada glomerulus menimbulkan penyakit...;uremia;nefritis;diabetes insipidus;albuminuria;diabetes melitus;b
11;Hati merupakan salah satu alat ekskresi yang menghasilkan zat sisa...;gas CO2;asam urat;kolestorel;amoniak;amoniak;D
11;Dalam urine orang normal banyak terdapat...;asam amino;ureum;albumin;glukosa;asam lemak dan gliserol;b
11;Sel api adalah alat ekskrsi pada...;cacing tanah;cacing hati;lintah;cumi-cumi;belalang;b
11;Pigmen melanin dihasilkan pada lapisan...;stratum korneum;dermis;epidermis;malphigi;stratum lusidum;d
11;Selain merupakan penyusun enzim, protein juga berfungsi dalam...;memelihara ketegangan suatu sel;menjaga keseimbangan energi;menyusun penimbunan lemak;memelihara keseimbangan tekanan osmosis darah;memelihara keseimbangan tekanan osmosis darah;D
11;Pernyataan yang benar tentang merokok adalah...;karbon monoksida mengurangi kandungan oksigen dalam darah;nikotin menyebabkan kanker paru-paru;nikotin menyebabkan paru-paru berwarna cokelat;tar merupakan faktor utama yang menyebabkan kecanduan merokok;merokok hanya membahayakan bagi si perokok;a
11;Penyebab penyakit kwashiorkor adalah kekurangan...;lemak;mineral;karbohidrat;protein;protein;D
11;Orang yang tenggelam di laut akan mengalami gangguan pada alat pernapasannya karena...;adanya kebocoran pada alveolus;pecahnya pembuluh darah paru-paru;paru-paru tidak dapat berkontraksi;alveolus terisi oleh air;bronkiolus tidak dapat melewatkan O2;d
11;Nutrien yang sangat penting dalam pembentukan tulang adalah...;kalsium dan vitamin C;kalsium dan vitamin D;besi dan fosfor;besi dan vitamin D;kalium dan vitamin D;b
11;Pencernaan makanan berlangsung secara mekanik dan kimiawi dengan menggunakan enzim sebagai katalisatornya. Zat yang diubah di dalam mulut dengan perantaraan enzim adalah...;protein;lemak;karbohidrat;mineral;vitamin;c
11;Saluran empedu menghubungkan kantong empedu dengan duodenum. Jika saluran empedu tersumbat maka...;pencernaan lemak berkurang;pencernaan karbohidrat berkurang;pencernaan protein menjadi lambat;kandungan duodenum menjadi netral;saluran duodenum menjadi basa;a
11;Fungsi hati berikut yang berkaitan dengan fungsi pencernaan makanan adalah...;sebagai penawar racun;menghasilkan empedu;menghancurkan eritrosit yang telah tua;mengubah glukosa menjadi glikogen;menghasilkan sel darah merah;b
11;Pencernaan makanan adalah...;penghancuran makanan secara mekanik;pemecahan zat makanan hingga dapat diserap oleh usus;penyerapan makanan oleh epitelium usus;pergerakan makanan di dalam usus;sekresi enzim pemecah molekul makanan;b
11;Asfiksi merupakan gangguan pada sistem pernapasan yang disebabkan oleh...;kerusakan pada pleura;kelamahan saraf/otot;kadar alkali darah naik;keracunan karbon monoksida;keracunan karbon monoksida;D
11;Urea yang keluar dari hati melalui darah ke ginjal disaring oleh bagian ginjal, yaitu...;kapsul Bowman;tubulus kontrotus porksimal;glomerulus;tubula kolektivus;lengkung Henle;c
11;Apabila terjadi keracunan, maka organ yang terutama berperan menetralkan racun adalah...;hati;ginjal;paru-paru;jantung;limpa;a
11;Penggunaan morfin dan kokain dalam dosis yang tepat, pengaruhnya terhadap sistem saraf adalah...;menimbulkan ketergantungan;menekan rasa sakit;menambah rasa sakit;menghilangkan keraguan-keraguan;menekan rasa malu;b
11;Faktor yang tidak memengaruhi jumlah pengeluaran urine adalah...;jumlah air yang diminum;hormon ADH;banyak garam yang dikeluarkan;banyak protein yang difiltrasi;hormon insulin;d
11;Di dalam p*nis terdapat saluran yang disebut uretra. Saluran ini berfungsi untuk...;saluran sperma dan enzim;saluran sperma dan hormon;saluran sperma dan urine;saluran sperma dan testis;penghasil sperma dan enzim;c
11;Sebelum plasenta terbentuk, dinding rahim dipelihara oleh hormon progesteron dan estrogen yang diproduksi oleh...;korpus luteum;endometrium;plasenta;ovarium;tuba falopi;b
11;Usaha suatu individu untuk menjadikan dirinya kebal terhadap suatu penyakit disebut...;imunitas;imunisasi;imun;autoimunitas;isoimunitas;b
11;Sel saraf yang berfungsi menghantarkan impuls saraf dari indra ke otak atau sumsum tulang belakang adalah...;sel saraf sensorik;sel saraf motorik;sel saraf konektor;neuron eferen;inteneuron;a
11;Suatu kondisi otak yang membuat penderita sensitif terhadap kejang berulang-ulang disebut...;meningitis;epilepsi;alzheimer;hidrosepalus;ataxia;b
11;Kekebalan yang diperoleh dari ibu selama di dalam kandungan disebut...;kekebalan aktif alami;kekebalan pasif alami;kekebalan aktif buatan;kekebalan pasif buatan;autoimunitas;b
11;Hewan berikut ini yang belum memiliki sistem organ adalah ...;cacing tanah;hewan spons;belalang;siput;#;b
11;Jaringan embrional yang terdiri atas tiga lapis disebut triploblastik. Lapisan jaringan tersebut urut dari luar ke dalam adalah ...;mesoderm -- ektoderm -- entoderm;ektoderm -- mesoblea -- entoderm;ektoderm -- mesoderm -- entoderm;entoderm -- mesoderm -- ektoderm;#;c
11;Jaringan embrional adalah jaringan yang ...;tersusun atas sel-sel embrional;terdapat dalam sel penyusun zigot;sel-selnya senantiasa membelah;tersusun atas sel-sel yang bentuknya sama;#;c
11;Jaringan epitel yang biasa tersusun atas lembaran mempunyai fungsi yang berkaitan dengan ...;sekresi dan proteksi;pengangkutan dan sekresi;absorbsi dan transportasi;proteksi dan absorbsi;#;d
11;Epitel yang melapisi kapiler darah, glomerulus nefron, dan alveolus paru-paru berbentuk ...;kubus berlapis tunggal;silindris berlapis banyak;pipih berlapis banyak;pipih berlapis tunggal;#;d
11;Epitel kubus berlapis tunggal terdapat pada organ ...;permukaan ovari;kapiler darah;glomerulus nefron;alveolus paru-paru;#;a
11;Berikut adalah jaringan epitel kecuali ...;pelindung atau proteksi;penghasil getah;penerima rangsang;pengangkut zat;#;d
11;Pernyataan berikut ini berkaitan dengan sifat dan ciri tentang otot polos kecuali ...;struktur selnya berbentuk kumparan;setiap selnya berinti satu;fungsinya menggerakkan rangka;terdapat pada saluran alat-alat dalam;#;c
11;Pernyataan berikut ini yang merupakan sifat dan ciri jaringan otot lurik adalah ...;reaksi terhadap rangsangan cepat;geraknya di luar kesadaran kita;menggerakkan alat-alat dalam;sel-selnya berinti satu di pusat;#;a
11;Jaringan yang mempunyai kemampuan untuk merespon terhadap perubahan lingkungan dan membawa impuls-impuls ke berbagai bagian tubuh adalah jaringan ...;otot polos;otot lurik;epitel;saraf;#;d
11;Jaringan yang mempunyai kemampuan iritabilitas dan konduktivitas adalah jaringan ...;saraf;otot polos;otot lurik;epitel;#;a
11;Jaringan yang berfungsi sebagai pelaksana difusi dan absorbsi mempunyai bentuk seperti gambar ...;epitel pipih berlapis tunggal;epitel silindris;otot polos;jaringan saraf;#;a
11;Matriks jaringan ikat terdiri atas ...;cairan ekstraseluler dan serabut substansi dasar;cairan ekstraseluler dan serabut miofibril;zat kondrin dan senyawa protein;senyawa protein dan cairan ekstraseluler;#;a
11;Fungsi jaringan getah bening atau limfa adalah mengangkut cairan getah bening dari jaringan tubuh ke ...;jaringan sekitarnya;sistem pembuluh darah;jantung dan nadi;organ dan sistem organ;#;b
11;Jaringan tulang rawan elastin terdapat pada ...;batang tenggorok;permukaan tulang sendi;ujung tulang rusuk;daun telinga;#;d
11;Perbedaan sel prokariotik dan sel eukariotik terutama terletak pada ...;membran inti sel;DNA;besar sel;tempat hidup sel;membran sel;a
11;Berikut yang merupakan contoh sel prokariotik adalah ...;Cyanobacteria dan bakteri;Cyanobacteria dan jamur;jamur dan bakteri;bakteri dan lumut;protozoa dan lumut;a
11;Materi genetik sebuah sel eukariotik tersimpan di ...;badan Golgi;nukleus;kloroplas;ribosom;mitokondria;b
11;Sebagian besar ATP dihasilkan di organ ...;badan Golgi;nukleus;kloroplas;mitokondria;mitokondria;D
11;Organel yang memilih, memodifikasi, dan membungkus protein yang baru disintesis adalah ...;badan Golgi;nukleus;kloroplas;ribosom;mitokondria;a
11;Perkembangan akuntansi di Amerika menjadi tanggung jawab lembaga AAA yang merupakan singkatan dari ...;Accounting Association American;American Association Accounting;Association Accounting American;Association American Accounting;American Accounting Association;a
11;Akuntansi kepemerintahan dalam istilah akuntansinya, yaitu ...;city accounting;govermental accounting;tax accounting;development accounting;financial accounting;b
11;Prinsip akuntansi adalah ...;Metode penyusunan laporan keuangan yang berguna bagi manajemen perusahaan;pedoman teknik pencatatan dalam akuntansi yang berguna bagi pihak intern;metode pencatatan data ekonomi;himpunan prinsip, prosedur, metode, dan teknik akuntansi yang merupakan pedoman dalam menyusun laporan keuangan;prinsip pemberian informasi data ekonomi yang berguna bagi pihak yang membutuhkan;d
11;Kegiatan perencanaan dan pengendalian dilaksanakan oleh manajemen dengan bantuan informasi dari ...;akuntansi manajemen;akuntan publik;auditing;akuntansi pemerintah;akuntansi keuangan;a
11;Wadah profesi akuntan di Indonesia adalah ...;Ikatan Akuntan Indonesia;Asosiasi Akuntan Indonesia;Persatuan Akuntan Indonesia;Ikatan Akuntansi Indonesia;Ikatan Akuntan Publik Indonesia;a
11;Pencatatan rumus persamaan akuntansi yang benar terhadap akun beban adalah ...;H = B;H = U + M - B;H = U + M + M;H = U - M - B;H = U - M + N;b
11;Ny. Dewi menerima kiriman barang yang dibeli secara kredit dari toko. Analisis transaksinya ...;tidak berpengaruh pada kelompok apapun;memengaruhi kelompok utang saja;aktiva (+) dan utang (+);memengaruhi kelompok harta saja;harta (-) dan utang (-);c
11;Contoh beban usaha adalah ...;beban pemakaian perlengkapan dan beban gaji;beban pemakaian perlengkapan dan kerugian pencurian;beban kerugian pencurian;beban kerugian pencurian dan beban gaji;beban kerugian pencurian dan beban bunga;a
11;Utang usaha senilai Rp30.000.000,00 diganti dengan wesel 30 hari dengan bunga 12%/tahun. Analisis transaksinya adalah ...;harta (+), utang (+);harta (-), utang (-);utang (+), harta (-);utang (+), harta (+);utang (+), modal (-);d
11;Contoh transaksi intern adalah ...;mengembalikan barang;menerima piutang;membayar utang;menetapkan jumlah penyusutan;menetapkan jumlah penyusutan;D
11;Fungsi utama buku besar adalah ...;tempat menghitung secara rinci perubahan harta, utang, dan modal;analisis transaksi;penggolongan transaksi;pengikhtisaran transaksi;pengikhtisaran harta, uang, dan modal;a
11;Di bawah ini cara membuat jurnal yang tepat, yaitu ...;modal (-) dicatat di sisi K;modal (+) dicatat di sisi K;modal (-) dicatat di sisi K;utang (+) dicatat di sisi K;harta (-) dicatat di sisi D;b
11;Jurnal berfungsi untuk ...;mencatat transaksi;menginformasikan jumlah laba/rugi;menginformasikan jumlah harta;menginformasikan jumlah utang;menginformasikan jumlah modal;a
11;Contoh transaksi yang mengakibatkan harta (+) dan harta (-) ...;pengambilan uang perusahaan untuk keperluan pribadi;penerimaan pelunasan piutang;pembelian aktiva dengan jatuh tempo pembayaran;penerimaan wesel;tidak ada jawaban yang benar;b
11;Media untuk memudahkan penyusunan laporan keuangan adalah ...;kertas kerja;jurnal;neraca saldo;laporan L/R;jurnal penutup;a
11;Cara menyusun laporan neraca untuk harta lancar adalah berdasarkan ...;harga perolehan;tingkat likuiditas;harga pengganti;harga pasar;harga perolehan;b
11;Dari data saldo disesuaikan, akun di bawah ini akan dipindah ke kolom L/R ...;beban sewa, pendapatan bunga, dan bunga diterima dimuka;pendapatan iklan, pendapatan bunga, dan bunga diterima dimuka;beban sewa, pendapatan iklan, dan pendapatan bunga;beban sewa, bunga yang akan ditagih, dan pendapatan iklan;beban sewa, pendapatan iklan, dan diterima di muka;c
11;Penyusunan jurnal pembalik dilakukan dengan mengambil data dari ...;jurnal penutup;jurnal penyesuaian;jurnal umum;laporan keuangan;kertas kerja;b
11;Unsur-unsur dalam laporan perubahan modal adalah ...;modal, laba bersih, dan modal akhir;modal awal, modal akhir, dan prive;modal awal, laba bersih, dan modal akhir;modal awal, dan modal akhir;modal awal, laba bersih, dan modal;b
11;Jurnal pembalik untuk data penyesuaian gaji yang masih terutang adalah ...;(D) beban gaji dan (K) utang gaji;(D) utang gaji dan (K) kas;(D) beban gaji dan (K) kas;(D) utang gaji dan (K) beban gaji;(D) utang gaji dan (K) beban gaji;D
11;Utang bertambah Rp1.875.000,00 dan harta berkurang Rp1.500.000,00 sehingga akan berakibat modal menjadi ...;bertambah Rp1.875.000,00;berkurang Rp3.375.000,00;bertambah Rp375.000,00;berkurang Rp1.875.000,00;berkurang Rp375.000,00;b
11;Jumlah penyesuaian untuk mencatat pemakaian perlengkapan dalam satu periode adalah ...;(D) beban perlengkapan dan (K) perlengkapan;(D) perlengkapan dan (K) beban perlengkapan;(D) beban perlengkapan dan (K) kas;(D) kas dan (K) perlengkapan;(D) kas dan (K) beban perlengkapan;a
11;Fungsi pembuatan kertas kerja adalah untuk ...;memudahkan penyusunan laporan keuangan;mengetahui jumlah utang;menguji kebenaran neraca;mengetahui suatu efektifitas pemimpin;menguji kebenaran neraca;a
11;Jurnal penyesuaian fungsinya ...;mengoreksi akun neraca saldo agar saldo benar;agar akun sesuai keinginan pemilik;mengoreksi akun neraca dan laba/rugi agar bersaldo yang sebenarnya;mengoreksi akun laba/rugi agar bersaldo yang sebenarnya;memantau penggunaan biaya agar efisien;c
11;Membuat jurnal penutup dilakukan dengan cara di bawah ini, kecuali ...;saldo laba dicatat (D) ikhtisar L/R dan modal (K);akun pendapatan dicatat (D) ikhtisar L/R dan dicatat (K);saldo rugi dicatat (D) modal (K);akun prive dicatat (D), dan modal (K);akun ikhtisar L/R dicatat (D), dan beban (K);d
11;Salah satu dokumen sebagai alat bukti penjualan kredit bagi perusahaan penjual dan pembeli, yaitu ...;faktur;kuitansi;memo;nota;memorial pos;a
11;Di bawah ini merupakan fungsi jurnal, kecuali ...;mencatat;melaporkan;informasi;analisis;historis;b
11;Menyajikan tanggal, nama akun, keterangan singkat mengenai transaksi, dan jumlah uang yang terlibat dalam suatu transaksi, yaitu jurnal sebagai fungsi ...;mencatat;historis;analisis;informatif;informatif;D
11;Suka bekerja keras, tekun, ulet, berani mengambil risiko dan memiliki kemauan yang kuat adalah beberapa hal yang termasuk ...;sifat pembeli;syarat penjual;ciri wirausaha;karakter wirausaha;perilaku konsumen;c
11;Apabila hasil koefisien korelasi antara variabel X (biaya iklan) dengan variabel Y (jumlah kenaikan penjualan) adalah 0,99. Hal ini menunjukkan bahwa korelasinya ...;negatif dan sempurna;positif dan sempurna;positif dan cukup tinggi;positif dan sangat tinggi;positif dan sangat tinggi;D
11;Hasil analisis regresi pemberian pupuk (X) dengan hasil kacang tanah (Y) setiap 1 hektar dari 15 orang petani kacang menghasilkan persamaan regresi Y' = 5 + 0,7X, artinya ...;apabila tidak menggunakan pupuk dalam satu hektar hanya menghasilkan 75 kwintal;bila menggunakan pupuk 10 satuan akan menghasilkan 12 satuan kacang tanah;hubungan kacang tanah dengan pupuk dipengaruhi oleh luas tanah;pupuk variabel terikat dan kacang tanah variabel bebas;nilai Y' disebut juga koefisien regresi;b
11;Dari hasil perhitungan analisis deret waktu antara tahun 1999 sampai 2004 atas penjualan beras dengan metode setengah rata-rata diperoleh persamaan trend Y = 2000 + 4x. Berdasarkan persamaan trend tersebut diperkirakan penjualan beras tahun 2005 adalah...;2004;2005;2008;2024;2024;D
11;Jika modal awal Rp1.000.000,00, pendapatan Rp600.000,00, jumlah beban Rp200.000,00, dan prive Rp50.000,00, maka modal akhir adalah ...;Rp1.850.000,00;Rp1.750.000,00;Rp1.450.000,00;Rp1.350.000,00;Rp650.000,00;d
11;Bukti transaksi di atas dicatat dalam jurnal oleh Ahmad adalah ...;Peralatan kantor Rp1.600.000,00 Kas Rp1.600.000,00;Kas Rp1.600.000,00 Penjualan Rp1.600.000,00;Pembelian Rp1.600.000,00 Kas Rp1.600.000,00;Peralatan kantor Rp1.600.000,00 Utang usaha Rp1.600.000,00;Pembelian Rp1.600.000,00 Utang usaha Rp1.600.000,00;a
11;Perlengkapan fotokopi dalam neraca saldo Rp700.000,00 berdasarkan laporan hasil perhitungan bagian gudang tanggal 31 Desember 2003, perlengkapan fotokopi masih ada Rp200.000, maka jurnal penyesuaiannya adalah ...;Beban perlengkapan Rp700.000,00 Kas Rp700.000,00;Beban perlengkapan Rp700.000,00 Modal Rp700.000,00;Beban perlengkapan Rp500.000,00 Akumulasi penyusutan perlengkapan Rp500.000,00;Beban perlengkapan Rp500.000,00 Perlengkapan Rp500.000,00;Beban perlengkapan Rp200.000,00 Perlengkapan Rp200.000,00;d
11;Transaksi yang terjadi: 1. dibeli barang dagangan 2. dibayar reparasi radio 3. diterbitkan nota debet 4. dijual barang secara kredit 5. dibeli perlengkapan kantor. Transaksi yang menunjukkan karakteristik pada perusahaan dagang adalah ...;1, 2, dan 3;1, 3, dan 4;2, 3, dan 4;2, 4, dan 5;3, 4, dan 5;b
11;"Sebagian data yang diperoleh dari koperasi ""Desaku Maju"" tahun 2004: 1. Pendapatan jasa Rp4.000.000,00 2. Pendapatan jasa dari bukan anggota Rp2.000.000,00 3. Beban gaji Rp2.700.000,00 4. Beban listrik Rp300.000,00 5. Beban telepon Rp460.000,00 6. Pendapatan lain-lain Rp500.000,00 7. Beban lain-lain Rp100.000,00. Besarnya SHU koperasi ""Desaku Maju"" tahun 2004 adalah ...";Rp2.600.000,00;Rp3.000.000,00;Rp3.400.000,00;Rp4.000.000,00;Rp6.000.000,00;b
11;Pada tanggal 1 Agustus 2004 Nugraheni meminjam uang di BPR Sinta Daya Rp5.000.000,00 dengan bunga tunggal 12% per bulan dan akan dikembalikan pada tanggal 1 November 2004. Bunga yang harus dibayar adalah ...;Rp225.000,00;Rp235.000,00;Rp245.000,00;Rp255.000,00;Rp265.000,00;a
11;Diterima wesel dari PT. Sejahtera nominal Rp6.000.000,00 dengan tingkat bunga 10% dan jangka waktu 3 bulan tertanggal 10 Maret. Wesel ini diterima PT. ARC tanggal 10 Maret dan didiskontokan ke bank tanggal 10 Mei dengan tingkat suku bunga diskonto 9%. Besarnya diskonto adalah ...;Rp45.000,00;Rp46.125,00;Rp50.000,00;92250;Rp92.250,00;D
11;Budi meminjam uang di bank sebesar Rp2.400.000,00 dengan suku bunga 2% per bulan, akan dilunaskan dalam 8 anuitas bulanan. Pembayaran pertama dilakukan sebulan setelah uang diterima. Berdasarkan Anuitas: Besarnya anuitas adalah ...;Rp370.828,70;Rp327.613,52;Rp294.037,06;Rp1.183,60;Rp8.569,24;b
11;Harga perolehan sebuah mesin Rp200.000.000,00, taksiran umur ekonomis 10 tahun dengan nilai residu Rp20.000.000,00. Jika digunakan Metode garis lurus, maka besarnya akumulasi penyusutan pada akhir tahun ke enam adalah ...;Rp36.400.000,00;Rp54.000.000,00;Rp72.000.000,00;108000000;Rp108.000.000,00;D
11;Keluarga yang jumlah anggota keluarganya banyak tetapi mengerjakan luas tanah yang sangat kecil, maka disebut pengangguran ...;musim;teknologi;siklus;tersembunyi;struktural;d
11;Dikenalnya budaya pada tahap pertumbuhan ekonomi menurut Frienderich List termasuk tahap...;bertani;pengembaraan;beternak;bertani dan kerajinan;industri dan perniagaan;d
11;Balas jasa pemilik faktor produksi tenaga kerja adalah ...;profit;interest;sewa;wage;wage;D
11;Anggaran defisit berarti realisasi pendapatan pemerintah ... dibanding pengeluarannya.;lebih besar;lebih kecil;sama besar;sebanding;harus sama;b
11;Berikut ini yang tidak termasuk retribusi jasa umum adalah ...;retribusi tempat parkir;retribusi pelayanan kesehatan;retribusi kebersihan;retribusi pelayanan pasar;retribusi pergantian bea KTP;a
11;Dokumen yang mempunyai harga minimal Rp250.000,00-Rp1.000.000,00 maka tarif bea materainya adalah ...;Rp6.000,00;Rp5.000,00;Rp4.000,00;Rp3.000,00;Rp1.000,00;d
11;Tarif pajak penghasilan orang pribadi yang besar penghasilan kena pajaknya di atas Rp500.000.000,00 sebesar ...;10%;5%;15%;30%;35%;d
11;Berikut ini termasuk faktor produksi asli adalah ...;alam dan modal;alam dan skill;tenaga kerja dan modal;alam dan tenaga kerja;alam, tenaga kerja, dan skill;d
11;Berikut ini yang termasuk bukan angkatan kerja adalah ...;pegawai negeri;pekerja pabrik;pekerja full time;pelajar;pelajar;D
11;Suatu daftar terperinci mengenai pendapatan dan pengeluaran daerah dalam waktu satu tahun disebut ...;APBN;RAPBN;APBS;APBD;APBD;D
11;Pungutan dari pemerintah yang ada imbalan secara langsung disebut ...;pajak;pajak bumi dan bangunan;pajak pertambahan nilai;retribusi;retribusi;D
11;Jenis pajak menurut sifatnya adalah ...;pajak pusat dan daerah;pajak langsung dan tak langsung;pajak subjektif dan objektif;pajak pribadi dan kelompok;pajak individu dan bersama;c
11;Pasar yang memperjualbelikan kredit lebih dari lima tahun adalah pasar ...;uang;modal;faktur produksi;tenaga kerja;barang;b
11;Pihak yang menawarkan efek/melakukan emisi di pasar efek disebut ...;perusahaan efek;emiten;perusahaan emiten;reksadana;warrant;b
11;Kelebihan likuiditas artinya ...;kelebihan dana segar, yang berupa kas dan surat berharga yang kurang dari satu tahun;kelebihan dana segar, yang berupa kas;kelebihan dana segar, surat berharga yang lebih dari satu tahun;kelebihan dana segar, yang berupa kas dan surat berharga;kelebihan dana segar, yang berupa aktiva lancar;c
11;Berikut ini yang bukan merupakan lembaga penunjang pasar modal adalah ...;penasihat investasi;biro administrasi efek;bank kustodian;right;right;D
11;Berikut ini yang tidak termasuk macam-macam devisa adalah ...;wesel;valuta asing;perak;bill of exchange;bill of exchange;D
11;Badan atau lembaga dari PBB yang bertujuan membantu pembangunan di negara sedang berkembang adalah ...;UNESCO;IMF;World Bank;ILO;FAO;b
11;Berikut ini merupakan sumber divisa, kecuali ...;impor;ekspor;pengiriman TKI ke luar negeri;adanya pemberian hibah;industri pariwisata;a
11;Makin besar angkatan TPAK (tingkat partisipasi angkatan kerja) berarti ...;makin tinggi jumlah pengangguran;makin besar peran angkatan kerja;makin kecil jumlah penduduk yang bekerja;makin tidak menentu peran tenaga kerja;makin besar jumlah usia tidak produktif;b
11;Tenaga kerja yang bekerja butuh keterampilan khusus disebut ...;tenaga kerja terdidik;tenaga kerja terlatih;tenaga kerja tidak terdidik dan tidak terlatih;tenaga kerja biasa;tenaga kerja profesional;b
11;Salah satu faktor penghambat tercapainya tujuan pembangunan nasional adalah ...;pendidikan penduduk yang tinggi;tingkat kesatuan yang cukup;sulitnya masyarakat untuk menerima perubahan;kualitas penduduk yang baik;terbukanya masyarakat untuk menerima perubahan;c
11;Pak Saputra membeli rokok, secara tidak langsung ia membayar pajak ...;penghasilan;cukai;PPN;PBB;pribadi;b
11;Berikut ini yang termasuk pajak daerah adalah ...;PPh;PBB;cukai;bea materai;PPn;b
11;Kegiatan ekspor impor negara Indonesia dengan negara asing dicatat dalam neraca ...;moneter;jasa/barang;modal;perdagangan;pembayaran;d
11;Salah satu tujuan dumping adalah ...;menguasai pasar dalam negeri;menyulitkan rakyat dalam negeri;membantu masyarakat luar negeri;untuk mengahabiskan produk lama ada di dalam negeri;untuk mengahabiskan produk lama ada di dalam negeri;D
11;Neraca pembayaran disebut juga ...;balance of payment;balance of trade;balance;balance of transaction;balance of rate;a
11;Di bawah ini merupakan syarat untuk go public, kecuali ...;berpendidikan tinggi;berbadan hukum dalam bentuk PT;memiliki laporan keuangan;berkedudukan di Indonesia;mempunyai modal yang cukup besar;a
11;Kebijakan pemerintah membatasi jumlah produk yang masuk dari luar negeri disebut ...;pelarangan impor;proteksi;tarif;kuota;dumping;d
11;Berikut ini akibat pemberlakuan tarif bea masuk atas barang impor adalah ...;harga barang luar negeri dan dalam negeri menjadi mahal di pasaran dalam negeri;harga barang produksidalam negeri relatif lebih mahal;harga barang dalam negeridi pasaran internasional lebih murah;harga barang luar negeridi pasaran dalam negeri menjadi lebih mahal;harga barang luar negeri di pasaran luar negerimenjadi mahal;d
11;Dalam pemberlakuan kebijakan kuota, pemerintah ...;memperbolehkan barang luar negeri masuk dalam jumlah yang terbatas;melarang masuknya barang dari luar negeri;menetapkan bea masuk yang tinggi atas barang dari luar negeri;menaikkan harga barang luar negeri di pasaran dalam negeri;memperbolehkan barang luar negeri masuk dengan bebas;a
11;Dalam kebijakan subsidi, langkah yang ditempuh pemerintah adalah ...;memberikan subsidi pada barang luar negeri sehingga harganya murah;membebaskan pajak barang dalam negeri;memberikan sejumlah uang kepada produsen dalam negeri;melarang sama sekali barang luar negeri masuk ke dalam negeri;mambatasi barang dalam negeri yang akan di ekspor;b
11;Perdagangan akan menguntungkan bagi negara apabila ...;terdapat valuta asing yang mencukupi;neraca perdagangan mengalami surplus;neraca pembayaran mengalami surplus;dimilikinya selisih ekspor dan impor yang positif;banyaknya uang dalam negeri yang beredar di pasaran;c
11;Berikut ini yang dimaksud upah subsistansi adalah ...;tingkat upah di mana seseorang berusaha untuk menghemat waktu;tingkat upah yang diterima buruh karena telah bekerja;tingkat upah di mana seseorang bisa mempertahankan hidupnya secara minimal;tingkat upah yang disisihkan untuk ditabung;tingkat upah yang disisihkan untuk melakukan investasi;c
11;Menurut Adam Smith yang menjadi batas atas dari pertumbuhan ekonomi adalah ...;faktor produksi secara keseluruhan;faktor produksi tenaga kerja;faktor produksi alam;faktor produksi modal;faktor produksi pengusaha;c
11;Hakikat dari teori tentang The law of diminishing retrun adalah ...;karena keterbatasan tanah, jika terjadi pertumbuhan penduduk akan berakibat menurunnya marginal produk;karena suburnya tanah, jika terjadi pertumbuhan penduduk akan berakibat menurunnya marginal produk;karena keterbatasan tanah, jika terjadi pertumbuhan penduduk akan berakibat meningkatkan marginal produk;karena keterbatasan tanah, jika terjadi penurunan penduduk akan berakibat menurunnya marginal produk;karena keterbatasan tanah, jika terjadi pertumbuhan penduduk akan berakibat menurunnya produksi total;a
11;Saham yang diterbitkan oleh perusahaan besar dan terkenal yang telah lama memperlihatkan kemampuannya memperoleh keuntungan dan pembayaran dividen disebut ...;growth stocks;blue chips;defensive sock;income saham;saham tumbuh;b
11;Bentuk obligasi yang pembayaran bunganya tidak tetap dan disesuaikan dengan tingkat bunga pasar secara berkala disebut ...;obligasi bunga tetap;obligasi tanpa bunga;obligasi bunga mengambang;obligasi konversi;zero coupon bond;c
11;Berikut yang bukan merupakan ciri saham preferen adalah ...;dapat memengaruhi manajemen perusahaan terutama dalam pencalonan pengurus;memiliki hak suara;memiliki hak yang paling dulu memperoleh deviden;tidak memiliki hal suara;kemungkinan mendapat tambahan dari pembagian laba;d
11;Posisi gerak partikel berubah tiap saat sesuai persamaan: r = (10-1,5t²)î + (t+1,5t²)ĵ. Semua satuan dalam SI. Kecepatan rata-rata partikel saat 2s pertama adalah ...;6 m/s;8 m/s;10 m/s;14 m/s;16 m/s;d
11;Sebuah benda mula-mula bergerak lurus dengan kecepatan tetap 100 m/s. Karena pengaruh gaya, partikel tersebut mengalami percepatan. Percepatannya berubah tiap saat sesuai persamaan: a = (4-10t) m/s². Semua satuan dalam SI. Kecepatan partikel setelah gaya bekerja selama 4 sekon adalah ...;24 m/s;28 m/s;32 m/s;36 m/s;40 m/s;c
11;Sebuah pertikel berotasi dengan persamaan sudut θ = (4t²-2t) rad. Kecepatan sudut partikel tersebut saat t=2s adalah ...;6 rad/s;8 rad/s;10 rad/s;14 rad/s;18 rad/s;d
11;Sebuah benda dilempar keatas dengan sudut elevasi 37° (sin 37° = 0,6), mencapai tinggi maksimum dalam selang waktu 3s. Jika a = 10 m/s², jarak mendatar yang di tempuh benda dalam selang waktu tersebut adalah ...;45 m;54 m;60 m;120 m;180 m;c
11;Sebuah peluru ditembakkan dengan kecepatan awal 40 m/s dari sebuah senapan. Sudut elevasinya sebesar 30°. Ketinggian maksimum yang dicapai peluru tersebut adalah ...;15 m;20 m;25 m;30 m;100 m;b
11;Besar gaya gravitasi antara dua buah benda bermassa yang saling berinteraksi adalah ...;Berbanding terbalik dengan massa salah satu benda;Berbanding terbalik dengan massa masing-masing benda;Berbanding terbalik dengan kuadrat jarak kedua benda;Sebanding dengan jarak kedua benda;Sebanding dengan kuadrat jarak kedua benda;c
11;Dua bola A dan B, massanya sama, jari-jarinya sama, jarak kedua benda 5 meter. Jika pada suatu titik kuat medan gravitasinya sama dengan nol, maka jarak titik tersebut dari kulit bola A adalah ...;1,0 m;1,5 m;2,0 m;2,5 m;3,0 m;d
11;Andaikan bumi ini menyusut hingga diameternya menjadi setengah dari semula tetapi massanya tidak berubah, maka massa benda-benda yang ada di permukaan bumi menjadi ...;Empat kali lebih besar;Dua kali lebih besar;Seperempat massa awal;Sama dengan massa awal;Sama dengan massa awal;D
11;Besarnya tegangan yang dilakukan pada sebuah batang adalah 2 x 10⁶ N/m². Jika panjang batang adalah 4 meter dan modulus elastisitasnya 2,5 x 10⁸ N/m², maka pertambahan panjang batang adalah ...;0,8 cm;1,6 cm;3,2 cm;5,0 cm;6,4 cm;c
11;Pegas yang panjang awalnya 30 cm akan menjadi 35 cm saat ditarik dengan gaya 20 N. Berapakah konstanta pegasnya? ... N/m;1;10;40;400;400;D
11;Sebuah benda bergerak dengan persamaan perpindahan: S = (6t²+6t)î + (8t²)ĵ. S dalam meter dan t dalam sekon. Nilai percepatan pada t=2s adalah ... m/s²;6;8;10;20;28;d
11;Sebuah benda bergerak dengan persamaan kecepatan v = (4t+10) m/s dengan t dalam sekon. Bila pada t=0 benda berada pada jarak x=25 m, tentukanlah posisi benda saat pada saat t=5s!;10 m;30 m;55 m;100 m;125 m;d
11;Besar jarak yang ditempuh suatu benda yang bergerak lurus adalah ...;Sebanding dengan percepatan dan waktu tempuhnya;Berbanding terbalik dengan waktu tempuhnya;Berbanding terbalik dengan kecepatannya;Sebanding dengan kecepatan dan waktu tempuhnya;Sebanding dengan kecepatan dan waktu tempuhnya;D
11;Sebuah partikel melakukan getaran harmonik dengan frekuensi 5Hz dan amplitudo 10 cm. Kecepatan partikel pada saat simpangan 8 cm adalah... cm/s;8π;30π;60π;72π;80π;c
11;Sebuah benda bermassa 4 kg mula-mula diam, kemudian bergerak lurus dengan percepatan 3 m/s². Usaha yang diubah menjadi energi kinetik setelah 2 s adalah... J;6;12;24;72;72;D
11;Sebuah benda yang bermassa 0,10 kg jatuh bebas dari ketinggian 2 m ke hamparan pasir. Jika benda itu masuk sedalam 2 cm ke dalam pasir sebelum berhenti, gaya yang dilakukan pasir untuk menghambat benda sebesar...;30N;50N;60N;100N;100N;D
11;Benda bermassa 5 kg dilempar vertikal keatas dengan kecepatan awal 10 m/s, besarnya energi potensial di titik tertinggi yang dicapai benda adalah...(g=10 m/s²);200J;250J;225J;350J;400J;b
11;Suatu mesin melakukan usaha sebesar 3600J setiap selang waktu 1 jam. Mesin tersebut memiliki daya sebesar...;1 watt;10 watt;100 watt;1 Kwatt;900 Kwatt;a
11;Sebuah benda bermassa 2 kg bergerak keutara dengan kecepatan 2 m/s. Besar momentumnya adalah...;1 kg m/s;2 kg m/s;3 kg m/s;4 kg m/s;6 kg m/s;d
11;Benda yang beratnya 40 N bergerak lurus dengan kecepatan tetap 35 m/s. Besarnya momentum benda setelah bergerak 2 s adalah...kg m/s;10;35;70;140;1400;c
11;Sebuah bola bilyard yang mula-mula diam kemudian di sodok dengan tongkat dengan gaya 50 N, dalam selang waktu 0,1 s. Jika massa bola 0,2 kg, kecepatan bola setelah disodok adalah...;0,25 m/s;2,5 m/s;25 m/s;250 m/s;2500 m/s;c
11;Sebuah senapan mempunyai massa 4 kg menembakan peluru yang massanya 10 gram dengan kecepatan 50 m/s. Kecepatan gerak senapan pada saat peluru meledak adalah...;0,8 m/s;1,25 m/s;20 m/s;125 m/s;#;b
11;Dimensi besaran impuls adalah...;MLT⁻¹;MLT⁻²;MLT⁻¹T⁻¹;ML⁻²T;ML²T⁻²;a
11;Dua bola A dan B bermassa masing-masing mA = 3 kg.  mB = 2 kg bergerak saling mendekati dengan kecepatan vA= 2 m/s.  vB = 3 m/s. Keduanya menempel sesaat setelah terjadi tumbukan, maka besar kecepatan keduanya sesaat setelah tumbukan adalah…;2,0 m/s;2,1 m/s;2,2 m/s;2,3 m/s;2,4 m/s;a
11;Besaran yang menyebabkan benda dapat melakukan gerak rotasi adalah...;Momentum sudut;Percepatan sudut;Momen gaya;Momen inersia;Gaya Sentripetal;c
11;Sebuah batang homogen yang panjangnya 80 cm dan massanya 3 kg. Batang itu diputar dengan poros terletak pada jarak 20 cm dari salah satu ujungnya. Besar momen inersia batang itu adalah...;0,28 kgm2;0,56 kgm2;2,8 kgm2;5,6 kgm2;11,2 kgm2;a
11;Lima partikel yang massanya sama, yaitu 2 kg terletak seperti pada gambar dibawah ini. Jika massa batang diabaikan, maka momen Inersia system apabila sumbu putarnya terletak di m2 dan jarak masing-masing partikel 1 meter adalah...;90 kg m2;72 kg m2;60 kg m2;48 kg m2;30 kg m2;d
11;Pada system gambar diketahui mA= 8 kg, mB= 5 kg. Massa katrol = 4 kg dan g= 10 ms-2. Katrol merupakan silinder pejal dan bergerak rotasi. Maka percepatan system adalah..;8,0 ms-2;4,0 ms-2;5,0 ms-2;2,0 ms-2;1,0 ms-2;d
11;Seorang penari balet memiliki momen inersia 5 kgm2 ketika kedua lengannya direntangkan dan 2 kgm2 ketika kedua lengan merapat ke tubuhnya. Penari tersebut mula-mula berputar dengan kecepatan 2,4 put/s, maka besar kecepatan sudut penari saat kedua tangannya merapat adalah...;3 put/s;12 put/s;30 put/s;6 put/s;24 put/s;d
11;Silinder pejal, bola pejal, bola berongga dan silinder berongga masing-masing diletakkan diam dipuncak bidang miring. Semua benda tersebut memiliki massa dan jari-jari sama, kemudian dilepaskan bersama-sama sehingga menggelinding. Urutan benda yang memiliki kecepatan paling besar hingga yang paling kecil adalah ...;silinder berongga, bola berongga, bola pejal, silinder pejal;silinder pejal, bola pejal, bola berongga, silinder berongga;bola pejal, silinder pejal, bola berongga, silinder berongga;bola pejal, bola berongga, silinder pejal, silinder berongga;bola berongga, bola pejal, silinder berongga, silinder pejal;d
11;Sebuah bola pejal bertranslasi dan berotasi dengan kecepatan linier v dan kecepatan sudut ω, maka energi kinetik total bola pejal adalah..;2/5 mv2;1/2 mv2;7/10 mv2;10/9 mv2;5/2 mv2;c
11;Sistem benda dalam keadaan setimbang (gbr) Maka besar tegangan tali T adalah...;100√3 N;100√2 N;100 N;50√3N;50 N;a
11;Dari gambar berikut, urutan untuk benda-benda yang berada dalam keseimbangan stabil, indifferent, labil dan labil adalah...;1,2,3 dan 4;1,4,2 dan 3;2,4,3 dan 1;2,3,4 dan 1;4,3,2 dan 1;d
11;Definisi dari fluida adalah ...;zat yang selalu mengalir;zat yang mempunyai bentuk tetap;zat yang tidak mempunyai ketegaran;zat yang tidak dapat mengalir;zat yang hanya dapat mengalir jika terdapat perbedaan ketinggian permukaan;a
11;Seorang anak menyelam (m=40 kg) disebuah danau pada kedalaman 10 meter dibawah permukaan air. Jika g= 10 m/s2, ρ= 1,0 gr/cm3 dan tekanan udara luar 1 atm (1 atm= 1,01.105 Pa), maka anak tersebut akan mengalami tekanan hidrostatika sebesar...;4,01.105 Pa;3,01.105 Pa;2,01.105 Pa;3,01.104 Pa;2,01.104 Pa;c
11;Suatu pompa hidrolik mempunyai luas penampang kecil 25 cm2 dan luas penampang besarnya 7500 cm2. Jika pada penampang besar dihasilkan gaya sebesar 90.000 newton, maka besarnya gaya yang harus diberikan pada penampang kecil adalah ...;300 N;100 N;30 N;10 N;450 N;a
11;Sebuah pipa U seperti pada Gambar di samping berisi air dan minyak. Jika tinggi kolom minyak adalah15 cm, selisih tinggi kolom minyak dengan air pada kedua kolom adalah 3 cm, dan massa jenis air adalah 1000 kg/m3, maka massa jenis minyak adalah....;80 kg/m3;800 kg/m3;45 kg/m3;200 kg/m3;20 kg/m3;b
11;Sesuai dengan hukum Archimedes, maka benda yang melayang dalam zat cair mempunyai ...;massa yang sama dengan gaya ke atas;berat yang lebih besar dari gaya ke atas;massa jenis yang lebih besar dari massa jenis zat cair;berat yang sama dengan gaya ke atas;berat yang sama dengan gaya ke atas;D
11;Debit air yang keluar dari pipa yang luas penampangnya 4cm2 sebesar 100 cm3/s. Kecepatan air yang keluar dari pipa tersebut adalah ...;25 m/s;2,5 m/s;0,25 m/s;4 m/s;0,4 m/s;a
11;Azas Bernoulli dalam fluida bergerak menyatakan hubungan antara ...;tekanan, massa jenis dan suhu;tekanana, kecepatan dan massa jenis;tekanan hidrostatis dan kontinuitas aliran;tekanan, kecepatan dan kedudukan;tekanan, kecepatan dan kedudukan;D
11;Benda-benda berikut ini bekerja berdasarkan prinsip hukum Bernoulli, kecuali ...;pipa venturi;pipa pitot;penyemprot serangga;galangan kapal;galangan kapal;D
11;Menurut Bernoulli, tekanan fluida ketika mengalir melalui sebuah penampang yang luasnya lebih kecil daripada luas penampang sebelumnya adalah ...;Lebih tinggi;Lebih rendah;Tetap;Tidak beraturan;Mampat;b
11;Aliran air pada saat melalui pipa dengan luas permukaan penampang 2 cm2 adalah 30 m/s. Berapakah kelajuan aliran air pada saat melalui pipa dengan luas penampang 6 cm2?;10 m/s;20 m/s;30 m/s;40 m/s;50 m/s;a
11;Sebuah bak penampung air tingginya 2,6 m, terdapat lubang kebocoran yang kecil pada ketinggian 180 cm. Jika bak penuh terisi air maka kecepatan maksimum adalah ...;2 m/s;3 m/s;4 m/s;5 m/s;6 m/s;c
11;Persamaan gas ideal (P V = nRT) berdimensi...;Konstanta pegas;energi/usaha;massa jenis;Tekanan;Volume;b
11;Diketahui volume bola B dua kali volume bola A. Kedua bola terisi gas ideal. Volume tabung penghubung dapat diabaikan. Gas A berada pada suhu 300 K. Jika jumlah molekul gas dalam bola A adalah N dan jumlah molekul gas dalam bola B adalah 3 N, suhu gas dalam bola B adalah ...;150 K.;200 K.;300 K.;450 K.;600 K.;b
11;Sejumlah gas ideal dalam suatu ruang mengalami proses isobarik sehingga volumenya menjadi dua kali volume semula. Suhu gas tersebut akan berubah dari 27°C menjadi ...;54°C;108°C;327°C;427°C;600°C;c
11;Sejumlah gas ideal bertekanan p dipanaskan dari suhu 27°C menjadi 54°C. Jika volumenya naik menjadi dua kali volume semula tekanannya akan menjadi ...;0,25 p;0,55 p;0,75 p;p;2:00 PM;c
11;Jika gas di dalam suatu ruang tertutup dipanaskan sampai suhu T K maka ...;energi potensial molekul gas semakin kecil;energi kinetik molekul gas =2/3 NkT;energi kinetik molekul gas =3/2 NkT;volume gas akan selalu bertambah karena gas akan memuai;tekanan gas besarnya tetap;c
11;Kecepatan rata-rata molekul gas oksigen pada 0º C berat atom oksigen16, massa sebuah atom hidrogen 1,66 . 10-27kg adalah...;5,3 x 102 m/s;4,3 x 102 m/s;3,3 x 102 m/s;5,3 x 103 m/s;3,3 x 103 m/s;a
11;Kelajuan rms molekul-molekul hydrogen pada suhu 0oC jika massa jenis hydrogen adalah 0,09 kg m-3 pada suhu 0oC dan tekanan 105Pa adalah....m/s;1,8 x 103;1,8 x 102;1,8 x 10-3;1,8 x 10-2;18;a
11;Hukum I Termodinamika menyatakan bahwa :;Kalor tidak dapat masuk ke dalam dan ke luar dari suatu sistem;Energi adalah kekal;Energi dalam adalah kekal;Suhu adalah tetap;Sistem tidak mendapat usaha dari luar;b
11;Usaha yang dilakukan oleh gas terhadap udara luar adalah...;W = P + ∆V;W = P - ∆V;W = P/ ∆V;W = P.∆V;W = P.∆V;D
11;Proses adiabatik adalah...;proses dimana tidak ada kalor yang masuk atau keluar dari sistem.;proses dimana suhu tidak berubah.;proses dimana tekanan tetap;Proses dimana volume tetap;proses dimana tidak ada kalor yang masuk ke sistem;a
11;Suatu gas memiliki volume awal 2,0 m3 dipanaskan dengan kondisi isobaris hingga volume akhirnya menjadi 4,5 m3. Jika tekanan gas adalah 2 atm, usaha luar gas tersebut... (1 atm = 1,01 x 105 Pa);4,25 x 105 Joule;4,05 x 105 Joule;5,05 x 105 Joule;5,25 x 105 Joule;3,05 x 105 Joule;c
11;Suatu gas ideal mengalami proses siklus seperti pada gambar P − V di atas. Kerja yang dihasilkan pada proses siklus ini adalah...kilojoule.;200;400;600;800;1000;b
11;Diagram P−V dari gas helium yang mengalami proses termodinamika ditunjukkan seperti gambar di samping! Usaha yang dilakukan gas helium pada proses ABC sebesar...;660 kJ;400 kJ;280 kJ;120 kJ;60 kJ;c
11;Suatu mesin Carnot, jika reservoir panasnya bersuhu 400 K akan mempunyai efisiensi 40%. Jika reservoir panasnya bersuhu 640 K, efisiensinya...%;50;52,5;57;62,5;64;d
11;Mesin Carnot bekerja pada suhu tinggi 600 K, untuk menghasilkan kerja mekanik. Jika mesin menyerap kalor 600 J dengan suhu rendah 400 K, maka usaha yang dihasilkan adalah...;120 J;124 J;135 J;148 J;200 J;a
11;1,5 m3 gas helium yang bersuhu 27oC dipanaskan secara isobarik sampai 87oC. Jika tekanan gas helium 2 x 105 N/m2, gas helium melakukan usaha luar sebesar...;60 kJ;120 kJ;280 kJ;480 kJ;660 kJ;a
11;Dampak terhadap lingkungan akibat proses pembangunan di negara berkembang, kecuali ...;Kerusakan hutan;Pemanasan global;Perubahan iklim;Kelestarian lingkungan;Kelestarian lingkungan;D
11;Prinsip memakai ulang digunakan untuk jenis sumber daya alam ...;Dapat langsung diperoleh;Dapat diperbarui;Terdapat di sekitar kita;Dapat langsung dimanfaatkan;Tidak dapat diperbaharui;b
11;Berikut ini termasuk komponen abiotik, kecuali ...;Tanah;Udara;Hewan;Air;Batuan;c
11;Berikut ini hukum-hukum lingkungan, kecuali ...;Suatu lingkungan memiliki keteraturan secara alamiah;Dalam batas-batas tertentu tidak terjadi perubahan susuanan komponen;Suatu lingkungan mempunyai kemampuan tersendiri selama keadaannya masih berimbang;Komponen dalam suatu lingkungan berinrteraksi satu sama lain secara alamiah;Interaksi dalam suatu lingkungan dilakukan oleh setiap komponen;b
11;Berikut ini pedoman-pedoman yang perlu diperhatikan dalam pemanfaatan lingkungan, kecuali ...;Mempertimbangkan pengambilan sumber daya alam agar sumber daya alam itu terpulihkan secara berlanjut;Mengolah sumber daya alam harus memperhatikan kelestarian lingkungan hidup;Mengembangkan teknologi untuk memanfaatkan lingkungan;Memberikan pilihan penggunaan dalam pembangunan pada masa depan;Memberikan pilihan penggunaan dalam pembangunan pada masa depan;D
11;Berikut ini upaya yang dilakukan dalam pembangunan berkelanjutan, kecuali ...;Menggunakan sumber daya alam semaksimal mungkin;Menyatukan persepsi tentang pelestarian lingkungan;Melanjutkan dan mengamankan penggunaan sumber daya alam;Mengefektifkan implementasi peraturan-peraturan konservasi kenekaragaman hayati;Menerapkan teknologi untuk mendukung pengolaan lingkungan;a
11;Manusia dalam memanfaatkan sumber daya alam harus bersikap bijaksana dan bertanggung jawab karena ...;Biaya yang digunakan untuk mengambil besar;Tidak semua sumber daya alam dapat diperbaharui;Jumlah sumber daya alam terbatas;Proses terjadinya butuh waktu lama;Dibutuhkan generasi mendatang;c
11;Pembangunan yang bertujuan pada terwujudnya keberlanjutan sumber daya alam dilaksanakan untuk mendukung ...;Kelestarian ekosistem;Terciptanya lapangan kerja;Sumber tenaga alam;Kondisi alam;Siklus morforlogi;a
11;Sebuah sistem setifikasi untuk produk yang memenuhi syarat pembangunan berkelanjutan disebut...;Ekosistem;Ekolabel;Otonom;Threshold;Ekologi;b
11;Manusia sedang menghadapi situasi makin meningkatnya kelangkaan sumber daya alam. Pernyataan di atas dikemukakan oleh ...;Andre Gorz;Parlan;Subagjo;Adam Smith;Club of Rome;a
11;Otonomi daerah dapat berpotensi menimbulkan masalah lingkungan hidup karena ...;Kurangnya dana pembangunan;Kurangnya tenaga kerja;Kebanyakan kabupaten di Indonesia masyarakatnya cenderung homogen;Kebanyakan kabupaten terpisah dengan kabupaten lainnya;Otonomi daerah berada di tangan pemerintah daerah yang sebelumnya berada di provinsi;c
11;Hari lingkungan hidup sedunia diperingati setiap tanggal ...;2 Juni;3 Juni;4 Juni;5 Juni;6 Juni;d
11;Berikut ini akibat dari pelaksaan kapitalisme, kecuali ...;Berkurangnya sumber daya alam;Kerusakan lingkungan;Pelestarian alam;Kualitas tanah menurun;Pertumbuhan ekonomi;c
11;Hutan dilereng pegunungan berfungsi sebagai pelindung tanah. Hutan semacam ini berfungsi sebagai ...;Hidrologis;Klimatologis;Strategis;Orologis;Estetis;d
11;Pemanasan global terjadi akibat penigkatan kadar ... dalam atmosfer;CO;CO2;NO2;CFC;O2;a
11;Mesin penghisab debu mempunyai kekuatan suara 70 decibel yang termasuk suara ...;Sayup-sayup;Tenang;Agak ramai;Ramai;Menyakitkan teliga;d
11;Penggunaan pestisida dapat dikurangi dengan ...;Pengelolaan hama terpadu;Pengelolaan tanah;Reboisasi;Terasering;Rotasi tanaman;a
11;Suara yang dapat membahayakan telinga manusia berkekuatan antara ... decibel.;15-40;40-55;55-65;85-90;85-90;D
11;KTT Bumi Kedua dilaksanakan di kota ...;Stockholm;Tokyo;New York;Johnnesburg;Rio de Janeiro;d
11;Usaha yang dilakukan untuk menjaga kelstarian hutan dalam jangka waktu panjang adalah ...;Penggunaan mulsa;Tebang pilih;Reboisasi;Daur ulang;Terasering;c
11;Bentuk pelestarian hayati yang dilakukan dalam habitat aslinya disebut pelestarian ...;In situ;Tumbuhan;Flora;Eks situ;Hewan;a
11;Berikut ini usaha melestarikan tanah, kecuali ...;Pengelolahannya dibuat secara terasering;Pengolahan tanah dengan baik;Penanaman berganda;Melarang penebangan hutan secara liar;Melarang penebangan hutan secara liar;D
11;Berikut ini usaha melestarikan udara, kecuali ...;Menghindari kebakaran hutan;Membangun jalur hijau di kota-kota besar;Mengendalikan pengambilan air tanah;Mencegah pencemaran;Membuang partikel debu dari pabrik dengan filter;c
11;Pengelolaan lingkungan hidup diatur dengan Undang-Undang nomer ...;20 Tahun 1997;23 Tahun 1997;20 Tahun 1998;23 Tahun 1998;21 Tahun 1999;b
11;Cagar alam Lorentz terletak di ...;Sumatra;Kalimantan;Jawa;Papua;Sulawesi;d
11;Suatu tempat perlindungan terhadap hewan-hewan yang terancam punah akibat perburuan yang tidak terkendali disebut ...;Hutan wisata;Hutan lindung;Hutan berburu;Suaka margasatwa;Suaka margasatwa;D
11;Usaha perlindungan sumber daya alam hayati dan ekosistemnya dinamakan ...;Konvensi;Konversi;Konservasi;Konsesi;Konsepsi;c
11;Cagar alam Tangkoko Batuangus terletak di ...;Kalimantan Selatan;Sulawesi Utara;Kalimantan Barat;Sumatra Utara;Sumatra Utara;D
11;Berikut ini termasuk usaha pelestarian sungai, kecuali ...;Perlindungan daerah sungai;Pengembangan daerah sungai;Penggunaan penghijauan di bantaran sungai;Pengendalian aliran sungai;Pemanfaatan daerah sekitaran sungai;b
11;Tanaman Rafflesia dan Amorphophallus dilindungi di tanam nasional ...;Gunung Leuser;Kerinci Seblat;Way Kambas;Ujung Kulon;Gunung Gede Pangrarango;d
11;Semua kekayaan berupa benda mati maupun benda hidup yang berada di bumi dapat dimanfaatkan untuk memenuhi kebutuhan hidup manusia disebut ...;sumber bahan tambang;sumber daya alam;sumber alam;sumber mineral;sumber alam;b
11;Sumber daya alam jika yang dimanfaatkan berupa materi disebut ...;sumber daya energi;sumber daya ruang;sumber daya materi;sumber daya energi;sumber daya waktu;c
11;Sumber daya alam yang dapat diperbaharui dengan cara reproduksi adalah ...;sumber daya alam hayati;sumber daya alam ruang;sumber daya alam energi;sumber daya alam waktu;sumber daya alam materi;a
11;Sumber daya alam yang dapat diperbaharui dengan cara siklus adalah ...;barang tambang;bahan bakar minyak;hewan;air dan udara;tumbuhan;d
11;Bahan galian yang terjadi dari magma disebut ...;bahan galian hidrotermal;bahan galian hasil endapan;bahan galian pematit;bahan galian magnetik;bahan galian magnetik;D
11;Bahan galian golongan A adalah ...;batu bara dan minyak bumi;bahan industri;emas dan perak;batu permata;seng dan magnesium;a
11;Daerah penghasil minyak bumi di Pulau Jawa terdapat di ...;Cepu dan Sungai Gerong;Sorong dan Sungai Plaju;Dumai dan Balikpapan;Cirebon dan Cepu;Cirebon dan Cepu;D
11;Wilayah Indonesia yang relatif cocok untuk peternakan hewan besar, seperti sapi dan kuda adalah ...;Sumatra;Nusa Tenggara;Papua;Kalimantan;Sulawesi;b
11;Bahan pertambangan galian menurut kepentingan bagi negara diklasifikasikan menjadi golongan A, B, dan C. Penggolongan bahan galian tersebut diatur dalam ...;PP No. 11 Tahun 1976;UU No. 4 Tahun 1982;PP No. 4 Tahun 1982;UU No. 11 Tahun 1976;UU No. 11 Tahun 1974;d
11;Gas alam cair diproduksi di ...;Cepu dan Cilacap;Cilacap dan Cirebon;Arun dan Badak;Dumai dan Sorong;Cepu dan Cirebon;c
11;Pernyataan berikut ini merupakan keunggulan minyak bumi dan gas alam, kecuali ...;minyak bumi dan gas memiliki nilai kalor yang tinggi;minyak bumi tidak praktis dibawa dan disimpan dalam bentuk apa pun;minyak bumi dan gas menghasilkan berbagai macam bahan bakar;minyak bumi menghasilkan berbagai minyak pelumas;minyak bumi sebagai bahan baku petrokimia;b
11;Berdasarkan lokasinya, sumber daya alam yang terdapat di daratan disebut ...;sumber daya alam akuatis;sumber daya alam hidrolokil;sumber daya alam;sumber daya alam terestrial;sumber daya alam terestrial;D
11;Logam berikut yang dapat rusak dan berkarat adalah ...;besi;aluminium;timah;emas;perak;a
11;Bahan bakar cair yang biasanya digunakan untuk bahan bakar kompor gas adalah ...;LPG;solar;bensin;LNG;minyak tanah;a
11;Indonesia merupakan penghasil timah nomor dua di dunia yang bisa memasok 20% kebutuhan timah dunia. Pusat peleburan timah di Indonesia terdapat di ...;Pulau Peleng;Martapura;Singkep;Muntok;Pulau Bintan;d
11;Sumber daya alam yang tidak dapat habis karena memiliki nilai ekonomis tinggi, tetapi nilai konsumtifnya rendah adalah ...;minyak dan batu bara;batu bara dan tembaga;timah dan tembaga;gas alam dan batu bara;emas dan intan;d
11;Gamping banyak terdapat di ...;Gunung Seribu dan Gunung Merapi;Gunung Jaya Wijaya;Gunung Semeru dan Gunung Merapi;Gunung Merapi dan Gunung Jaya Wijaya;Gunung Verbeek dan Gunung Semeru;a
11;Pasir kuarsa terbentuknya dari ...;batu kapur yang berubah bentuknya;pelapukan batu-batuan yang mengendap di sekitar sungai;batuan yang mengeras;pelapukan batuan granit;batu kapur yang mengandung besi;b
11;Segala sesuatu yang ada di lingkungan alam dapat disebut sebagai sumber daya alam, akan tetapi dapat juga disebut bukan sumber daya alam lebih ditekankan pada aspek ...;kualitasnya;kuantitasnya;sosial budaya;kegunaannya;ekonomisnya;d
11;Berdasarkan bentuknya yang dapat dimanfaatkan bagi kehidupan manusia, sumber daya alam dibedakan menjadi beberapa hal berikut ini, kecuali ...;sumber daya alam materi;sumber daya alam energi;sumber daya alam manusia;sumber daya alam hayati;sumber daya alam waktu;c
11;Sumber daya alam yang berasal dari makhluk hidup seperti hewan dan tumbuh-tumbuhan disebut sumber daya alam ...;materi;energi;ruang;hayati;hayati;D
11;Sumber daya alam yang dapat diperbaharui dengan sistem reproduksi adalah ...;tanah, udara, dan air;cahaya matahari, air, dan udara;minyak bumi, batu bara, dan timah;pertanian, peternakan, dan kehutanan;emas, perak, dan tembaga;d
11;Bahan galian yang terbentuk di dalam diatrema dan dalam bentukan intrusi merupakan bahan galian ...;magmatik;pematit;hidrotermal;hasil metamorfosis;hasil pengendapan;b
11;Daerah-daerah penghasil minyak bumi di Sumatra Selatan terdapat di ...;Sungai Plaju dan Sungai Gerong;Sorolengan dan Tanjungpura;Pulau Tarakan dan Pulau Buru;Babo dan Klamono;Dumai dan Sungai Pahing;a
11;Minyak bumi berasal dari ...;tumbuh-tumbuhan;mikoplankton;cairan magma;hewan;lumpur;b
11;Proses pembentukan batu bara disebut ...;proses metamorfosis;proses intrusti;proses inkolen;proses destilasi;proses sedimentasi;c
11;Proses pembentukan batu bara yang dipengaruhi oleh tekanan dan suhu yang tinggi disebut ...;proses inkolen;proses infiltrasi;proses biokimia;proses metamorfosis;proses metamorfosis;D
11;Unsur lempung yang terkandung dalam tanah liat sebesar ...;50%;55%;60%;65%;70%;d
11;Berikut ini termasuk sumber daya alam yang tidak dapat diperbaharui, namun cepat habis adalah...;unggas;batu-batu mulia;BBM;padi;udara;c
11;Berikut ini merupakan bahan galian hasil metamorfosis adalah ...;batu bara;emas;gas alam;minyak bumi;timah;a
11;Berikut ini bahan bakar yang merupakan hasil pengolahan dari minyak bumi, kecuali ...;avgas;avtur;premium;minyak astiri;solar;d
11;LNG singkatan dari ...;Liquid Natrium Gas;Liquid National Gas;Liquid Nett Gas;Liquid Natural Gas;Liquid Natural Gas;D
11;Perbandingan antara jumlah penduduk laki-laki dengan jumlah penduduk perempuan disebut ...;angka ketergantungan;persentase pasangan usia subur;married ratio;sex ratio;sex ratio;D
11;Sesuai dengan komposisi menurut usia dan jenis kelaminnya maka negara Indonesia termasuk dalam piramida penduduk ...;sedang;tua;muda;dewasa;stasioner;c
11;Pertumbuhan penduduk yang dipengaruhi oleh kelahiran, kematian, serta migrasi merupakan pertumbuhan penduduk ...;total;alami;geometris;horizontal;vertikal;a
11;Perbandingan antara jumlah penduduk dengan seluruh luas wilayah yang ada disebut ...;geografis;aritmatik;ekonomi;geometris;agraris;b
11;Jumlah tahun yang diperkirakan dapat dicapai oleh seseorang sejak lahir disebut ...;usia produktif;usia hidup;usia pensiun;harapan hidup;usia kerja;d
11;Berikut ini merupakan faktor-faktor yang memengaruhi pertumbuhan penduduk adalah ...;kelahiran dan kematian;transmigrasi, urbanisasi, dan ruralisasi;kelahiran, kematian, dan migrasi;pasangan usia subur dan pasangan usia tua;umur pada masa usia produktif dan nonproduktif;c
11;Kegunaan piramida penduduk dalam suatu daerah adalah untuk ...;mengetahui jumlah kelahiran bayi perempuan dan bayi laki-laki;mengetahui jumlah pria dan wanita pada usia tertentu;menghitung jumlah penduduk pria dan wanita;mengetahui susuana penduduk pada suatu daerah;mengetahui pertumbuhan penduduk pada suatu daerah;b
11;Faktor yang mendorong tingginya angka kelahiran disebut ...;fertilitas;antimortalitas;promortalitas;pronatalitas;pronatalitas;D
11;Rumus: Jumlah petani / Luas wilayah pertanian (km²) = ... km Adalah rumus ...;kepadatan penduduk;angka ketergantungan;pertumbuhan penduduk alami;kepadatan penduduk agraris;pertumbuhan penduduk optimum;d
11;Negara kita telah mengadakan sensus penduduk sebanyak 6 kali, yaitu pada tahun ...;1930, 1961, 1971, 1980, 1990, 2000;1925, 1935, 1945, 1955, 1965, 1975;1926, 1936, 1946, 1956, 1966, 1976;1927, 1937, 1947,1957, 1967, 1977;1930, 1960, 1971, 1980, 1990, 1992;a
11;Banyaknya kematian tiap 1.000 kelahiran dalam 1 tahun disebut ...;CDR;IMR;ASFR;CBR;SDR;b
11;Rumus untuk mengetahui angka kelahiran kasar adalah ...;B/P x 1000;M/L x 1000;P/M x 1000;L/P x 1000;P/L x 1000;a
11;Di daerah padang pasir banyak ditemukan berbagai macam jenis tanaman xerofit, diantaranya ...;pinus;kaktus;lumut;kelapa;cemara;b
11;Rumus pertumbuhan penduduk alami adalah ...;Pn = L + M;Pn = Po + (L - M);Pn = Po + (M - N);Pn = M - I;Pn = Po + (N - M);b
11;Sumber daya alam yang berupa benda mati yang diambil dari alam yang berguna bagi kehidupan manusia disebut sumber daya alam ...;materi;energi;ruang;hayati;waktu;a
11;Hal-hal yang bukan merupakan sumber daya alam materi adalah ...;sinar matahari;bahan tambang;hewani;udara;tumbuh-tumbuhan;b
11;Di bawah ini merupakan sumber daya alam yang tidak dapat dipengaruhi adalah ...;minyak bumi dan minyak kelapa sawit;perikanan dan perkebunan;batu bara dan minyak bumi;kehutanan dan perikanan;perternakan dan perikanan;c
11;Kegiatan penggalian bahan-bahan seperti timah, batu bara, dan tembaga merupakan proses ...;pengerukan;pertambangan;penggalian;eksplorasi;eksploitasi;b
11;Bahan galian yang terjadi dari magma yang terbentuk di dalam diatrema di dalam atau dekat dengan magma disebut bahan galian ...;pematit;hasil metamorfosis kontak;magmatik;vulkanik;hasil pengendapan;a
11;Bahan galian yang terjadi pada batuan sekitar magma yang bersentuhan dengan magma dan berubah menjadi mineral ekonomik termasuk bahan galian ...;pematit;sekunder;hidrotermal;matamorfosis kontak;matamorfosis kontak;D
11;"Daerah yang potensial penghasil tebu di Indonesia sehingga pada masa kolonial Belanda mendapat julukan ""Pulau mengambang di lautan gula"" yaitu pulau ...";Jawa;Sumatra;Madura;Kalimantan;Sulawesi;a
11;Daerah penghasil kina terbesar di dunia adalah ...;Lebong dan Sumatra Selatan;Pulau Prayan dan Sumatra Utara;Lembang dan Jawa Barat;Sukabumi dan Jawa Barat;Kisaran dan Sumatra Utara;c
11;Menurut Undang-Undang No. 11 Tahun 1976 tentang pertambangan, bahan galian golongan A termasuk bahan galian ...;vital;sekunder;formal;strategis;tersier;d
11;Gejala alam yang tertera dibawah ini terjadi akibat adanya tenaga eksogen, kecuali...;Erosi oleh air sungai;Hancurnya pantai oleh gelombang laut;Terbentuknya kawah pegunungan;Pecahnya batuan oleh tekanan suhu;Larutnya batuan kapur oleh air hujan;c
11;Sebuah interaksi yang terjadi di lingkungan alamiah dan sekitarnya membentuk...;Ekologi;Ekosistem;Biosfer;Siklus ekosistem;Rantai makanan;b
11;Berikut ini yang termasuk komponen abiotik adalah...;Hewan;Tumbuhan;Tanah;Manusia;Organisme;c
11;Yang termasuk lingkungan abiotik dibawah ini adalah...;Udara, tanah, air;Udara, tanah, tanaman;Tanah, air, dan hewan;Tanaman, hewan, air;Tanah, batu-batuan, ikan;a
11;Sebagian besar hutan di Indonesia termasuk hutan tropis, yang memiliki sifat...;pohonnya sama tinggi;daunnya kecil-kecil;sinar matahari dapat masuk ke daerah hutan;hutannya lebat dan selalu berdaun hijau;hutannya lebat dan selalu berdaun hijau;D
11;Derajat kemampuan lingkungan untuk memenuhi kebutuhan dasar manusia di tempat dan waktu tertentu disebut...;Kualitas kehidupan manusia;Kualitas lingkungan alam semesta;Kualitas lingkungan kita;Kualitas lingkungan hidup;Kualitas lingkungan hidup;D
11;Ekosistem hutan bakau berkembang di...;Daerah hutan basah;Daerah lahan gambut;Daerah hutan tropis;Daerah pantai;Daerah hutan musim;d
11;Salah satu contoh tindakan pelestarian lingkungan yang dapat dilakukan di lingkungan sekolah adalah...;Melakukan penelitian;Membuat taman sekolah;Membuang sampah pada tepatnya;Melaksanakan piket kelas;Ikut aktif kajian lingkungan;c
11;Banjir di Jakarta adalah contoh dari rusaknya daya dukung lingkungan, dalam hal...;kurangnya sungai;kurangnya saluran air limbah rumah tangga;kurang maksimalnya tata ruang kota;kurangnya daerah serapan air;kurang disiplinnya warga dalam menjaga kebersihan;d
11;Terjadinya erosi adalah salah satu kerusakan alam yang diakibatkan oleh...;Gempa bumi;Ulah manusia;Hujan;Pembalakan;Ladang berpindah;b
11;Hujan asam di sebabkan oleh kandungan asam yang ada di udara sangat besar sehingga pada saat hujan, terbawa oleh hujan! biasanya hujan asam terjadi di...;Daerah hutan asam;Pemukiman padat;Daerah pesisir pantai;Daerah kawasan industri;Daerah kali urang;d
11;Salah satu tindakan rehabilitasi hutan alam dan tanah kritis adalah...;Tebang pilih;Pemupukan masal;Menambah hutan suaka;Reboisasi dan konsevasi tanah;Menjaga keamanan hutan;d
11;Istilah yang tepat untuk jenis sumber daya yang berasal dari ikan adalah...;Sumber daya manusia;Sumber daya hewani;Sumber daya nabati;Sumber daya hayati;Sumber daya alam;b
11;Faktor utama terjadinya krisis lingkungan adalah...;Pemakaian teknologi;Meningkatnya gas-gas rumah kaca;Meningkatnya jumlah macam kebutuhan hidup;Ledakan penduduk;Tedapat lubang di lapisan ozon;d
11;Kebun raya Bogor merupakan salah satu contoh perlindungan...;Alam terbimbing;Alam nasional;Alam ketat;Taman nasional;Alam botani;a
11;Perlindungan alam antropologi dilakukan untuk melindungi...;Suku bangsa tertentu;Hewan tertentu;Tumbuhan tertentu;Hewan dan tanaman tertentu;Kondisi kehutanan;a
11;Pencemaran suara tidak disebabkan karena suara...;Mobil;Kereta api;Pesawat udara;Sepeda;Sepeda;D
11;Pencemaran tanah terjadi karena hal berikut, kecuali...;Adanya zat-zat yang tidak dapat diuraikan;Zat cair yang berbahaya tidak larut di air;Bungkus makanan dari daun pisang;Ampas kimia yang berbahaya;Plastik bekas;c
11;Konservasi memiliki tujuan...;Pemanfaatan lingkungan untuk pembangunan;Pengelolaan lingkungan agar dapat dimanfaatkan sepuasnya;Perlindungan sumber daya alam agar lestari;Untuk mengumpulkan berbagai jenis hewan dan tumbuhan dalam suatu tempat;Sebagai upaya membudidayakan flora dan fauna untuk dimanfaatkan;c
11;Pembangunan berkelanjutan adalah...;pembangunan yang tidak memperhatikan kelestarian lingkungan;pembangunan yang selalu memperhatikan kelestarian lingkungan hidup;pembangunan yang lebih mengedepankan kemewahan;pembangunan dibantaran sungai;pembangunan didaerah resapan air;b
11;Usaha untuk menjaga kelestarian air tanah dilingkungan kita dapat dilakukan dengan cara berikut, kecuali...;Mengurangi penggunaan air tanah bagi kegiatan industri;Mencegah kepadatan penduduk yang tinggi;Membuat peraturan penggunaan air tanah;Pelaksanaan AMDAL diperlonggar;Pelaksanaan AMDAL diperlonggar;D
11;Untuk mengatasi masalah kekeringan dapat dilakukan dengan...;Pengerukan sungai;Hujan buatan;Pembuatan waduk;Reklamasi pantai;Pembuatan sengkedan;b
11;Penangkapan ikan dengan menggunakan racun dan bom ikan dilarang karena...;Mematikan semua jenis ikan yang besar dan kecil;Menyebabkan abrasi pantai;Menurunkan kadar oksigen di air;Meningkatkan karbondioksida terlarut;Merusak terumbu karang;a
11;Lingkungan hidup merupakan...;Titipan generasi mendatang;Warisan untuk generasi sekarang;Pinjamanan generasi sekarang;Barter antar generasi;Milik generasi sekarang;a
11;Komponen lingkungan yang paling berpengaruh adalah...;Hewan;Tumbuhan;Manusia;Perkebunan;Pertanian;c
11;Kualitas lingkungan hidup seperti udara yang tercemar dapat menyebabkan...;Gangguan penglihatan;Gangguan pernafasan;Penyakit tulang;Penyakit perut;Penyakit kulit;b
11;Umumnya kualitas air mengalami penurunan atau mengalami pencemaran terjadi pada...;Sungai;Laut;Danau;Air tanah;Rawa;a
11;Rusaknya tumbuhan memicu terjadinya...;Pencemaran tanah;Pencemaran sungai;Pemanasan global;Menipisnya lapisan ozon;Pencemaran air;c
11;Air danau yang berkualitas umumnya dimanfaatkan untuk keperluan berikut, kecuali...;Mandi;Minum;Perikanan;Perkebunan;Memasak;d
11;Kualitas lingkungan dapat di ukur dengan menggunakan acuan...;Kualitas air;Kualitas udara;Kualitas tanah;Kualitas tumbuhan;Kualitas hewan;a
11;Lingkungan hidup yang tidak dapat berfungsi lagi disebut...;Fungsi lingkungan;Kerusakan lingkungan;Ketersediaan lingkungan;Pemanfaatan lingkungan;Pencemaran lingkungan;b
11;Gempa tektonik yang terjadi di laut berpotensi adanya gelombang besar yang disebut...;Tsunami;Ombak;Arus laut;Pasang;Surut;a
11;Berikut ini yang tidak menyebabkan terjadinya pencemaran udara adalah...;Penggunaan kendaraan dengan BBG;Asap kendaraan bermotor;Pembakaran sampah;Kebakaran hutan;Asap pabrik;a
11;Berikut ini kerusakan lingkungan hidup karena kegiatan perikanan adalah...;Ladang berpindah;Penebangan liar;Pencemaran udara;Menangkap ikan dengan racun;Menangkap ikan dengan racun;D
11;Sungai tercemar dengan banyaknya sampah yang membuat aliran air tersumbat. Sampah sebagai bahan pencemaran disebut...;Benda;Polutan;Sumber masalah;Pencemaran;Organik;b
11;Penyebab utama banjir bandang adalah...;Gundulnya hutan akibat illegal logging didaerah hulu;Pembangunan rumah dipegunungan;Adanya bangunan dibantaran sungai;Tidak ada daerah resapan air;Tidak adanya saluran air;a
11;Berikut ini termasuk lingkungan hidup sebagai dampak industrialisasi yaitu...;Gunung meletus;Kebakaran hutan akibat el nino;Banjir akibat la nina;Pencemaran sungai akibat dilarangnya AMDAL;Pengangguran besar-besaran akibat PHK;d
11;Berhasil atau gagalnya pembangunan ditentukan oleh...;Bentuk pemerintahannya;Sumber kekayaan alam;Kualitas sumber daya alam;Kualitas sumber daya manusianya;Jumlah penduduk;d
11;Gas yang paling banyak di udara adalah...;Karbondioksida;Hidrogen;Nitrogen;Helium;Argon;c
11;Kawasan khusus untuk melindungi hewan tertentu agar tidak punah adalah...;Cagar budaya;Taman nasional;Suaka margasatwa;Hutan lindung;Suaka alam;c
11;Oksida berikut di dalam air akan memerahkan lakmus biru adalah ...;BaO;Al2O3;CaO;P2O5;P2O5;D
11;Untuk mengubah pH larutan HCl dari 2 menjadi 3 maka larutan tersebut harus diencerkan sebanyak ...;10 kali;3 kali;2,5 kali;5 kali;1,5 kali;A
11;Suatu larutan dengan pH 5 dicampurkan dengan larutan yang sama dengan pH 3, maka pH campuran adalah ...;3,3;4;4,5;3,5;4,9;A
11;Kekuatan asam lemah biasanya dibandingkan dengan menggunakan ...;tetapan ionisasinya;derajat ionisasinya;nilai pH-nya;kelarutannya;konsentrasinya;A
11;Larutan asam etanoat 0,01 M yang terionisasi sebanyak 4% mempunyai pH sebesar ...;2;0,6;1,6;2,4;3,4;D
11;Ion hidrogen fosfat (HPO42-) merupakan asam lemah. Basa konjugatnya adalah ...;H3PO4;H2PO4-;PO43-;P2O5;H2O;C
11;Suatu basa L(OH)3 sebanyak 15,6 g tepat bereaksi dengan 29,4 g asam H2A. Jika Ar L = 27, H = 1, O = 16 maka massa molar H2A adalah ...;29,5 g;156 g;147 g;78 g;210 g;C
11;Tetapan kesetimbangan ionisasi untuk reaksi: HNO2 + CN- ⇌ HCN + NO2- adalah 1,1 × 10-6. Berdasarkan nilai tetapan ini, dapat disimpulkan bahwa ...;CN- adalah basa lebih kuat dari NO2-;HCN lebih kuat daripada asam HNO2;basa konjugat HNO2 adalah NO2-;asam konjugat CN- adalah HCN;HNO2 bereaksi dengan F- membentuk HF;A
11;Jika ke dalam larutan asam nitrat ditambahkan larutan kalium hidroksida terjadi hal berikut, kecuali ...;molekul air bertambah;ion H+ berkurang;ion OH- bertambah;pH larutan berkurang;terjadi reaksi penetralan;D
11;Untuk reaksi: NH4OH ⇌ NH4+ + OH- diketahui tetapan kesetimbangannya, Kb(NH3) = 1,81 × 10-5. Jika 3,4 g NH3 dilarutkan ke dalam air sampai volumenya 2 L maka konsentrasi NH4+ dalam larutan sebesar ...;1,81 × 10-5;1,81 × 10-6;4,25 × 10-2;1,34 × 10-3;6,00 × 10-3;D
11;Persamaan kimia berikut yang mewakili reaksi penetralan asam basa adalah ...;H2SO4(aq) + 2H2O(l) → 2H3O+(aq) + SO42-(aq);NH3(g) + 2H2O(l) → NH4OH(aq);Zn(s) + Cu2+(aq) → Zn2+(aq) + Cu(s);CuO(s) + 2HNO3(aq) → Cu(NO3)2(aq) + H2O(l);SO3(g) + H2O(l) → H2SO4(aq);D
11;Jika 99 mL NaOH 0,2 M dicampurkan dengan 100 mL HCl 0,2 M maka pH campuran adalah ...;1;2;3;4;5;B
11;Indikator yang tepat untuk titrasi larutan HCl oleh larutan NaOH adalah ...;metil jingga dengan trayek pH = 3,1-4,4;metil merah dengan trayek pH = 4,4-6,2;bromtimol biru dengan trayek pH = 6,0-8,0;fenolftalein dengan trayek pH = 8,8-10;alizarin kuning dengan trayek pH = 10,1-12;C
11;Menurut Bronsted-Lowry, asam adalah ...;pendonor proton;pendonor elektron;penerima elektron;penerima proton;penerima ion H+;A
11;Spesi dalam reaksi yang berperan sebagai basa Lewis adalah ...;H2O;CN-;I-;NH3;PCl3;B
11;Larutan yang dibuat dengan melarutkan asam benzoat 0,01 mol dan natrium benzoat 0,02 mol dalam 500 mL air mempunyai pH antara (Kb = 6,5 × 10-5) ...;2 dan 3;4 dan 5;5 dan 6;3 dan 4;6 dan 7;B
11;Jika 50 mL KOH 0,2 M ditambahkan ke dalam 40 mL HCOOH 0,5 M (Ka = 1,78 × 10-4), pH larutan campuran adalah ...;7;4;4,74;5,5;3,45;C
11;Di antara larutan garam berikut dengan konsentrasi molar yang sama dan mempunyai pH paling tinggi adalah ...;KNO3;NH4Cl;CH3COONa;NaCN;CH3NH2;D
11;Larutan garam berikut konsentrasi molarnya sama. Larutan yang paling basa adalah ...;NaI;NaCN;NaNO3;NaF;CH3COONa;B
11;Untuk membuat larutan penyangga dengan pH sekitar 3 dan 4, dapat digunakan campuran ...;NH4NO3 dan NH3;HNO2 dan NaNO2;HOCl dan NaOCl;NaHCO3 dan Na2CO3;CH3COOH dan CH3COONa;B
11;Rumus kimia dari metana adalah ...;CH4;CH6;C2H6;C2HO;C;a
11;Hidrokarbon adalah sebuah senyawa yang terdiri dari:;Unsur karbon dan hydrogen;Unsur atom dan molekul;Unsur dan senyawa yang dicampur;Campuran dari NaCl dan Iodium;Oksigen dan litium;a
11;Unsur-unsur golongan alkali tanah sifat-sifat kimianya hamper sama karena ...;Jumlah elektronnya sama;Jumlah electron pada dua orbital terluarnya sama;Jumlah electron pada kulit terluarnya sama;Jumlah protonnya sama;Konfigurasi elektronnya sama;c
11;Faktor- faktor yang mempengaruhi laju reaksi adalah ... 1) Luas permukaan sentuhan 2) Konsentrasi zat pereaksi 3) Suhu saat reaksi saat berlangsung 4) Penambahan katalis yang tepat;1 dan 3;2 dan 4;1 dan 4;1, 2, 3 dan 4;1, 2, 3 dan 4;D
11;Suatu unsur rmemiliki konfigurasi elektron: 1s2 2s2 2p6 3s2 3p5, termasuk dalam golongan ...;Alkali;Alkali tanah;Halogen;Nitrogen;Gas mulia;c
11;Diantara beberapa pilihan yang mana termasuk sifat asam: 1) rasanya asam 2) bereaksi dengan garam 3) bersifat kaustik (licin) 4) mempunyai pH lebih kecil dari 7 5) dapat mengubah merah ke biru;1 dan 3;1 dan 4;3 dan 5;4 dan 5;2 dan 4;b
11;Tentukan tipe molekul senyawa-senyawa biner rangkap XeO4 adalah ...;AX4;AX3;AX6;AX2;AX8;a
11;Jika 200 ml CH3COOH 0,2 M dicampur dengan 200 ml NaOH maka pH terbentuk (Ka = 10-5 ...;4;5;6;9;9;D
11;Untuk membuat 500 mL larutan H2SO4 0.05 M dibutuhkan larutan H2SO4 5 M sebanyak...mL;5 mL;10 mL;2.5 mL;15 mL;5.5 M;a
11;Untuk konsentrasi yang sama di antara senyawa asam berikut yang sifat asamnya paling kuat adalah ...;H2SO4;HCl;H2S;CH3COOH;HF;a
11;Teori Max Planck digunakan oleh Niels Bohr untuk menjelaskan ...;Spektrum atom helium;Spektrum atom hidrogen;Frekuensi radiasi;Spektrum ion litium;Mekanika kuantum;b
11;Tingkatan energi utama dimana electron itu berada ditunjukan oleh ...;Bilangan kuantum azimut;Bilangan kuantum magnetik;Bilangan kuantum spin;Bilangan kuantum utama;Orbital molekul;d
11;Harga bilangan kuantum utama kulit N adalah ...;1;2;3;4;5;d
11;Jumlah electron maksimum yang dapat menempati kulit N adalah ...;8;18;32;72;98;c
11;Bilangan kuantum yang menggambarkan jenis sub kulit electron pada atom adalah ...;Bilangan kuantum utama;Bilangan kuantum azimut;Bilangan kuantum magnetik;Bilangan kuantum spin;Spin electron;b
11;Konfigurasi elektron yang paling tepat dari unsur 19K adalah ...;1s2 2s2 2p6 3s2 3p6 3d1;1s2 2s2 2p6 3s2 3p6 4d1;1s2 2s2 2p6 3s2 3p6 3d5;1s2 2s2 2p6 3s2 3p6 4s1;1s2 2s2 2p6 3s2 3p6 4s2 3d10 4p6;d
11;Jumlah orbital pada sub kulit f adalah ...;1;3;5;7;9;d
11;Unsur Ca memiliki konfigurasi elektron 1s2 2s2 2p6 3s2 3p6 4s2 terletak pada ...;Periode ke -- 2 golongan IIA;Periode ke -- 2 golongan VIA;Periode ke -- 4 golongan IVA;Periode ke -- 4 golongan IIA;Periode ke -- 4 golongan IIA;D
11;Letak unsur X dengan nomor atom 26 dan nomor massa 56 dalam sistem periodik pada golongan dan periode ...;IIA dan 6;VIA dan 3;VIB dan 4;VIII dan 4;VIII dan 4;D
11;Unsur yang mmiliki konfigurasi elektron 1s2 2s2 2p6 3s2 3p3 adalah ...;P;V;Ni;Si;N;a
11;Ion berikut yang mempunyai konfigurasi elektron: [Ar] 3d4 adalah ...;20Ca;22Ti;24Cr;25Mn;26Fe;c
11;Leta kunsur X dalam system periodic unsur apabila konfigurasi elktronnya [Ar] 3d10 4s2 4p6 adalah ...;Golongan IIA dan periode ke 4;Golongan IIA dan periode ke 5;Golongan IIA dan periode ke 6;Golongan VIIIA dan periode ke 4;Golongan VIIIA dan periode ke 4;D
11;Atom suatu unsur terletak pada golongan IA periode 3 memiliki kofigurasi elektron ...;[He] 2s1;[Ne] 3s2 3P1;[He] 3s1;[He] 4s1;[He] 4s2 3P1;c
11;Di dalam system periodik, unsur- unsur transisi terletak di antara golongan- golongan ...;IIA dan IIIA;IIA dan IIB;IIB dan IIIB;IA dan IIB;IIIB dan VIIIB;a
11;Suatu atom unsur X mempunyai susunan elektron: 1s2 2s2 2p6 3s2 3p6 3d5 4s1. Unsur tersebut adalah ...;Logam alkali;Unsur halogen;Unsur golongan IB;Unsur transisi;Salah satu unsur lantanida;d
11;Jumlah elektron maksimum yang dapat menempati tingkat energy ketiga adalah ...;18;28;8;6;2;a
11;Kedudukan electron dalam suatu atom ditentukan oleh ...;Tingkat energi;Bilangan kuantum;Bilangan oksidasi;Panjang gelombang;Frekuensi;b
11;Penyataan berikut merupakan kelemahan teori atom Nils Bohr,kecuali ...;Tidak dapat menerangkan kedudukan electron dengan pasti;Lintasan elektron bukan merupakan elips;Tidak dapat menerangkan pengaruh medan magnet;Tiap lintasan electron dihuni electron;Tiap lintasan electron dihuni electron;D
11;Suatu atom dengan empat kulit elekton memiliki orbital sebanyak ...;8;12;16;20;30;c
11;Unsur dengan nomor atom 27, dalam system periodic unsur terletak pada ...;Golongan IIA dan periode ke 4;Golongan VIIA dan periode ke 3;Golongan VIIB dan periode ke 4;Golongan VIIIB dan periode ke 4;Golongan VIIIB dan periode ke 5;d
11;Kalor pembentukan adalah kalor yang dilepas atau dibutuhkan apabila 1 mol senyawa terbentuk dari...;Ion positif dan negatif;Molekul-molekul diatomik;unsur-unsurnya;Atom-atomnya;Senyawa yang lebih sederhana;c
11;pH larutan 100 mL NH4Cl 0,1 M jika Kb NH3(aq) = 10-5,adalah ...;3;4;5;6;7;c
11;Larutan CH3COONH4 0,1 M memiliki pH (Ka = Kb = 10-5) ...;8;4;2;7;7;D
11;Unsur uranium (Z = 92) termasuk dalam kelompok unsur ...;Golongan IVA;Aktinida;Golongan IVB;Lantanida;Golongan VI B;b
11;Di dalam sistem periodik,unsur-unsur transisi terletak di antara golongan-golongan...;IIA dan IIB;IIIB dan VIIIB;IIB dan IIIB;IIA dan IIIA;IA dan IIB;b
11;Berapakah konfigurasi eletron dari Xe = 54 ...;5s2,4d10,5f14;4s2,3d10,4p4;3d10,4s2,4p5;6p6,7s2,5f4;3s2,3p6,4s2;a
11;"Teori atom modern (mekanika kuantum) yang berisi (1924,prancis) ""elektron selain bersifat sebagai partikel bersifat gelombang"" adalah ...";teori louis de brogile;Teori bronsted-lowry;teori erwin schordinger;Teori haber-bosch;teori werner Heisenberg;a
11;Ion X2+ yang mengandung 12 proton dan 12 neutron memiliki konfigurasi elektron ...;1s2 2s2 2p4;1s2 2s2 2p4 3s2;1s2 2s2 2p6;1s2 2s2 2p5 3s2;1s2 2s2 2p6 3s2;c
11;Kelarutan Mg(OH)2 dalam air adalah 10^-3^ mol/L. Maka harga Ksp Mg(OH)2 adalah...;1 . 10^-6^;2 . 10^-6^;1 . 10^-9^;4 . 10^-9^;8 . 10^-9^;D
11;Dalam 200 mL air dapat larut 0,233 mg BaSO4. Hasil kali kelarutan BaSO4 adalah...(Mr BaSO4= 233 );1 . 10^-10^;3,6 . 10^-9^;3 . 10^-7^;2,5 . 10^-11^;1 . 10^-3^;D
11;Harga hasil kali kelarutan (Ksp) Ag2SO4 = 4 . 10^-12^ maka kelarutan nya dalam 1 liter air adalah...;2 . 10^-5^ mol;2 . 10^-4^ mol;1 . 10^-4^mol;1 . 10^-3^ mol;4 . 10^-2^ mol;C
11;Dalam 200 ml larutan terdapat 2 . 10^-5^ mol Mg(OH)2 jenuh, maka kelarutan Mg(OH)2 dalam larutan pH 11 + log 2 adalah..;1 . 10^-2^ M;0,5 . 10^-3^M;1 . 10^-6^ M;2 . 10^-6^ M;4 . 10^-6^ M;C
11;Dari data di atas, senyawa yang paling kecil kelarutannya dalam air adalah...;AgCl;Mg(OH)2;AgIO3;AgBr;Mn(OH)2;A
11;Diantara senyawa senyawa tersebut di atas yang paling mudah larut dalam air adalah...;Ag2CO3;Ag2CrO4;Ag2S;AgI;AgCl;A
11;Diketahui Ksp MgF2 adalah 10^-8^ maka kelarutan MgF2 dalam 0,01 M MgSO4 adalah...;8,4 x 10^-5^;5 x 10^-7^;10^-5^;10^-4^;10^-4^;D
11;Diketahui Ksp AlPO4 adalah 6,3 x 10^-19^ maka kelarutan AlPO4 dalam 0,63 M Al(OH)3 adalah...;8,4 x 10^-16^;5 x 10^-16^;1 x 10^-16^;1 x 10^-18^;1 x 10^-18^;D
11;Jika Ksp Ag2CO3 = 1 . 10^-14^, maka kelarutan Ag2CO3 dalam AgCl 0,001 M adalah...;5 . 10^-13^;1 . 10^-12^;2 . 10^-12^;1 . 10^-8^;1 . 10^-8^;D
11;Jika kelarutan senyawa AgCl dalam air murni adalah 1 . 10^-5^M, maka kelarutan AgCl dalam larutan AgNO3 0,01 M adalah..;10^-9^;10^-8^;10^-7^;10^-6^;10^-5^;B
11;Pada suhu tertentu kelarutan Mg(OH)2 , (Ar Mg = 24  O = 16  H = 1) dalam tiap 2 Liter larutan jenuhnya sebanyak 116 mg , maka kelarutan Mg(OH)2 dalam larutan MgCl2 0,1 M. adalah . . . .;4 x 10^-4^ mol/L;2 x 10^-4^ mol/L;1 x 10^-4^ mol/L;1x 10^-8^ mol/L;4 x 10^-9^ mol/L;C
11;Pada suhu dan tekanan tertentu kelarutan Ba(OH)2 ( Ar Ba=137, O=16, H=1), dalam tiap liter larutan jenuhnya sebanyak 171 mg, maka kelarutan Ba(OH)2 dalam BaCl2 0,001 M. adalah...;4 x 10^-4^ mol/L;2 x 10^-4^ mol/L;1 x 10^-4^ mol/L;1x 10^-3^ mol/L;4 x 10^-3^ mol/L;C
11;Kelarutan Ca(OH)2 (Mr = 74) dalam 1L larutan jenuhnya sebanyak 7,4 mg , maka pH larutan jenuh Ca(OH)2 adalah . . . .;10;10 + log2;10 -- log2;4 + log2;4 -- log2;B
11;Kelarutan Mg(OH)2 (Mr = 58) dalam 100 mL larutan jenuhnya sebanyak 0,58 mg maka pH larutan jenuh Mg(OH)2 adalah . . . .;4 -- log2;4 + log2;10 -- log2;10 + log2;. 10;D
11;Larutan L(OH)2 mempunyai pH = 10, Hasil kali kelarutan dari L(OH)2 adalah...;10^-10^;5 . 10^-13^;10^-11^;5 . 10^-16^;10^-18^;B
11;Senyawa yang mengendap adalah...;BaCrO4 dan CaCrO4;CaCrO4 dan SrCrO4;CaCrO4 dan CuCrO4;BaCrO4 dan PbCrO4;BaCrO4 dan PbCrO4;D
11;Maka pasangan senyawa yang berwujud larutan adalah ..;Ba(OH)2 dan Mg(OH)2;Ca(OH)2 dan Ba(OH)2;Pb(OH)2 dan Fe(OH)2;Mg(OH)2 dan Pb(OH)2;Fe(OH)2 dan Mg(OH)2;B
11;Maka garam yang akan larut adalah...;Ag2S dan Ag3PO4;Ag2S dan AgBr;Ag2CrO4 dan Ag2SO4;Ag3PO4 dan AgBr;AgBrdan Ag2SO4;C
11;Urutan kelarutan garam-garam tersebut diatas dari yang besar ke yang kecil adalah ...;AgCl -- Ag2CO3 -- Ag3PO4 -- Ag2S;Ag2S -- AgCl -- Ag3PO4 -- Ag2CO3;Ag2CO3 -- Ag3PO4 -- AgCl -- Ag2S;Ag2S -- Ag3PO4 -- Ag2CO3 -- AgCl;AgCl -- Ag2S -- Ag2CO3 -- Ag3PO4;C
11;Maka hidroksida yang larut adalah...;X(OH)2;Y(OH)2;Z(OH)2;X(OH)2 dan Y(OH)2;Z(OH)2 dan Y (OH)2;D
11;salah satu perbedaan antara koloid dengan suspensi adalah...;koloid bersifat homogen sedangkan suspensi bersifat heterogen;koloid menghamburkan cahaya sedangkan suspensi meneruskan cahaya;koloid stabil sedangkan suspensi tidak stabil;koloid dua fasa sedangkan suspensi satu fasa;koloid transparan sedangkan suspensi keruh;C
11;Sistem koloid yang dibuat dengan men-dispersikan zat padat ke dalam cairan adalah...;aerosol;emulsi;buih;sol;gel;D
11;Jenis koloid yang zat terdispersinya cair dan medium pendispersinya gas adalah...;Gel;Sol;Busa;Aerosol cair;Aerosol cair;D
11;Diantara zat berikut yang bukan merupakan system koloid adalah...;asap;debu;kabut;udara;udara;D
11;yang merupakan sifat koloid adalah...;1,2 dan 3;1 dan 3;2dan 4;1,2,3 dan 4;1,2,3 dan 4;D
11;Sistem dispersi koloid berikut yang merupakan zat padat yang terdispersi dalam cair adalah . . . .;mentega;batu apung;santan;cat;cat;D
11;Mutiara adalah system dispersi ...;zat padat dalam medium pendispersi cair;zat cair dalam medium pendispersi cair;zat cair dalam medium pendispersi padat;zat padat dalam medium pendispersi padat;gas dalam medium pendispersi cair;C
11;Gejala atau proses yang paling tidak ada kaitannya dengan system koloid adalah...;efek tyndall;dialysis;koagulasi;elektrolisis;elektrolisis;D
11;Larutan yang tergolong koloid adalah nomor...;1 dan 5;2 dan 3;3 dan 4;1 dan 4;3 dan 5;D
11;Salah satu sifat penting dari dispersi koloid yang dapat dimanfaatkan dalam bidang indutri dan analisis biokimia adalah...;prinsif elektroforesis;efek tyndall;gerak brown;homogeniasasi;peptisasi;A
11;Subkulit s, p, d dan f masing-masing mempunyai orbital...;1, 3, dan 7;3, 5, dan 14;2, 6, dan 10;2, 3, dan 10;1, 3, dan 5;C
11;Diketahui nomor atom Zn = 30, konfigurasi elektron ion Zn^2+^ adalah...;1s^2^2s^2^2p^6^3s^2^3p^6^4s^2^3d^10^;1s^2^2s^2^2p^6^3s^2^3p^6^4s^1^3d^9^;1s^2^2s^2^2p^6^3s^2^3p^6^4s^2^3d^8^;1s^2^2s^2^2p^6^3s^2^3p^6^3d^10^;1s^2^2s^2^2p^6^3s^2^3p^6^4s^2^3d^9^;D
11;Konfigurasi elektron ion P^+3^ = 1s^2^2s^2^2p^6^3s^2^3p^6^3d^5^. Dalam sistem periodik, unsur P terletak pada...;periode 3, golongan VIA;periode 3, golongan VIIA;periode 4, golongan VIB;periode 4, golongan VIIB;periode 4, golongan VIIIB;C
11;Berapa nilai ∆H untuk reaksi: H2(g) + O2(g) → H2O2(l) berdasarkan persamaan termokimia berikut?;+93,9 kj;-187,8 kj;+187,8kj;-375,6 kj;+375,6kj;A
11;Manakah perumusan yang benar menurut Hukum Hess untuk diagram dibawah?;∆H~1~ = ∆H~2~ + ∆H~3~ + ∆H~4~;∆H~1~ + ∆H~2~ = ∆H~3~ + ∆H~4~;∆H~1~ + ∆H~2~ + ∆H~3~ = ∆H~4~;∆H~1~ - ∆H~2~ = ∆H~3~ + ∆H~4~;∆H~1~ = ∆H~2~ + ∆H~3~ - ∆H~4~;B
11;Diketahui ∆H~f~ dari NH~3(g)~, NO~(g)~ dan H~2~O~(l)~ adalah -46,2, +90,4 dan -286 kj/mol. Maka ∆H reaksi 4NH~3(g)~ + 5O~2(g)~ → 4NO~(g)~ + 6H~2~O~(l)~ adalah...;-149,4 kj;+330,2 kj;-597,6 kj;-1.169,6 kj;-1.892,8 kj;D
11;Diketahui data entalpi pembentukan standar: C3H8(g) ∆H^0^~f~ = -104 kj mol^-1^, CO2(g) ∆H^0^~f~ = -394 kj mol^-1^, H2O(g) ∆H^0^~f~ = -286 kj mol^-1^. Nilai ∆H reaksi C3H8(g) + 5O2(g) → 3CO~2(g)~ + 4H~2~O~(g)~ adalah...;-1.034 kj;-1.121 kj;-1.134 kj;-2.222 kj;-2.232 kj;C
11;Tiga faktor penting agar pembakaran dapat terjadi, yaitu...;karbon dioksida, bahan bakar, kalor;oksigen, bahan bakar, kalor;oksigen, karbon dioksida, kalor;oksigen, air, kalor;karbon dioksida, air, kalor;B
11;Diketahui reaksi: S(s) + O2(g) → SO2(g) ∆H~1~ = -299 kj mol^-1^, SO2(g) + ½O2(g) → SO3(g) ∆H~2~ = x kj mol^-1^, S + 1½O~2(g)~ → SO3(g) ∆H~3~ = -396 kj mol^-1^. Besarnya X adalah...;+49,9 kj mol^-1^;+97 kj mol^-1^;-194 kj mol^-1^;-97 kj mol^-1^;-97 kj mol^-1^;D
11;Berdasarkan persamaan reaksi: 2A + 3B → 6C + 5D, maka perumusan hubungan laju reaksi antar zat dari reaksi tersebut adalah...;2v~A~ = 3v~B~ = 6v~C~ = 5v~C~;½v~A~ = ⅓v~B~ = 2v~C~ = 5v~C~;2v~A~ = 3v~B~ =1/6v~C~ = 1/5v~C~;½v~A~ = ⅓v~B~ = 1/6v~C~ = 1/5v~C~;tidak ada yang benar;D
11;Reaksi orde 2 dinyatakan dengan grafik...;v → [x];v → [x];v → [x];v → [x];v → [x];C
11;Orde keseluruhan reaksi 2A + B~2~ → 2AB adalah...;0;1;2;3;4;C
11;Yang bukan merupakan faktor-faktor yang mempengaruhi laju reaksi adalah...;tekanan;sifat pereaksi;konsentrasi pereaksi;luas permukaan sentuh;katalis;C
11;Pernyataan yang paling tepat tentang Teori Tumbukan adalah...;tumbukan antar partikel pereaksi selalu menghasilkan produk reaksi;tumbukan efektif selalu menghasilkan produk reaksi;tumbukan efektif hanya terjadi jika partikel-partikel sudah memiliki E~k~ cukup;partikel-partikel yang bertumbukan dengan E~k~ cukup dan orientasi yang tepat tidak selalu menghasilkan tumbukan efektif;partikel-partikel yang bertumbukan dengan E~k~ cukup dan orientasi yang tepat tidak selalu menghasilkan tumbukan efektif;D
11;Energi yang dimiliki molekul-molekul untuk bentumbukan disebut...;energi kinetik;energi inti;energi vibrasi;energi kisi;energi pengaktifan;A
11;Katalis dapat mempercepat laju reaksi dengan cara...;menurunkan konsentrasi pereaksi;mengubah nilai entalpi;menaikkan energi aktivasi;menurunkan energi aktivasi;menaikkan jumlah molekul;D
11;Dari data percobaan reaksi antara besi dan larutan asam klorida, reaksi yang berlangsung paling cepat adalah percobaan nomor...;1;2;3;4;5;A
11;Jika ditentukan rumus laju reaksi berdasarkan hasil percobaan, maka laju reaksi 2HI~(g)~ → H~2(g)~ + I~2(g)~ adalah...;4,0 x 10^-3^;4,1 x 10^-3^;4,2 x 10^-3^;4,3 x 10^-3^;4,5 x 10^-3^;B
11;Kenaikan suhu akan mempercepat kecepatan reaksi karena...;kenaikan suhu akan memperbesar energi kinetik molekul pereaksi;kenaikan suhu akan memperbesar tekanan molekul pereaksi;kenaikan suhu akan menaikkan energi pengaktifan zat yang bereaksi;kenaikan suhu akan memperbesar konsentrasi zat yang bereaksi;kenaikan suhu akan memperbesar luas permukaan zat yang bereaksi;A
11;Rumus laju reaksi untuk reaksi 2NO~2(g)~ + 2H~2~O~(g)~ → 2NO + 2H2O adalah...;V = k [ NO ]^2^ [ H~2~ ];V = k [ NO ]^3^ [ H ]^2^;V = k [ NO ] [ H ]^2^;V = k [ NO ] [ H~2~ ];V = k [ NO ]^3^;A
11;Suatu reaksi akan mencapai kesetimbangan bila...;kedua reaksi yang berlawanan berhenti;konsentrasi pereaksi sama dengan konsentrasi produk;reaksi berhenti dengan mengeluarkan atau menyerap panas;kecepatan terbentuknya hasil reaksi sama dengan kecepatan terbentuknya pereaksi;kecepatan terbentuknya hasil reaksi sama dengan kecepatan terbentuknya pereaksi;D
11;Dari reaksi kimia dibawah ini yang merupakan kesetimbangan homogen adalah...;PbSO~4(s)~ + 2I^-^~(aq)~ → PbI~2(s)~ + SO~4~^-2(aq)^;CaCO~3(s)~ → CaO(s) + CO2(g);Fe^+3 + CNS^-^~(aq)~ → Fe(CNS)^+2^~(aq)~;Fe3O4(s) + 4CO(g) → 3Fe~(s)~ + 4CO~2(g)~;H2O(l) → H2O(g);C
11;Di bawah ini yang merupakan ciri-ciri reaksi kesetimbangan dinamis adalah...;konsentrasi pereaksi dan produk reaksi sama;laju reaksi ke kanan sama dengan laju reaksi ke kiri;konsentrasi zat-zat pereaksi dan produk reaksi terus berubah;reaksi berlangsung satu arah;jumlah mol pereaksi dan produk reaksi sama;B
11;Faktor-faktor yang tidak berpengaruh terhadap kesetimbangan kimia adalah perubahan...;konsentrasi pereaksi;volume ruang;tekanan ruang;konsentrasi katalis;suhu ruang;D
11;Jika dalam reaksi kesetimbangan: N~2(g)~ + 3H~2(g)~ → 2NH~3(g)~ ditambah 1 mol NH~3,~ berlaku...;kesetimbangan akan bergeser ke kiri;kesetimbangan akan bergeser ke kanan;kesetimbangan tidak akan bergeser;tekanan kesetimbangan akan turun;suhu kesetimbangan akan turun;A
11;Pada reaksi kesetimbangan berikut: 2NO~2(g)~ ∆H = +150 kj → 2NO~(g)~ + O~2(g)~, kesetimbangan sistem akan bergeser ke kiri apabila...;tekanan diperbesar;suhu diturunkan;suhu dinaikkan;volume diperkecil;pereaksi ditambah;C
11;Rumus tetapan kesetimbangan untuk reaksi Fe2O3(s) + CO(g) → Fe~(s)~ + CO2(g) adalah...;K = [Fe][CO2]/[Fe2O3][CO];K = [CO2]^3^/[CO]^3^;K = [Fe]^2^[CO2]^3^/[Fe2O3][CO]^3^;K = [CO2]/[CO];K = [Fe]^3^/[Fe2O3];A
11;Pada reaksi: A~(g)~ + B~(g)~ → C~(g)~ + D~(g)~, konsentrasi awal A = 1,0 M,  konsentrasi awal B = 2,0 M. Bila konsentrasi A pada kesetimbangan 0,5 M, tetapan kesetimbangan (K~c~) reaksi tersebut adalah...;0,25;0,33;0,5;0,75;1;B
11;Diketahui reaksi kesetimbangan: H2(g) + I2(g) → 2HI(g). Jika suhu ruang 212^0^C dan harga K~c~ = 1,8, maka harga K~p~ adalah... (R = 0,0821 L.atm.g.mol^-1^.K^-1^);1,8;1,2;0,9;0,6;0,4;A
11;Nilai rataan hitung dari data : 4, 10, 7, x, 10, 6, 11, adalah 8. Nilai x adalah...;4;6;8;9;10;B
11;Rataan hitung tinggi badan 9 siswa 155 cm. Jika ditambahkan seorang siswa baru, maka rataan hitung tinggi badan menjadi 156 cm. Tinggi badan siswa baru itu adalah...;156 cm;159 cm;162 cm;165 cm;168 cm;D
11;Sumbangan rata-rata warga untuk korban bencana alam adalah Rp40.000,00. Jika sumbangan dari seorang warga bernama Ali digabungkan dalam kelompok warga tersebut, sumbangan rata-rata 26 warga sekarang menjadi Rp41.000,00. Hal ini berarti sumbangan Ali sebesar...;Rp40.000,00;Rp57.000,00;Rp65.000,00;Rp66.000,00;Rp92.000,00;D
11;Nilai rata-rata tes matematika dari kelompok siswa dan kelompok siswi di suatu kelas berturut-turut adalah 5 dan 7. Jika nilai rata-rata di kelas tersebut adalah x = 6,2 maka perbandingan banyaknya siswa dan siswi adalah...;02:03;03:04;02:05;03:05;04:05;A
11;Dua puluh pelajar terdiri dari 8 puteri dan 12 putera. Rata-rata berat badan seluruhnya 44 kg. Jika rata-rata berat badan pelajar puteri saja 41 kg maka rata-rata berat badan pelajar putera adalah...kg.;47;46,5;46;45,5;45;C
11;Rata-rata 4 buah data adalah 5, jika data ditambah satu lagi maka rata-rata menjadi 5,5, maka besarnya data penambahan adalah...;7;6;5,5;6,5;5,5;A
11;Nilai rata-rata ulangan matematika dari 43 siswa adalah 56. Dua siswi bersama Tuti dan Ani mengikuti ulangan susulan sehingga nilai rata-rata keseluruhannya menjadi 55. Apabila Tuti mendapatkan nilai 25 maka Ani mendapatkan ...;42;48;57;58;59;C
11;Data penjualan radio setiap bulan di suatu toko pada tahun 2008 sebagai berikut. 20, 3, 9, 11, 4, 12, 1, 9, 9, 12, 8, 10. Median, kuartil bawah dan kuartil atasnya berturut-turut adalah...;6,5;9;6;9,5;3,5;D
11;Nilai simpangan kuartil dari data : 16, 7, 10, 14, 9, 14, 11, 12, 9, 12 adalah...;2;4;4,5;5;9;B
11;Simpangan rata-rata dari data : 6, 4, 8, 2, 10 adalah...;2;2,4;2,5;3;3,5;B
11;Dari angka 5, 6, 7, dan 9 dibuat bilangan yang terdiri atas tiga angka yang berbeda. Di antara bilangan-bilangan tersebut yang kurang dari 400 banyaknya ada...;16;12;10;6;6;D
11;(n + 2)! / n! = 12, maka n = ...;1;2;4;5;7;B
11;Jika nomor telepon rumah di suatu kota terdiri dari 6 angka. Banyaknya rumah dengan nomor telepon yang dimulai dengan angka 5 dan diakhiri bukan angka 5 adalah...;45.000;90.000;135.000;215.000;350.000;B
11;Banyaknya bilangan yang habis dibagi 2, yang lebih dari 550 dan terdiri dari 3 angka yang disusun dari bilangan 1,2,3,4,5,6,dan 7 adalah ...;21;42;51;36;63;B
11;Nilai n yang memenuhi persamaan (n + 2)! / (n - 1)! = 6n adalah...;1;2;3;4;5;B
11;Pengurus suatu organisasi yang terdiri atas ketua, wakil ketua, dan sekretaris dipilih dari 7 orang calon. Banyaknya cara yang mungkin untuk memilih pengurus organisasi itu dengan tidak ada jabatan rangkap adalah...;7;10;21;210;210;D
11;Suatu gedung mempunyai 5 pintu masuk. Jika ada tiga orang hendak memasuki gedung itu, banyaknya cara mereka masuk dari pintu yang berlainan adalah...;60;50;30;20;10;A
11;"Banyaknya permutasi dari huruf-huruf pada kata ""JUJUR"" adalah...";120;60;30;20;5;B
11;"Banyaknya permutasi dari huruf-huruf pada kata ""MATEMATIKA"" adalah...";10 x 8!;20 x 8!;10 x 7!;20 x 7!;30 x 7!;D
11;Presiden, wakil presiden, sekretaris kabinet dan 5 orang menteri duduk pada 8 kursi pada sebuah meja bundar untuk mengadakan rapat kabinet terbatas. Jika sekretaris kabinet harus duduk di antara presiden dan wakil presiden, maka banyaknya cara duduk ke-8 orang tersebut adalah...;240;120;60;48;24;A
11;Ada 5 pasang tamu di dalam suatu ruangan di suatu pesta. Jika masing-masing tamu belum saling mengenal kecuali dengan pasangannya dan mereka berjabat tangan dengan setiap orang yang belum mereka kenal maka terjadi jabat tangan sebanyak...;30;35;40;45;50;C
11;Suatu tim bulutangkis terdiri dari 10 orang putera dan 5 orang puteri. Dari tim ini akan dibuat pasangan ganda, baik pasangan ganda putera, ganda puteri, maupun pasangan ganda campuran. Banyak pasangan ganda yang akan dibuat adalah...;45;50;55;95;105;D
11;Tiga siswa dipilih untuk mewakili 6 orang siswa putera dan 10 orang siswa puteri. Kemungkinan ketiga siswa yang terpilih semuanya putera adalah...;Dec-56;15/56;16/56;27/56;35/56;C
11;Peluang untuk mendapatkan nilai matematika 80 point adalah 0,3. Dari 120 orang siswa kelas XI MAN, frekuensi harapan mendapatkan nilai tersebut sebanyak ...siswa.;12;16;30;36;40;D
11;Jika kejadian A dan B dapat terjadi secara bersamaan dengan P(A) = 0,5, P(B) = 0,74 dan P(A∩B) = 0,43 maka P(AUB) = ...;0,98;0,94;0,92;0,81;0,81;D
11;Peluang siswa A dan B lulus UNAS berturut-turut adalah 0,98 dan 0,95. Peluang siswa A lulus dan B tidak lulus adalah ...;0,019;0,049;0,074;0,935;0,978;B
11;Suatu kotak berisi 5 kelereng merah dan 3 kelereng putih. Dua kelereng diambil satu persatu dimana kelereng pertama yang diambil dikembalikan lagi dalam kotak. Peluang terambilnya kelereng pertama dan kedua berwarna merah adalah...;Sep-64;15/64;25/64;03-Aug;05-Aug;C
11;Diketahui nC2 = (n+1)C3. Nilai n adalah...;1;2;4;5;6;D
11;Sebuah penelitian untuk mengetahui lama waktu yang digunakan siswa SMA/MA akan dilakukan di kabupaten A. Populasi yang akan diteliti adalah ....;Semua siswa di kabupaten A;Semua siswa SMA/MA di kabupaten A;Semua siswa kelas XI SMA/MA di kabupaten A;Semua siswa dan guru SMA/MA di kabupaten A;Semua siswa SMA/MA dan anak yang seusia SMA/MA di kabupaten A;B
11;Dua buah dadu dilemparkan dua kali. Jika variabel acak x menyatakan jumlah hasil kedua dadu, nilai X = ........;(1,2,3,4,5,6);(2,3,4,5,6,7,8,9,10,11);(2,3,4,5,6,7,8,9,10,11,12);(1,2,3,4,5,6,7,8,9,10,11,12);(0,1,2,3,4,5,6,7,8,9,10,11,12);C
11;Sepasang pengantin baru merencanakan mempunyai 3 anak. Jika variabel acak X menyatakan banyak anak perempuan, nilai X = ......;-3;(1,2,3);(0,1,2,3);-1,2;(1,2,3);C
11;Variabel acak X menyatakan banyak hasil gambar pada pelemparan 3 keping mata uang logam. Nilai P(X=2) adalah ......;01-Aug;02-Aug;05-Aug;03-Aug;04-Aug;D
11;Dari sebuah kantong yang berisi 3 kelereng merah dan 4 kelereng putih diambil 2 kelereng sekaligus. Variabel acak X menyatakan banyak kelereng merah yang terambil. Nilai P(X=0) adalah .......;01-Jul;02-Jul;May-14;04-Jul;16/21;A
11;Variabel acak X menyatakan banyak mata dadu yang muncul pada pelemparan sebuah dadu. Nilai P(X<2) adalah .....;01-Jun;01-Apr;01-Mar;01-Feb;02-Mar;A
11;Sekotak lampu berisi 8 lampu dengan 3 di antaranya rusak. Dari dalam kotak tersebut diambil 2 lampu secara acak. Pengambilan dikatakan sukses jika keduanya tidak rusak. Peluang diperoleh hasil sukses adalah .......;05-Dec;03-Aug;Mar-20;May-14;05-Aug;D
11;Sebuah dadu dilemparkan 20 kali. Peluang diperoleh hasil 6 sebanyak 12 kali dapat dituliskan .....;20C8 x (1/6)^22 x (1/6)^8;20C8 x (1/6)^12 x (5/6)^8;20C8 x (1/6)^12 x (1/6)^8;20C8 x (1/6)^12 x (5/6)^8;20C12 x (1/6)^12 x (1/6)^12;B
11;Tiga keping mata uang logam dilemparkan bersama. Hasil lemparan dikatakan sukses jika ketiga keping mata uang terbuka pada sisi yang sama. Jika lemparan dilakukan sebanyak 4 kali, peluang diperoleh sukses sebanyak 3 kali adalah .....;Jan-64;Mar-16;Mar-64;01-Apr;Jan-16;C
11;Hak cipta juga dikenal dengan istilah...;photocopy;copy writer;copyright;copy editor;hard copy;C
11;Sikap yang tepat terhadap sebuah hasil karya adalah...;acuh tak acuh;menghina;mengejek;menghargai;mengolok-olok;D
11;Menghargai karya orang lain temasuk akhlak...;mahmudah;mazmunah;kabihat;khabisah;sayyiah;A
11;Pembajakan terhadap sebuah hak cipta dikenal juga dengan istilah...;illegal action;illegal condition;illegal operation;illegal copy;illegal copy;D
11;Berikut ini yang tidak termasuk yang hak ciptanya dilindungi oleh undang-undang adalah...;program komputer;karya pertunjukan;kerawitan dan rekaman suara;pidato kenegaraan;sinematografi;D
11;Tindakan pembajakan terhadap sebuah hasil karya temasuk akhlak...;mahmudah;karimah;mazmudah;jamilah;kamilah;C
11;"Berikut ini yang tidak temasuk arti kata ""menghargai"" dalam kamus besar bahasa Indonesia adalah...";memberi harga;memberi uang;memandang penting;menilai;menghormati;B
11;"Penilaian sebagai respon terhadap hasil karya dengan ungkapan seperti ""wah, bagus nih!"" atau ""wow, sempurna!"" disebut penilaian...";instruksi;meluas;aspersepsi;sepintas;sepintas;D
11;Penilaian sebagai respon terhadap hasil karya dengan secara lebih mendalam seperti menyelidiki apa latar belakang kreatornya, dan tujuan diciptakannya karya tersebut disebut penilaian...;instruksi;meluas;aspersepsi;interprestasi;sepintas;D
11;Contoh perilaku menghargai hasil karya orang lain adalah...;tidak memanfaatkan hasil karya orang lain;tidak membajak hasil karya orang lain;tidak memperdulikan hasil karya orang lain;tidak memuji hasil karya orang lain;tidak mengagumi hasil karya orang lain;B
11;Pertahanan dengan menjaga satu lawan ke mana mereka bergerak agar tidak dapat menguasai bola disebut ...;pertahanan bodi;pertahanan daerah;pertahanan pressing;pertahanan man to man;pertahanan tertutup;D
11;Pola pertahanan yang paling kompleks, dimana setiap pemain menjaga lawannya dengan tiba-tiba berpindah tempat adalah ...;pola melakukan gerakan tersusun;pola bermain menghadapi;pola mencari ruang kosong;pola man to man dan zona defence;pola zone defence;D
11;Meluncur menjatuhkan badan untuk menghindari lawan disebut ...;sliding;ball running;home plate;home base;base runner;A
11;Pelambung dalam permainan softball disebut ...;catcher;pitcher;runner;butter;striker;B
11;Dalam lompat tinggi gaya straddle, bagian tubuh yang melewati mistar lebih dahulu adalah ...;tangan;kepala;kaki ayun;pantat;bahu;C
11;Gaya straddle dapat dibedakan dengan gaya lainnya, yaitu dari pelaksanaannya saat ...;berkonsentrasi;awalan;tolakan;melewati mistar;melewati mistar;D
11;Untuk mengetahui kekuatan daya ledak otot kaki, biasanya menggunakan tes ...;vertical jump;horizontal jump;squats jump;squats thrust;step jump;A
11;Pada lompat jongkok di atas peti lompat, tolakan dilakukan setelah ...;di atas peti lompat;awalan;mendarat;melewati peti lompat;mengangkat;A
11;Dalam olahraga renang sering terjadi kecelakan yang memerlukan pertolongan yang cepat dan tepat. Teknik pertolongan yang menggabungkan antara pernapasan buatan dengan penekanan dada disebut ...;resusitasi jantung;resusitasi paru-paru;resusitasi saraf;resusitasi jantung dan paru-paru;resusitasi jantung dan saraf;D
11;Cara menolong orang di kolam atau air dengan teknik renang gaya ...;bebas;kupu-kupu;dolpin;bebas dan kupu-kupu;injak-injak air;C
11;Untuk penyelamatan air, penolong harus bersikap ...;binggung;panik;tergesah-gesah;tenang;sembrono;D
11;Berikut ini masa antara masuknya HIV ke dalam tubuh manusia sampai terbentuknya antibodi terhadap HIV yang dapat menularkan HIV kepada orang lain, kecuali ...;2-6 hari;6 minggu-2 bulan;2-6 minggu;2-6 bulan;2-6 tahun;A
11;Berdasarkan hasil survei, yang paling banyak menjadi korban dari penyakit AIDS adalah ...;bayi;anak-anak;remaja/dewasa muda;orang tua;manula;C
11;HIV/AIDS tergolong penyakit ...;menular;turunan;tidak menular;bawaan lahir;mental;A
11;Nama virus dari penyakit AIDS adalah;H2O;H2N1;HIV;SIV;FIV;C
11;Jangka waktu setelah terjadi penularan sampai dengan timbulnya gejala penyakit disebut ...;inkubator;penularan;inkubasi;terapi;infeksi;C
11;Penyakit AIDS secara klinis baru akan menampakka gejalanya antara ...;1-5 tahun;3-5 tahun;1-10 tahun;3-10 tahun;5-15 tahun;C
11;Berikut ini merupakan gejala minor penderita AIDS adalah ...;batuk menetap lebih dari 1 tahun;demam;dermafitis generalisata yang gagal;adanya herpes zosfer multi segemental;infeksi jamur berulang pada alat kelamin wanita;B
11;Penyebab utama penularan HIV/AIDS adalah ...;se*s menyimpang;narkotika;transfusi darah;ibu hamil;menyusui;A
11;AIDS disebebkan oleh ...;HIV;influenza;polio;flu burung;morbilli;A
11;Berikut ini merupakan organisasi kesehatan dunia PBB adalah ...;WHO;UNESCO;UNICEF;IBRD;WTO;A
11;Peraturan-peraturan sepak bola yang baku dikeluarkan oleh organisasi sepak bola dunia, yaitu ...;FIG;FIFA;NBA;AFC;WBC;B
11;Juara dunia sepak bola World Cup 2010 adalah;Brasilia;Inggris;Spanyol;Italia;Jerman;C
11;Gerakan mengangkat tubuh dalam posisi kedua tangan memegang pala tunggal adalah ...;sit up;back up;push up;pull up;stand up;D
11;Peserta lompat tinggi dinyatakan gugur apabila telah gagal melompat sebanyak ...;1 kali;2 kali;3 kali;4 kali;5 kali;C
11;Pola pertahanan satu jaga satu di daerah pertahanan dinamakan ...;man to man;zone marking;zona defence;total marking;total football;A
11;Pola pertahanan yang paling kompleks, di mana setiap pemain menjaga lawannya dan dengan tiba-tiba berpindah tempat adalah ...;man to man;zone marking;zona bebas;man to man dan zona defence;man pressing;D
11;Dalam susunan pemain sepak bola, pemain yang bebas disebut ...;libero;penyerang;pertahanan;penjaga gawang;center back;A
11;Di bawah ini yang bukan pola pertahanan dalam permainan sepak bola adalah ...;3-2-2-3;02/04/2004;05/03/2002;38386;03/02/2005;D
11;Jumlah pemain softball dalam setiap regu adalah ...;11 orang;9 orang;7 orang;5 orang;4 orang;B
11;Waktu yang digunakan dalam permainan softball disebut ...;inning;quarter;babak;bagian;ronde;A
11;Gaya straddle disebut juga gaya ...;gunting;lompat pagar;dada;guling perut;gaya samping;D
11;Panjang awalan lompat tinggi gaya straddle adalah ...;7-9 langkah;8 langkah;8-10 langkah;11 langkah;6-8 langkah;A
11;Berikut ini yang termasuk variasi teknik dasar sepak bola, kecuali ...;menendang bola;menggiring bola;menyundul bola;membuang bola;mengumpan bola;D
11;Untuk menghindari pukulan lawan, maka gerakan yang harus dilakukan adalah ...;mengelak;menebak;menangkis;mengindar;mengindar;D
11;Sasaran gerakan memukul adalah ...;dada;leher;paha;kepala;kaki;A
11;Nama induk organisasi pencak silat Indonesia adalah ...;PSSI;PPSI;PEPSI;IPSI;Perbasi;D
11;Berikut ini yang bukan termasuk serangan tangan melalui atas adalah ...;ketok;patuk;tumbuk;bandul;tebak;D
11;Tes kebugaran jasmani yang dilakukan dengan berbaring dan duduk disebut dengan latihan ...;sit up;pull up;push up;back up;stand up;A
11;Landasan idiil politik luar negeri Indonesia adalah...;Pancasila;UUD 1945;Keppres;Keputusan Menteri Luar Negeri;Tap MPR;A
11;Sebagai sponsor bagi berbagai perundingan perdamaian antarnegara yang sedang dilanda konflik, yaitu peranan organisasi...;PBB;Mahkamah Internasional;sekretariat;dewan ekonomi;dewan keamanan PBB;A
11;Pemrakarsa berdirinya ASEAN dari negara Filipina adalah...;Adam Malik;Narsico Ramos;Tun Abdul Rajak;S. Rajaratnam;Thanat Khoman;B
11;Berikut ini yang dimaksud dengan Charter adalah bentuk perjanjian internasional...;digunakan untuk menyelesaikan persoalan yang menyangkut bidang politik dan keamanan;digunakan oleh berbagai negara untuk melakukan perjanjian dengan beberapa negara;sifatnya menambah dan mengubah ketentuan-ketentuan pada perjanjian;mengikat pihak-pihak yang terlibat di dalamnya;mengatur anggaran dasar suatu organisasi internasional;D
11;Perjanjian internasional mulai berlaku dan mengikat pada waktu...;perundingan;ditandatangani;disetujui parlemen;diratifikasi;diundangkan;D
11;Selain untuk mewakili pemerintah negaranya, ia juga dapat melakukan protes, mengadakan penyelidikan, pertanyaan dengan pemerintah negara penerima, yaitu...;negoisasitan;proteksi;persahabatan;representasi;representasi;D
11;Perjanjian antara Indonesia dengan Belanda mengenai...;garis-garis wilayah;normalisasi hubungan dimplomatik;normalisasi hubungan kedua negara;penyerahan Irian Barat;penyerahan Irian Barat;D
11;Hubungan internasional atau hubungan antarbangsa dapat berupa hubungan antara...;orang perorang;kelompok orang;orang perorang, kelompok, dan antaranegara;negara;orang perorangan atau antarkelompok;C
11;Berikut ini yang bukan salah satu sebab suatu perjanjian internasional berakhir...;tujuan perjanjian itu sudah tercapai;terdapat perubahan mendasar yang memengaruhi pelaksanaan perjanjian;dibuat suatu perjanjian baru yang menggantikan perjanjian lama;yang membuat perjanjian sudah tidak ada;yang membuat perjanjian sudah tidak ada;D
11;Penggunaan berbagai macam istilah untuk perjanjian internasional sesungguhnya menunjukkan...;keragaman isi perjanjian;tingkat pentingnya perjanjian;tidak ada perbedaan;bentuk yang meragukan negara-negara;perbedaan yang perlu ditegaskan;B
11;Tahap-tahap dalam perjanjian internasional adalah...;negoisasi, ratifikasi, dan realisasi;negoisasi, persetujuan, dan ratifikai;proses verbal, persetujuan, dan ratifikai;negoisasi, penandatanganan, dan ratifikasi;pertukaran nota, persetujuan, dan ratifikasi;B
11;Mengadakan bimbingan dan pengawasan terhadap warga negara yang ada di wilayah kerjanya, merupakan fungsi dari...;diplomatik;konsuler;atase-atase;duta besar;PBB;B
11;Hubungan antarbangsa mutlak dilakukan oleh negara manapun di dunia, kecuali...;setiap negara mempunyai kepentingannya sendiri-sendiri;tujuan setiap negara berbeda-beda;pada zaman modern ini mustahil suatu bangsa mampu mencukupi semua kebutuhannya tanpa bantuan negara lain;adanya kerja sama ekonomi dan perdagangan;meningkatkan kebutuhan setiap bangsa sejalan dengan kemajuan teknologi;A
11;Perjanjian-perjanjian internasional yang berisikan prinsip-prinsip dan ketentuan-ketentuan yang berlaku secara umum, yaitu...;law of coordination;law of power;treaty contracts;law making trites;law making trites;D
11;Hukum internasional yang mengatur negara yang satu dengan lainnya dalam hubungan internasional disebut...;hukum internsional tertulis;hukum perdata internasional;hukum internasional tidak tertulis;hukum publik internasional;hukum antarbangsa;B
11;Berikut ini yang tidak termasuk subjek hukum internasional adalah...;zona perang;tahkta suci;palang merah internasional;organisasi internasional;negara;A
11;Di bawah ini yang termasuk subjek-subjek hubungan internasional, kecuali...;organisasi internasional;diplomasi;hukum internasional;negara;negara;D
11;Setiap warga negara di manapun  berada, tetap berada di bawah jangkauan hukum negara asalnya, yaitu...;asas teritorial;asas kebangsaaan;asas kepentingan umum;asas equality;asas sunt servada;B
11;berikut ini yang bukan merupakan sumber hukum formal yang dijadikan acuan untuk menyelesaikan sengketa internasional, yaitu...;perjanjian internasional;kebiasaan internasional;asas hukum yang diakui oleh negara;organisasi internasional;organisasi internasional;D
11;Sesuatu yang menyebabkan perbedaan pendapat, pertengkaran, atau perselisihan di antara anggota masyarakat internasional, baik negara, organisasi internasional, maupun individu adalah pengertian...;sebab sengketa internasional;masalah internasional;sengketa internasional;cara menyelasaikan masalah-masalah internasional;Mahkamah Internasional;C
11;Demokrasi terpimpin adalah ...;demokrasi berdasarkan hikmat kebijaksanaan dalam permusyawaratan/perwakilan;segala keputusan di tangan pemimpin;kekuasaan di tangan rakyat;demokrasi yang dijiwai nilai-nilai pancasila;demokrasi yang dipimpin oleh rakyat;A
11;Pengertian politik meliputi sebagian etiek dan politik sebagai teknik, pengertian tersebut adalah pendapat ...;Roger H. Soltou;Kraneburg;John Locke;Hans Kelsen;Hans Kelsen;D
11;Budaya politik di mana tingkat partisipasi politiknya rendah, merupakan jenis budaya politik ...;partisipan;parokial;kaula;pasif;kolonial;B
11;Pada budaya politik parokial tingkat partisipasi masyarakat rendah, disebabkan oleh rendahnya ...;tingkat pendidikan;tingkat ekonomi;kesadaran berdemokrasi;sikap politik;kepedulian masyarakat;A
11;Budaya politik yang berkembang di masyarakat Indonesia sekarang adalah ...;budaya politik kaula;budaya politik pasif;budaya politik kolonial;budaya politik partisipan;budaya politik partisipan;D
11;Di bawah ini yang merupakan agen sosialisasi politik adalah ...;kelompok kepentingan;pemerintah;kelompok mayoritas;partai politik;partai politik;D
11;Kegiatan yang berkenaan dengan proses pembuatan dan pelaksanaan keputusan politik adalah pengertian dari ...;sikap politik;perilaku politik;opini politik;partisipasi politik;budaya politik;B
11;Sikap politik di mana warga negara aktif dan reaktif serta suka menanggapi suatu keadaan adalah...;radikal;moderat;reaksioner;konservatif;liberal;C
11;Di bawah ini yang bukan merupakan partisipasi dalam bidang politik adalah ...;menghadiri rapat umum;menyampaikan aspirasi melalui media massa;berdiskusi dengan keluarga;membantu korban bencana alam;memberikan suara dalam pemilu;D
11;Agen sosialisasi politik adalah ...;keluarga;sekolah;teman sebaya;media massa;partai politik;C
11;Tujuan sosialisai remaja adalah ...;menjadikan warga negara memiliki pengetahuan politik;menjadi warga negara berperan aktif;mendorong warga negara berpolitik;agar negara memiliki perilaku politik;agar warga negara berpartisipasi politik;A
11;Dampak negatif dari kebebasan reformasi adalah ...;semua oarang minta diakui hak asasinya;bebas melakukan apa saja;semua orang bebas memiliki apa saja;ekspresi kebebasan dengan tindakan anarkis dan destruktif;ekspresi kebebasan dengan tindakan anarkis dan destruktif;D
11;Budaya politik partisipan dikelompokan dalam dua bentuk, yaitu bentuk konvensional dan nonkonvensional adalah pendapat ...;J.J. Rousseau;John Locke;Roger H. Soltou;Gabriel Almond;Montesquieu;D
11;Di bawah ini hal-hal yang mendorong gerakan ke arah partisipasi politik dalam proses politik menurut Myna Weiner, kecuali ...;modernasasi;demonstrasi;pengaruh kaum intelektual dan komunikasi massa modern;konflik antara kelompok pemimpin politik;perubahan-perubahan struktual;B
11;Lahirnya LSM berfungsi sebagai ...;pendukung kebijakan pemerintah;menyampaikan aspirasi rakyat;kontrol kebijakan pemerintah;adat istiadat Indonesia;keanekaragaman budaya Indonesia;C
11;Demokrasi Pancasila bersumber pada ...;tata nilai budaya bangsa Indonesia;karakteristik bangsa Indonesia;nilai-nilai budaya bangsa;adat istiadat bangsa;keanekaragaman agama budaya Indonesia;A
11;Demokrasi adalah pemerintahan dari, oleh, dan untuk rakyat. Merupakan pendapat dari ...;F.D Roosevelt;Bingham Powell;J.J Rousseau;Abraham Lincoln;Montesquieu;D
11;Salah satu karakter masyarakat madani adalah ruang lingkup publik yang bebas sebagai sarana mengemukakan pendapat, merupakan pengertian ...;toleran;free publik sphere;demokratis;keadilan sosial;pluralis;B
11;Di bawah ini merupakan contoh  dari bentuk nyata masyarakat madani secara sederhana yang telah ada dan berkembang di masyarakat sejak zaman dulu adalah ...;musyawarah;tepa selira;saling menghargai;gotong royong;saling memaafkan;D
11;Masyarakat madani yang ingin dibangun bangsa Indonesia adalah masyarakat demokrasi yang cerdas dan ...;maju;modern;reformasi;agamis;sekuler;D
11;Berlakunya sistem pemerintahan parlementer berdasarkan ...;Maklumat Pemerintah Tanggal 3 November 1945;UUD 1945;UUDS;Maklumat  Wakil Presiden No. X Tahun 1945;Dekrit Presiden;A
11;Pemilu dilaksanakan serentak di seluruh tanah air dan berlaku bagi semua warga negara yang telah memenuhi persyaratan tertentu, merupakan asas ...;umum;langsung;bebas;rahasia;adil;A
11;Dekrit Presiden 5 Juli 1959 berarti Indonesia kembali kepada UUD 1945 dengan sistem demokrasi ...;liberal;Pancasila;parlemen;terpimpin;komunis;D
11;Proses sosialisasi politik diselenggarakan melalui cara-cara sebagai berikut, kecuali ...;ceramah-ceramah;penerangan;kursus kader;kekerasan;kekerasan;D
11;Jumlah partai politik peserta pemilu 2004 adalah ...;20 partai politik;21 partai politik;22 partai politik;24 partai politik;24 partai politik;D
11;Manfaat mempelajari budaya politik adalah ...;masyarakat lebih mudah  berpartisipasi  dalam politik;menentukan sikap politik setiap individu;mengetahui sikap-sikap warga negara terhadap sistem politik;mengetahui partisipasi politik masyarakat;mencegah sikap politik negatif;C
11;Sikap pemerintah pada era reformasi adalah mendukung kebebasan masyarakat, dengan dikeluarkan UU No.40 Tahun 1999 tentang ...;Penyiaran;Pers;Kebebasan menyampaikan pendapat  di muka umum;Pemilu;Kemerdekaan berserikat dan berkumpul;B
11;Berikut ini yang bukan termasuk karakter khas masyarakat madani adalah ...;demokratis;toleran;pluralis;bebas;bebas;D
11;Berikut ini yang bukan merupakan unsur-unsur budaya berupa perilaku yang nyata adalah ...;nilai-nilai;kepercayaan;agama;norma;perilaku manusia;C
11;Faktor penyebab tingkat partisipasi politik masyarakat rendah pada budaya politik parokial adalah...;rendahnya tingkat pendidikan;rendahnya tingkat ekonomi;rendahnya kesadaran berdemokrasi;rendahnya sikap politik;rendahnya kepedulian masyarakat;A
11;Fungsi konsititusi adalah sebagai berikut. Kecuali...;menjamin hak-hak asasi manusia;membatasi periaku pemerintahan;menentukan lembaga negara bekerja sama satu sama lain;menentukan hubungan antarnegara;menentukan hubungan antarnegara;D
11;Kedudukan Pancasila sebagai dasar negara tertuang dalam...;GBHN;Pembukaan UUD 1945;UUD 1945;Batang Tubuh UUD 1945;Tap MRP RI;B
11;Berikut ini adalah faktor-faktor yang menjadi dasar penyusunan konstitusi, kecuali...;ideologi;sejarah;dasar negara;kondisi ekonomi;kondisi ekonomi;D
11;Pendirian-pendirian atau keyakinan mengenai dunia sebagai keseluruhan dan kedudukan manusia didalamnya dan pendirian-pendirian atau keyakinan-keyakinan tentang nilai-nilai, makna, dan tujuan hidup manusia disebut...;Piagam Jakarta;dasar negara;pandangan hidup;ideologi negara;ideologi negara;D
11;Segala kelompok cita-cita, nilai-nilai dasar, dan keyakinan-keyakinan yang mau dijunjung tinggi sebagai pedoman nomatif disebut...;konstitusi negara;ideologi;dasar negara;pandangan hidup;filsafat negara;D
11;Motivasi untuk mencapai dan mempertahankan serta mengisi kemerdekaan dapat diungkapkan secara objektif dalam Pembukaan UUD 1945 alinea...;pertama;kedua;ketiga;keempat;kedua dan ketiga;B
11;Sebagai ideologi nasional bangsa Indonesia, Pancasila berperan sebagai...;dasar pembentukan Indonesia merdeka;untuk mewujudkan cita-cita dan tujuan nasional bangsa Indonesia sebagaimana dirumuskan dlaam Pembukaan UDD 1945;mempersatukan bangsa, memelihara, dan mengukuhkan persatuan dan kesatuan;pedoman dalam menggunakan hak dan kewajiban;dasar hubungan antarwarga negara dengan negara, melainkan juga dasar bagi perhubungan antarwarga negara;B
11;UUD 1945 sebagai konstitusi Negara Kesatuan Republik Indonesia ditetapkan sebagai sumber huum dan atau urutan perundang-undangan RI melalui...;UU No. 30/2003;Tap. MPR No. III/MPR/2000;PP No. 10/2000;UU No. 23/2003;UU no. 22/1999;B
11;Suatu konstitusi memuat beberapa hal pokok yang harus diatur dalam negara, antara lain, kecuali...;tujuan negara;lembaga negara;perubahan negara;hak asasi manusia;sanksi;C
11;Pancasila tidak hanya menjadi dasar hubungan antarwarganegara dengan negara, melainkan juga sebagai...;usaha memahami situasi sosial tertentu;pedoman sebagai dasar negara;wujud dari cita-cita dan tujuan nasional bangsa Indonesia;dasar perhubungan antarwarga negara;dasar pembentukan negara merdeka;C
11;Pengertian konstitusi adalah...;hukum dasar tertulis dan tidak tertulis;hukum dasar tertulis saja;peraturan tidak tertulis;kebiasaan ketatanegaraan;himpunan keputusan hakim;A
11;Norma hukum tertinggi di Indonesia adalah...;UUD 1945;Pancasila;konvensi;konstitusi;undang-undang;B
11;Setiap manusia memiliki kepentingan dan kebutuhan. Agar kepentingan dan kebutuhan manusia bisa terpenuhi dengan tertib, maka perlu dibuat hal-hal sebagai berikut, kecuali...;konstitusi;perjanjian;kesepakatan;organisasi;peraturan;D
11;Perbedaan ideologi Pancasila dengan liberalisme di bidang politik, yaitu dalam ideologi Pancasila yang mengutamakan keseimbangan antara...;persamaan pendapatan dan oposisi yang bersifat liberal;kebebasan partai politik dan pembatasan partai politik;kepentingan masyarakat dan kebebasan individu;sistem banyak partai dan sistem dua partai politik;sistem presidensial dan sistem parlementer;C
11;Negara yang pemerintahanya tidak mempunyai undang-undang dasar tertulis adalah...;Thailand;Inggris;Amerika Serikat;Perancis;Kanada;A
11;Kewarganegaraan seseorang yang diperoleh dengan cara melakukan tindakan-tindakan hukum tertentu disebut...;opsi;naturlasisasi;repudiasi;apatride;bipatride;B
11;Berikut ini adalah kewajiban negara terhadap warga negaranya, kecuali diwajibkan negara untuk...;menjamin sistem hukum yang adil;menjamin hak asasi warga negara;memberi kebebasan beribadah;mengembangkan pendidikan untuk rakyat;memberikan jaminan sosial;A
11;Menurut Undang-undang Darurat RI yang termuat dalam Lembaran Negara 1955 Nomor 33 tentang Kependudukan di Indonesia, yang dimaksud orang asing yang menjadi penduduk negara Indonesia adalah...;selama orang asing itu menetap di Indonesia;selama orang tersebut bekerja di Indonesia;selama orang tersebut setia terhadap Indonesia;orang itu bersuamikan orang Indoneisa;orang itu diadopsi oleh orang Indonesia;A
11;Untuk menetap di Indonesia, orang asing harus...;bekerja dan belajar di Indonesia;mendapat izin bertempat tinggal dari pemerintah Indonesia;memiliki visa masuk ke negara Indonesia;memiliki paspor dan visa yang disahkan oleh kantor imigrasi;memiliki saudara yang bertempat tinggal di Indonesia;D
11;Perbedaan pokok antara warga negara Indonesia dengan warga negara asing di Indonesia terletak pada...;pekerjaan tetapnya;lamanya berdomisili;tempat kelahirannya;hak dan kewajibannya;hak dan kewajibannya;D
11;Masalah kewarganegaraan Republik Indonesia yang baru diatur dalam UU Nomor 12 Tahun 2006 tentang...;Pewarganegaraan Republik Indonesia;Berkebangsaan Republik Indonesia;Tata Cara Menjadi Warga Negara Republik Indonesia;Kewarganegaraan Republik Indonesia;Warga Negara Republik Indonesia;D
11;Mereka yang berdiam di dalam suatu negara atau menjadi penghuni negara disebut...;bangsa;rakyat;warga negara;penduduk;bukan penduduk;D
11;Hak untuk menolak kewarganegaraan tertentu diebut...;hak opsi;stelsel pasif;apatride;hak repudiasi;hak repudiasi;D
11;Menurut peraturan Hindia Belanda, penghuni tanah air Indonesia yang bukan orang asing, disebut...;pribumi;timur asing;penduduk asli;kaula negara Belanda;abdi negara Belanda;A
11;Apabila seorang warga negara dari suatu negara yang menganut asas ius sanguinis melahirkan anak di negara yang menganut asas ius soli, maka anak tersebut memiliki kewarganegaraan rangkap yang disebut...;apartheid;apartride;bipatride;stelsel aktif;stelsel pasif;C
11;Asas kewarganegaraan suatu negara yang ditetapkan menurut keturunan darah orang tuanya disebut asas...;ius soli;ius sanguinis;ius naturalisasi;ius nelius;ius melius;B
11;Hak untuk memilih sesuatu kewarganegaraan tertentu disebut...;hak opsi;stelsel pasif;apatride;stelsel aktif;hak repudiasi;A
11;Seseorang yang dianggap menjadi warga negara dengan sendirinya tanpa melakukan tindakan hukum tertentu disebut...;naturalisasi;repudiasi;opsi;stelsel pasif;stelsel aktif;D
11;Menurut UU Nomor 12 Tahun 2006, yang menjadi warga negara Indonesia adalah setiap orang yang berdasarkan peraturan perundang-undangan dan/atau berdasarkan perjanjian Pemerintah Republik Indonesia dengan negara lain sebelum undang-undang ini berlaku sudah menjadi...;warga negara Belanda;warga negara Indonesia;warga negara asing;kaula negara Belanda;kaula timur asing;B
11;Seorang yang tidak mempunyai status kewarganegaraan disebut dengan istilah...;opsi;naturalisasi;repudiasi;apatride;bipatride;D
11;Demokrasi di negara komunis, sesungguhnya yang mengendalikan kekuasaan pemerintahan adalah...;perdana menteri;presiden;parlemen;polibiro;polibiro;D
11;Melalui pendidikan politik, generasi muda diharapkan mengembangkan sikap seperti di bawah ini, kecuali...;pemahaman tentang demonstrasi;pemahaman tentang demokrasi;kemampuan berpartisipasi dalam kehidupan demokratis;keterampilan berpikir kritis;kesetiaan terhadap moral demokrasi;A
11;Ilmu politik adalah ilmu yang mempelajari negara, tujuan-tujuan negara, dan lembaga yang akan melaksanakan tujuan-tujuan itu, serta hubungan antara negara dengan masyarakat, yaitu pendapat...;J. Barents;Roger F. Soltau;Adilth Grabowsky;Miriam Budiarjo;Niccolo Machiavelli;B
11;Perilaku manusia dalam bidang politik adalah...;mengikuti siskamling;ikut rapat komite sekolah;mengunjungi kelompok kepentingan;mengikuti kampanye partai;kegiatan bakti sosial;D
11;Rangkaian kumpulan atau variabel yang saling mengait sehingga terbentuk satu kesatuan disebut...;sistem;variabel;unsur;bagian;sistem politik;A
11;Menurut Sigmund Neumann, fungsi partai politik pada negara komunis adalah untuk...;melahirkan tindakan-tindakan terhadap penentang penguasa;mediator bagi aspirasi-aspirasi rakyat di parlemen;mengendalikan aspek kehidupan rakyat secara monopolitik;mewujudkan keadaan negara yang sama rata dan sama rasa;kemakmuran rakyat yang sebesar-besarnya secara totalitas;D
11;Sesuai dengan prinsip-prinsip bebas yang bertanggung jawab, media massa seharusnya mengabdi pada...;kepentingan penguasa negara;kesejahteraan bersama warga masyarkat;kepentingan pemilik modal yang membiayai media massa;kesejahteraan bersama para karyawan media massa;kepentingan partai politik yang sedang berkuasa;B
11;Memperjuangkan dan menyalurkan aspirasi anggota partai poitik, merupakan salah satu dari...;keinginan partai politik;fungsi partai politik;tujuan partai politik;cita-cita partai politik;harapan partai politik;B
11;Partai politik akan tumbuh subur di negara yang menganut paham...;komunis;sosialis;demokrasi;fasis;republik;C
11;Mengembangkan demokrasi Pancasila merupakan salah satu dari...;keinginan partai politik;fungsi partai politik;tujuan partai politik;cita-cita partai politik;harapan partai politik;C
11;Ilmu politik adalah ilmu mengenai kelakuan politik dan dipelajari sebagai suatu sistem politik, mempunyai empat variabel sebagai berikut, kecuali...;budaya politik;kepentingan sebagai tujuan;kebiasaan berpolitik;kebijakan (policy);kekuasaan;C
11;Sebagai sarana mengartikulasikan dan mengapresiasi kepentingan, merupakan salah satu dari...;keinginan partai politik;tujuan partai politik;fungsi partai politik;cita-cita partai poitik;harapan partai politik;C
11;Dalam kehidupannya, setiap bangsa dan negara harus mampu...;menolak perubahan agar bisa menjaga stabilitas negara;mengelola perubahan dan memelihara stabilitas negara;mengutamakan perubahan walau harus mengorbankan stabiitas negara;mengutamakan stabilitas negara walau harus mengorbankan perubahan;merombak secara keseluruhan tatanan yang ada;B
11;Mereka yang meyakini sebagian besar pandangan Marx mengenai komunisme dan sejarah, serta memakai metode analisisnya disebut...;neo-Marxis;Marxisme;pasca-Marxis;pendukung Marx;pengagum Marx;B
11;Salah satu perbedaan antara ideologi Pancasila dengan ideologi liberal di bidnag politik tampak dalam...;besar kecilnya partisipasi masyarakat dalam pemerintahan;banyak sedikitnya partai politik yang boleh hidup;partisipasi antar partai untuk mendapatkan kekuasaan;caranya dalam mengambil keputusan pemerintahan;syarat umum dalam mengikuti pemilihan umum;D
11;Setelah runtuhnya kaum feodal muncul aliran baru yang didasari oleh rasa cinta kasih sesama manusia yang disebut dengan aliran...;romantisme;humanisme;pragmatisme;idealisme;#;b
11;Seni rupa Jepang yang terkenal salah satunya adalah seni merangkai bunga yang disebut...;toramatzu;hokaido;ikebana;bonsai;ikana;c
11;Patung berkepala manusia dan berbadan singa yang terdapat di Mesir disebut...;mastaba;Spinx;minalpha;ninipeh;amonra;b
11;Seni rupa bangsa Thailand sangat kuat dipengaruhi oleh ajaran agama...;Hindu;Budha;Islam;Shinto;Kong Hu Cu;b
11;Bahan utama untuk membuat vas bunga adalah...;batu;kayu;tanah liat;tulang;bambu;c
11;Untuk membuat sebuah vas bunga dengan bahan dasar tanah liat dapat menggunakan teknik berikut ini, kecuali...;membentuk;putar;membutsir;mencetak;memilin;d
11;Hal pertama yang diperlukan oleh seorang seniman dalam menghasilkan karya-karyanya adalah...;alat-alat perlengkapan;media;biaya;ide atau gagasan;perencanaan;d
11;Seorang seniman menghasilkan gagasan dalam membuat sebuha hasil karya seninya berdasarkan...;pengalaman hidupnya;kondisi ekonominya;cita rasa seninya;lingkungannya;kondisi emosionalnya;b
11;Kegiatan untuk menampilkan sebuah hasil seni kriya kepada publik disebut...;pergelaran;pameran;lelang;seminar;lokakarya;b
11;Teknik yang dapat digunakan dalam penciptaan karya seni kriya sehingga dapat menghasilkan karya dengan cepat dan berjumlah banyak adalah...;handmade;handmade dengan bantuan perlatan;mekanisasi;tradisional;alamiah;c
11;Gambar yang ditemukan dari tarikan garis menuju ke satu titik atau lebih yang berfungsi untuk melihat bentuk sesuai dengan bentuk aslinya disebut proyeksi...;orthogonal;vertikal;horizontal;sentral;frontal;d
11;Langkah pertama yang harus dilakukan dalam membuat sebuah pameran hasil karya adalah...;menentukan bahan pameran;membuat proposal;membuat desain interior pameran;menaata barang  atau benda seni;menghitung biaya yang akan dikeluarkan;b
11;Sebuah hasil karya musik dikatakan baik dan berkualitas salah satunya adalah apabila...;menggunakan nada-nada yang sulit;aransemen musik sangat susah untuk diikuti;memiliki pola nada dan irama yang menarik;mudah untuk disesuaikan dengan alat musik;tidak mudah untuk dilakukan perubahan aransemen;c
11;Musik dangdut adalah jenis musik yang tidak termasuk ke dalam jenis musik tradisional nusantara karena...;dipengaruhi oleh jenis musik dari Eropa;musik tersebut berasal dari India;tidak mencerminkan budaya asli bangsa Indonesia;aslinya musik tersebut adalah musik Melayu;menggunakan alat-alat musik modern;d
11;Musik nontradisional mempunyai peranan seperti di bawah ini, kecuali...;sebagai identitas diri suatu masyarakat atau bangsa;sebagai sarana dalam pendidikan baik formal maupun nonformal;dapat menanamkan rasa nasionalisme;sebagai media untuk menunjukkan ciri khas dari sebuah bangsa;sebagai media untuk menunjukkan ciri khas dari sebuah bangsa;D
11;Melalui musik nontradisional dapat menunjukkan identitas sebuah bangsa yang dpaat terlihat melalui...;alat musik yang digunakan;jenis musik yang digunakan;arransemen yang digunakan;bahasa yang digunakan;pesan yang disampaikan;d
11;Melalui musik dapat meningkatkan solidaritas internasional karena musik...;menggunakan bahasa yang universal;berisi nilai yang universal;tidak pernah berbohong;menawarkan kebahagiaan dan kesenangan;membius pendengar untuk berimajinasi;b
11;Jenis musik nontradisional yang sangat digemari oleh generasi muda pada umumnya adalah jenis musik...;seriosa;dangdut;keroncong;populer;hawaian;d
11;Musik dangdut merupakan perpaduan antara jenis musik...;melayu, pop, dan rock;jazz, melayu, dan pop;pop, rock, dan jazz;melayu, India, dan rock;rock, melayu, dan jazz;d
11;Sebuah lagu dengan jenis dangdut disukai masyarakat kebanyakan karena...;arransemen musiknya memiliki kesulitan yang tinggi;pesan moral yang dibawa sangat tinggi;mengumbar banyak nilai-nilai filosofis;lagunya menarik dan sangat menghibur;memiliki tempo yang sangat dinamis;d
11;Seni tari berperan sebagai sarana atau alat untuk...;berkreasi atau berekspresi;berolahraga;mencari uang;memperoleh jodoh;menarik lawan jenis;a
11;Berikut ini yang termasuk fungsi dari tari nusantara adalah...;melestarikan budaya bangsa;menjadi wahana hiburan masyarakat;ajang promosi budaya;sarana bergaul kalangan remaja;pelengkap berbagai acara seremonial;a
11;Tari pakarena pada awalanya adalah tarian yang berfungsi untuk...;pemujaan pada dewa;bagian dari upacara sebelum perang;tarian kerajaan;tarian adat;tarian nusantara;a
11;berikut ini yang bukan termasuk karakteristik dari tarian daerah Sunda adalah...;gerakannya berkarakter;tata rias bersinar, jelas, dan tajam;tata busana kaya akan warna;gerakannya anggun dan lembut;mengenakan selendang panjang yang berwarna mencolok;d
11;Ciri khas dari teater modern di antaranya dapat terlihat dari...;para pemainnya;penulis skenarionya;bahasa yang digunakannya;penataan panggung dan dekorasi;nilai yang disuguhkan;d
11;Pengarang drama absurd yang terkenal di Indonesia adalah...;Idrus;Sanoesi Pane;Muhammad Yamin;Iwan Simatupang;W.S. Rendra;d
11;Berikut adalah salah satu persamaan dari drama tradisional dan drama modern, yaitu...;memiliki pementasan dan dekorasi;memiliki naskah;cerita berdasarkan sumber yang sama;mengandalkan tarian;diiringi musik yang sama;a
11;Dengan teater, kita dilatih untuk bekerja sama dengan orang lain. Dalam hal ini teater memiliki fungsi sebagai...;keperluan upacara;media ekspresi;sarana hiburan;media pendidikan;kegiatan pertunjukan;d
11;Teater rakyat yang berasal dari Jawa Tengah yang diambil dari cerita tentang kerajaan, cerita sejarah atau cerita-cerita rakyat Jawa Tengah dinamakan...;ludruk;ketoprak;tarling;lenong;makyong;b
11;Latihan yang ditekankan pada latihan gerak dan pengelompokan perilaku adalah...;membaca;blocking;pelicin;karya;umum;b
11;Seni kriya Yunani klasik yang berupa tembikar dan jambangan menggambarkan...;kehidupan dewa dewi;pemujaan dewa dewi;mitologi kepahlawanan;binatang mitos;wujud para dewa dewi;c
11;Berikut yang bukan persamaan penciptaan seni kriya mancanegara secara umum adalah...;menghasilkan benda seni bernilai tinggi dengan bentuk indah;memiliki fungsi guna atau pakai;diciptakan untuk kepentingan orang lain;harus dikerjakan secara massal;harus dikerjakan secara massal;D
11;Tahapan pertama kali dalam menciptakan sebuah karya musik adalah...;membuat not lagu;menentukan birama;menentukan nada dasar;imajinasi atau ide;imajinasi atau ide;D
11;Iringan musik tari pakarena menggunakan alat yang sangat sederhana, diantaranya...;kolintang;gitar;poik-poik;angklung;drum;c
11;Dalam teater yang lebih menonjolkan dialog adalah drama...;absural;radio;panggung;sinetron;tungi;b
11;Unsur  fisik yang mendasar dan penting dalam mewujudkan sebuah karya seni rupa dua dimensi adalah...;koma;titik;garis;tanda seru;tada tanya;c
11;Aspek yang dianalisis dalam karya seni rupa dengan prinsip estetik, yaitu...;keselarasan;irama;keseimbangan;tema;penekanan;d
11;Warna yang merupakan hasil pencampuran kedua warna sekunder adalah pengertian dari...;warna sekunder;warna primer;warna analogus;warna tersier;warna komplementer;d
11;Arsiran garis pendek untuk mendapatkan gambar...;bulu;efek 3D;melingkar;kotak;kurva;a
11;Arsiran dengan teknik melengkung untuk mendapatkan bentuk...;bulu;efek 3D;melingkar;kurva;kurva;D
11;Salah satu bentuk pengembangan teknik menggambar adalah seni...;Suara;musik;teater;lukis;drama;d
11;Pada masa seni rupa modern setiap karya ditandatangani dan diberi nomor untuk menandai bahwa karya tersebut adalah...;karya salinan;edisi terbatas;proses cetak;karya lukis;karya seni;b
11;Kaligrafi merupakan tulisan indah yang dalam visualisasinya menggunakan tulisan dan huruf...;Latin;Spanyol;Jawa;Arab;Arab;D
11;Prinsip atau kaidah-kaidah umum yang digunakan dengan menempatkan unsur-unsur fisik disebut unsur...;nonfisik;seni rupa;visual;seni kriya;karya seni;a
11;Dibawah ini yang bukan merupakan cabang-cabang seni adalah...;tari;suara;rupa;bela diri;peran;d
11;Karya seni rupa pelita yang ditutupi tudung berbentuk bulat atau kotak dan terbuat dari kertas disebut...;damar kurung;bende;bando;keris;sarkofogus;a
11;Tahapan dalam berkarya akan berbeda-beda sesuai dengan karakteristik berikut, kecuali...;bahan;teknik;alat;wujud;wujud;D
11;Teknik yang digunakan untuk mengarsir bayangan pada obyek adalah...;arsir gradasi;mozaik warna;gradasi warna;perubahan tekstur;keruncingan maksimal;a
11;Unsur seni rupa yang paling sederhana adalah...;koma;titik;garis;tanda seru;tanda tanya;b
11;Nilai estetis dalam memandang keindahan karya seni rupa berada pada wujud karya seni  itu sendiri sebagai keindahan tampak kasat mata termasuk dalam kategori...;yudikatif;subjektif;objektif;predikat;interaktif;c
11;Seni rupa dua dimensi merupakan salah satu pembagian jenis seni rupa menurut...;pandangan mata;matra;fungsi;aliran;teknik;b
11;Berikut yang bukan tujuan diciptakannya karya seni rupa adalah sebagai sarana...;pribadi;ekspresi;rekreasi;memperjelek ruangan;memperjelek ruangan;D
11;Salah satu jenis karya seni terapan, yaitu seni kriya yang disebut juga...;seni kerajinan;prakarya;kerajinan tangan;pekerjaan tangan;hasta karya;c
11;Masyarakat Nusantara berkarya dengan berlandaskan kepercayaan dan keyakinan mereka. Dari sudut ekspresi, persamaan yang tampak adalah...;sering menggambarkan batu;selalu hidup berpindah-pindah;selalu membuat obyek binatang;adanya kecenderung untuk membuat abstraksi  dari setiap objek yang digambar;selalu bergotong royong;d
11;Membuat karya seni rupa tiga dimensi secara tidak langsung dapat dilakukan dengan menirukan objek yang akan dibuat melalui media berikut, kecuali...;gambar;foto;majalah;orang;orang;D
11;Berikut adalah rumus tangga nada mayor yang benar...;1 - ½ - 1 -- 1 -- 1 -- 1 -- ½;1 -- 1 -- ½ - 1 -- 1 -- ½;1 -- 1 -- 1 - ½ - 1 -- 1 - ½;1 -- 1 -- 1 -- 1 - ½ - 1 - ½;#;b
11;Alat musik yang menggunakan selaput tipis sebagai sumber bunyi disebut...;membranophone;chordophone;idiophone;aerophone;electrophone;a
11;Berikut yang termasuk contoh-contoh alat musik chordophone adalah...;cello, sasando, dan harmonica;boning, drum, dan tifa;gitar, kecapi, dan bass;siter, rebab, dan conga;piano, harmonika, dan flute;c
11;Berikut yang bukan termasuk alat-alat musik berjenis idiophone adalah...;angklung;recorder;drum;suling;gitar;a
11;Alat musik yang dimainkan dengan cara ditiup disebut...;membranophone;chordophone;idiophone;aerophone;electrophone;d
11;Alat musik yang dimainkan dengan menggunakan listrik disebut...;membranophone;chordophone;idiophone;electrophone;electrophone;D
11;Alat musik citar atau sehtar berasal dari daerah...;Persia;Afrika;Amerika;Arab;Indonesia;a
11;Tangga nada music daerah Nusantara didominasi tangga nada...;pentatonis;minor;mayor;diatonis;semua jawaban salah;a
11;Recorder dimainkan dengan cara...;ditiup;dipetik;dipukul;digesek;ditekan;a
11;Melodi, ritme, dan harmoni yang untuk memahaminya cukup dengan bahasa rasa merupakan pengertian dari...;nada;irama;ritme;musik;musik;D
11;Indra penikmat cabang seni musik adalah...;pendengaran;penglihatan;peradaban;pengalihan dan pendengaran;penglihatan dan peradaban;a
11;Mendengarkan lagu yang terdengar hanya suara music disebut...;instrument;nada;irama;birama;pernadaan;a
11;Lagu yang dinyanyikan oleh satu orang disebut...;solo;duet;trio;kuartet;unisono;a
11;Ritme adalah...;Irama yang mengesankan gerak;keselarasan antarbenda;kesatuan antarunsur;keseimbangan antarunsur;kesederhanaan bentuk;a
11;Orang yang menulis lagu dalam bentuk notasi dan meneruskan kepada orang lain untuk memainkannya disebut...;penyair;musisi;artis;penyanyi;komponis;b
11;Musik berat menggunakan sistem nada-nada...;frekuensi;diantonis;matematik;kromatis;amatematik;c
11;Alat music yang sering diutamakan pada zaman prasejarah adalah...;seruling;kendhang;gitar;biola;piano;a
11;Kumpulan music tertulis dalam tulisan kuno yang digali dari Hurrian di Kota Ugarit yang diperkirakan telat ada sekitar 1400 SM disebut...;renaissance;barok;notasi;Hurrian songs;Hurrian songs;D
11;Berikut yang tidak termasuk dalam ciri-ciri music abad pertengahan adalah...;peranan paduan suara yang menyanyikan lebih dari satu suara semakin berkembang;ditemukannya notasi dan pencatatan nada;masuknya music keduniawiaan bersuara satu;sedikitnya komponis muncul dalam sejarah;sedikitnya komponis muncul dalam sejarah;D
11;Musik rennaissance adalah musik klasik yang digubah pada sekitar tahun...;1287;150;1600;1287;1471;b
11;Seni rupa pengaruh Islam berkembang mencapai puncaknya di India pada masa pemerintahan...;Syah Kuala;Iskandar Syah;Syah Jehan;Sultan Malik;Gupta;c
11;Ciri khas dari seni rupa yang berkembang di India banyak dipengaruhi oeh...;kebudayaan Cina;ajaran agama Hindu dan Buddha;kondisi alam sekitar;nilai-nilai budi leluhur;kebudayaan masyarakat Arya;b
11;Kesenian Jepang berkembang dipengaruhi oleh beberapa faktor berikut ini, kecuali...;keadaan alam;karakter bangsa;agama;ajaran Islam;ajaran Islam;D
11;Seni rupa Jepang yang terkenal salah satunya adalah seni merangkai bunga yang disebut...;toramatzu;hokaido;ikebana;bonsai;ikana;c
11;Seni rupa keramik Cina sangat terkenal dan berkembang pesat terutama pada masa dinasti...;Chin;Han;Ming;Sung;Tang;c
11;Perlawanan Kerajaan Demak dalam menghadapi Portugis dipimpin oleh...;Adipati Unus;Sultan Agung;Tuanku Imam Bonjol;Sultan Hasanuddin;Pangeran Diponegoro;a  
11;Di bawah ini yang merupakan dampak positif diterapkannya sistem tanam paksa adalah...;rakyat Indonesia menjadi sengsara;rakyat Indonesia mengenal jenis tanaman kualitas ekspor;rakyat Indonesia terjangkit wabah penyakit;terjadi kekurangan pangan;mental bangsa menurun, karena selalu tertekan;b  
11;Buku Max Havelar adalah buku yang berisi tentang kritik tentang adanya sistem tanam paksa di Indonesia. Buku ini dikarang oleh...;Douwes Dekker;Ki Hajar Dewantara;Van Deventer;Suwardi Suryaningrat;Raffles;a  
11;Semangat pembalasan terhadap kekuasaan Islam dimanapun berada disebut semangat...;contingenten;reconguesta;gospel;glory;gold;b  
11;Pada akhirnya sistem tanam paksa dihapuskan, karena...;kekuasaan Belanda di Indonesia jatuh ke tangan Inggris;banyak pegawai-pegawai VOC yang melakukan korupsi;adanya kritikan dan reaksi dari kaum liberalis di negeri Belanda;munculnya perlawanan dari rakyat Indonesia;tidak membawa hasil bagi Belanda;c  
11;Budi Utomo merupakan organisasi yang dijadikan tanggal lahirnya kebangkitan Nasional, karena...;menggunakan sistem pengerahan massa;tujuan pendiriannya dikhususkan pada pendidikan dan budaya;tidak membedakan agama, suku bangsa, dan jenis kelamin;menggunakan organisasi modern dalam melawan penjajah;ruang gerak organisasinya bersifat Jawa Sentris;d  
11;Pemimpin perlawanan rakyat Bali terhadap Belanda adalah...;Sultan Hasanuddin;I Gusti Ktut Jelantik;Sultan Agung;Sultan Ageng Tirtayasa;Pangeran Diponegoro;b  
11;Pangeran Diponegoro diasingkan ke Manado oleh VOC dan akhirnya meninggal pada tanggal...;8 Maret 1942;16 Agustus 1945;28 Oktober 1928;8 Januari 1855;8 Januari 1855;D
11;Tokoh yang mengusulkan didirikannya kongsi dagang VOC adalah...;Bartolomeuz Diaz;Vasco da Gamma;Johan van Olden Barnevelt;Alfonso de Albuquerque;Thomas Stamfort Raffles;c  
11;Semangat gospel adalah semangat bangsa Barat menduduki Indonesia adalah untuk...;mencari kekayaan berupa rempah-rempah;mencari emas;menyebarkan agama Nasrani;mencari kejayaan;mencari daerah kekuasaan;c  
11;Tiga serangkai adalah tokoh pendiri...;Budi Utomo;Indische Partij;Partindo;Perhimpunan Indonesia;Muhammadiyah;b  
11;Pada tanggal 30 April -- 2 Mei 1926 diselenggarakan Kongres Pemuda I, yang dipimpin oleh...;Ir. Soekarno;Moh. Tabrani;Sugondo Joyopuspito;Moh. Yamin;Moh. Hatta;a  
11;Sebuah organisasi pendidikan yang bercorak nasional yang didirikan di Yogyakarta pada tanggal 3 Juli 1922 bernama...;GAPI;Taman Siswa;PPPI;Muhammadiyah;NU;b  
11;Perjuangan bangsa Indonesia dalam melawan penjajah selalu mengalami kegagalan, karena...;kurang persatuan dan kesatuan;senjata tidak lengkap;mudah putus asa;senjata Belanda lebih lengkap;pemimpin tidak bersatu;a  
11;Kebijakan Gubernur Jenderal Daendels untuk menjual tanah-tanah luas kepada pihak partikelir atau swasta Belanda dan Tionghoa disebut...;prianger stelsel;verplichteleverantie;contingenten;landelijk stelsel;cultuur stelsel;d  
11;Sumpah Pemuda diikrarkan sebagai pengikat tali...;persahabatan dan kasih saying;persahabatan dan kesatuan;persatuan dan kesatuan;permusuhan;pertentangan;c  
11;Setiap tanggal 20 Mei, diperingati hari...;Kemerdekaan Indonesia;Kebangkitan Nasional;Kesaktian Pancasila;Lahirnya Pancasila;Sumpah Pemuda;b  
11;"Organisasi Budi Utomo merupakan ""fajar baru"" dalam pergerakan Indonesia, karena mempunyai cita-cita berikut, kecuali...";mencapai Indonesia merdeka;merekrut golongan priyayi Jawa;menolak kebudayaan Barat;menghidupkan kebudayaan Jawa;menghidupkan kebudayaan Jawa;D
11;Gagalnya perjuangan bangsa Indonesia sebelum abad ke-20 disebabkan oleh...;tidak adanya pemimpin bangsa yang tangguh;belum optimalnya potensi kekuatan bangsa;belum adanya semangat persatuan nasional;mengutamakan kepentingan kelompoknya;gerak perjuangan belum merakyat;c  
11;Berikut ini yang tidak termasuk pemimpin perang melawan bangsa Barat di Aceh adalah...;Cut Nyak Dien;Teuku Umar;Teuku Cik Di Tiro;Pangeran Antasari;Panglima Polim;d  
11;Perkumpulan campuran antara orang-orang Belanda dengan orang-orang Indonesia yang mempunyai pandangan politik sama adalah...;Budi Utomo;Sarikat Islam;Trikoro Dharmo;Indische Social Demokratische Vereeniging (ISDV);Jong Sumatranend Bond;d  
11;Kemajuan PNI sangat besar akibat propaganda politik yang dilakukan Soekarno sangat pemerintah kolonial Belanda lebih-lebih terdengar isu PNI akan melakukan pemberontakan pada tahun 1930. Pemerintah kolonial segera bertindak dengan mengadakan penggeledahan dan penangkapan terhadap tokoh-tokoh PNI pada tanggal...;22 Desember 1929;29 Desember 1929;18 Agustus 1929;9 Juli 1929;29-Sep-30;b  
11;Serikat buruh pertama kali di Indonesia yang didirikan oleh perusahaan Belanda adalah...;Veereniging Spoor and Traim;Veereneging Personel Fabriek;Stats Spoor Bond;Veereneging van Spooren Tramwerg personel;veereneging Van Spoor;d  
11;Pencipta lagu Indonesia Raya yang dinyanyikan pertama kali pada waktu ikrar Sumpah Pemuda adalah...;W.R. Supratman;Kusbini;C. Simanjuntak;L. Manik;Gesang;a  
11;Perjuangan Sarikat Islam merupakan pergerakan...;agama;dagang;nasional;social;ekonomi;c  
11;Di bawah ini adalah faktor yang mendorong dicetuskannya Sumpah Pemuda pada 1928, kecuali...;kesenjangan ekonomi yang sangat mencolok antara rakyat biasa dengan para bangsawan;keinginan pemerintah Belanda untuk memerdekaan Indonesia;kesadaran pemuda terpelajard Indonesia untuk merdeka;manifesto politik Perhimpunan Indonesia 1925 di Belanda;keinginan untuk bersatu dalam naungan Negara Indonesia;b  
11;Loyalitas tertinggi setiap orang yang diberikan kepada negara merupakan pencerminan dari ideology yang dinamakan...;otoriterisme;sosialisme;marxisme;nasionalisme;nasionalisme;D
11;Munculnya Permuakatan Perhimpunan Perhimpunan Politik Kebangsaan Indonesia (PPPKI) merupakan akibat dari gagalnya gerakan PKI dalam menumbangkan kekuasaan kolonial Belanda. Tokoh yang memelopori terbentuknya organisasi PPPKI adalah...;Ir. Soekarno;Suwardi Suryaningrat;Otto Iskandardinata;Moh. Husni Thamrin;Moh. Hatta;a  
11;Tujuan pembentukan kongres pemuda Indonesia adalah...;untuk menyempurnakan derajat bangsa Indonesia dengan melakukan hal-hal yang nyata dan dapat dirasakan oleh rakyat banyak;menggugah semangat kerja sama di antara bermacam-macam organisasi pemuda tanah air, supaya dapat mewujudkan kelahiran kesatuan bangsa;membentuk badan sentral, memajukan paham persatuan kebangsaan, dan mempererat hubungan di antara semua perkumpulan pemuda Indonesia;memajukan bangsa Indonesia di saat masa kemerdekaan nanti;mempersiapkan kehidupan bangsa Indonesia yang merdeka;c  
11;Memajukan pengajaran terhadap anak-anak perempuan dengan memberikan penerangan dan bantuan dana adalah tujuan dari organisasi kewanitaan yaitu...;Kaoetamaan Istri;Aisyiah;Wanita Utomo;Putri Mardika;Taman Siswa;d  
11;Organisasi kepanduan Indonesia yang pertama adalah Javaansche Padvinders Organisatie (JPO) didirikan di...;Solo;Surabaya;Jakarta;Makassar;Medan;a  
11;Perkumpulan pemuda pertama di Indonesia adalah Trikoro Dharmo (Tiga Tujuan Mulia) yang berdiri pada tanggal...;20 Mei 1908;26 Oktober 1926;7 Maret 1915;28 Oktober 1928;5 Mei 1916;c  
11;Kongres pertama Budi Utomo dilaksanakan pada tanggal 3-5 Oktober 1908 di...;Ambon;Bandung;Surabaya;Yogyakarta;Semarang;d  
11;Di dalam Sumpah Pemuda, yang merupakan Bahasa persatuan adalah...;Bahasa Jawa;Bahasa Indonesia;Bahasa Sunda;Bahasa Batak;Bahasa Bugis;b  
11;Berikut faktor ekstern yang melatarbelakangi munculnya pergerakan nasional Indonesia, kecuali...;bangkitnya gerakan nasionalisme Turki dan Mesir;gerakan kebangsaan Filipina;kemenangan Jepang atas Rusia pada tahun 1905;banyaknya kaum cerdik cendekiawan Indonesia;bangkitnya nasionalimse India;d  
11;Dalam kondisi terjepit akibat kekalahannya dari sekutu, Jepang berusaha mengambil hati bangsa Indonesia dengan cara...;melaksanakan politik dumping;membebaskan para tawan;mengenodrkan sikapnya terhadap Indonesia;memberi janji kemerdekaan kepada Indonesia;memberi kebebasan berpendapat bagi Indonesia;d  
11;BPUPKI pada tanggal 7 Agustus 1945 akhirnya dibubarkan dengan alasan...;BPUPKI tidak dapat bekerja dengan baik;BPUPKI dianggap banyak melakukan penyimpangan-penyimpangan;BPUPKI telah berhasil melaksanakan tugasnya;tugas BPUPKI digantikan oleh Panitai Sembilan;BPUPKI tidak bermanfaat bagi Jepang;c  
11;Maksud dibentuknya Panitia Sembilan oleh BPUPKI adalah...;menambah jumlah anggota BPUPKI;untuk membahas hasil sidang I BPUPKI tentang rancangan dasar negara;mempercepat proses kemerdekaan Indonesia;mempersiapkan materi sidang BPUPKI;sebagai penghubung antra BPUPKI dengan Jepang;b  
11;Janji kemerdekaan yang disampaikan oleh Kuiaki Koiso lebih dilatarbelakangi oleh...;keinginan Jepang untuk membentuk persemakmuran di Asia;wujudk kepedulian Jepang terhadap sesama negara Asia;ungkapan terima kasih Jepang kepada Indonesia;terdesaknya Jepang oleh serangan militer Sekutu;terdesaknya Jepang oleh serangan militer Sekutu;D
11;Kuniaki Koiso yang memberikan janji kemerdekaan bagi Indonesia adalah seorang...;Panglima Tentara Jepang Asia Tenggara;Perdana Menteri Jepang;Kaisar Jepang;Putra Mahkota Jepang;#;b  
11;Pendudukan Jepang yang hanya 3,5 tahun sangat berat dirasakan, namun demikian rakyat banyak memperoleh manfaat latihan militer, seperti Heiho yang fungsinya sebagai...;barisan pemuda;pembela tanah air;pembantu prajurit;barisan pelopor;barisan polisi;c  
11;Berikut ini peranan antara BPUPKI, kecuali...;mempersiapkan usaha-usaha ke arah kemerdekaan Indonesia;berhasil membentuk Panitia Sembilan yang menghasilkan Piagam Jakarta;berhasil menyusun naskah Proklamasi;berhasil menyusun rumusan dasar negara;berhasil merumuskan UUD negara Indonesia;c  
11;Pada sidang BPUPKI yang pertama, pembicaraan dipusatkan pada masalah...;bentuk negara Indonesia merdeka;penyusunan Undang-Undang Dasar;perumusan dasar negara;menyusun pemerintahan bagi Indonesia merdeka;merumuskan pernyataan Indonesia merdeka;c  
11;Ahmad Subardjo dalam keanggotaan PPKI berperan sebagai...;penasihat;wakil ketua;ketua;penghubung;wakil pemerintahan Jepang;a  
11;BPUPKI membentuk Panitia Sembilan yang diketuai oleh...;Mr. Moh. Yamin;Ir. Soekarno;Drs. Moh. Hatta;dr. Radjiman;Jenderal Terauchi;b  
11;Untuk mewujudkan tugasnya, BPUPKI harus melaksanakan sidang-sidangnya. Sidang BPUPKI yang pertama berlangsung pada tanggal...;29 Mei -- 7 Juni 1945;29 Mei -10 Juli 1945;28 Mei -- 2 Juni 1945;29 Mei -- 1 Juni 1945;29 Mei -- 1 Juni 1945;D
11;Pokok pembahasan utama yang berhasil diputuskan BPUPKI selama dua kali sidang adalah...;rumusan dasar negara dan pemilihan presiden;pemilihan presiden dan pembentukan departemen;perumusan UUD dan pemilihan presiden;rumusan dasar negara dan UUD;teks proklamasi dan Piagam Jakarta;d  
11;Situasi Jepang pada akhir tahun 1944 mulai terdesak oleh front ABCD, yaitu negara...;Amerika -- Australia -- Jerman;Afrika -- Australia -- Jerman;Amerika -- Inggris -- Cina -- Belanda;Amerika -- Cina -- Belanda -- Jerman;Amerika -- Belanda -- Italia;c  
11;Dalam situasi dan kondisi terjepit, Jepang berusaha mengambil hati bangsa Indonesia dengan...;memberikan janji merdeka kepada Indonesia di kemudian hari;membebaskan para tawanan perang Jepang;meningkatkan pahwlawan dan prajurit ekonomi;menambah jumlah autarki setiap daerah;semua jawaban benar;a  
11;Maksud Jepang memberi janji kemerdekaan adalah...;agar rakyat Indonesia tetap setia kepada Jepang;agar rakyat Indonesia tetap tunduk kepada Jepang;agar rakat Indonesia selalu menuruti keinginan Jepang;agar rakyat tetap bersedia membantu Jepang dalam Perang Asia Timur Raya;semua jawaban benar;d  
11;Berdasarkan UUD 1945, pada awal kemerdekaan Indonesia menjalankan sistem pemerintahan presidensial, artinya...;presiden bertindak sebagai pengatur pemerintahan dengan segala kekuasaan dan kewenangannya;presiden dalam menjalankan pemerintahannya bertanggung jawab kepada DPR;presiden menjadi mandataris MPR;presiden bersama-sama DPR bertanggung jawab dalam masalah kenegaraan;kekuasaan presiden dibatasi oleh konstitusi;a
11;Pada masa awal pemulihan kondisi ekonomi setelah kemerdekaan, pemerintah RI untuk sementara waktu mengkaui mata uang yang berlaku, yaitu...;uang Hindia Belanda, uang pemerintah penjajah Jepang, dan ORI;uang pemerintah Hindia Belanda, uang NICA, ORI;uang NICA, uang pemerintah penjajah Jepang, ORI;uang pemerintah Hindia Belanda, uang pemerintah pendudukan Jepang, dan uang De Javasche Bank;uang pemerinahan penjajah Jepang, uang De Javasche Bank, dan ORI;d
11;Tugas utama pasukan sekutu di Indonesia setelah pendudukan Jepang di Indonesia berakhir adalah...;membantu Belanda untuk berkuasa kembal di Indonesia;mempertemukan Indonesia dengan Jepang dalam meja perundingan;meredam ketegangan antara Belanda dengan Indonesia;melucuti senjata tentara Jepang dan memulangkan ke negerinya;mengambil alih kekuasaan Jepang di Indonesia;d
11;Maklumat Pemerintah tanggal 5 Oktober 1945 berisikan pembentukan organisasi ketentaraan yang bernama...;Badan Keamanan Rakyat;Tentara Keamanan Rakyat;Tentara Keselamatan Rakyat;Tentara Republik Indonesia;Tentara Nasional Indonesia;b
11;Kondisi perekonomian Indonesia pada awal kemeredekaan adalah...;dibantu oleh negara bekas penjajah;langsung membaik;angka inflasi berhasil ditekan;pendapatan pemerintah tidak seimbang dengan pengeluaran;langsung mendapat bantuan asing;d
11;Kebijakan dalam bidang ekonomi, yakni Rencana Produksi Lima Tahun oleh Menteri Urusan Bahan Makanan pada Kabinet Hatta disebut...;Plan Ir. Surachman;Plan Kasimo;Plan Sumitro Djojohadikusumo;Plan Ishak Cokrohadisuryo;Plan Gerakan Benteng;b
11;Sistem multipartai di Indonesia pada awal kemerdekaan bertujuan...;menghargai jasa-jasa perjuangan partai politik sebelum Indonesia merdeka;mengikuti saran sekutu agar mendpaat simpati internasional;menegakkan sistem pemerintahan berdasarkan demokrasi;mendidik masyarakat agar berpolitik praktis;sebagai koreksi pemerintahan;c
11;Insiden Bendera di Surabaya tanggal 19 September 1945 terjadi sebagai akibat dari tindakan Belanda, yaitu...;menurunkan bendera merah putih dari puncak Hotel Yamato;mengibarkan bendera merah putih biru di puncak Hotel Yamato;melarang pengibaran bendera merah putih;melakukan perobekan terhadap bendera merah putih;melarang rakyat Surabaya mengibarkan bendera merah putih;b
11;Peristiwa penangkapan Presiden Soekarno dan Wakil Presiden Drs. Moh. Hatta oleh Belanda yang selanjutnya diasingkan ke Prapat dan Muntok terjadi pada saat...;Perundingan Renville;Perjanjian Roem-Roeyen;Serangan Umum terhadap kota Yogyakarta;Agresi Militer Belanda II;Agresi Militer Belanda II;D
11;Tugas pokok Komisi Tiga Negara adalah...;mencegah terjadinya Agresi Milier Belanda I;mencegah terjadinya Agresi Militer Belanda II;melaksanakan Perjanjian Roem-Royen;membantu penyelesaian sengketa antara Indonesia dan Belanda;mewakili Dewan Keamanan PBB;d
11;Berikut ini adalah berbagai reaksi duia yang muncul akibat dilancarkannya Agresi Militer Belanda, kecuali...;Palang Merah Malaya mengirimakan obat-obatan Ke Indonesia;Palang Merah India mengirimkan obat-obatan ke Indonesia;India dan Australia mendesak Dewan Keamanan PBB agar segera membahas masalah Indonesia;India dan Australia memberikan bantuan persenjataan kepada Indonesia;India dan Australia memberikan bantuan persenjataan kepada Indonesia;D
11;Penyebab utama meletusnya Pertempuran 10 November 1945 antara arek-arek Surabaya melawan pasukan Sekutu (Inggris) adalah...;terbunuhnya Jenderal Mallaby dan diabaikannya ultimatum sekutu oleh arek-arek Surabaya;tewasnya jendral Christison;tindakan sekutu yang berusaha menguasai Surabaya dengan kekerasan;mendaratnya pasukan sekutu di Surabaya;Sekutu melarang arek-arek Surabaya melucuti senjata tentara Jepang;a
11;Isi Perjanjian Linggarjati merugikan Indonesia karena...;mempersempit wilayah RI dan mengubah tujuan negara;mempersempit wilayah RIS dan mengubah tujuan negara;mempersempit wilayah NIS dan mengubah tujuan negara;mempersempit wilayah NIT dan mengubah tujuan negara;mempersempit wilayah Daerah Istimewa Yogyakarta da mengubah tujuan negara;a
11;Dekrit Presiden 5 Juli 1959 dikeluarkan dalam rangka...;mengembalikan kewibawaan kepala negara;mengembalikan kekuasaan presiden;memperkuat kedaulatan rakyat;mengatasi kondisi politik pemerintahan yang semakin tidak menentu;mengatasi kondisi politik pemerintahan yang semakin tidak menentu;D
11;Lembaga kebudayaan PKI yang berkembang pada masa Demokrasi Terpimpin adalah...;manifesto;Lembaga Kebudayaan Nusantara;Lekra;Lekri;Dewan Budaya;c
11;Setelah dinasionalisasi, jabatan presiden Bank Indonesia dijabat oleh...;Amir Sjarifudin;Syahril Sabirin;Sumitro Djojohadikusumo;Safruddin Prawiranegara;Safruddin Prawiranegara;D
11;Sistem Ekonomi Gerakan Benteng dicetuskan oleh...;Safruddin Prawiranegara;Kasimo;Sumitro Djojohadikusomo;Moh. Hatta;Ali Baba;c
11;Gerakan gerombola APRA yang merencanakan pembunuhan terhadap menteri Pertahanan Sri Sultan Hamengkubuwono IX didalangi oleh...;Musso;Amir Syarifuddin;Tan Malaka;Sultan Hamid II;Dr. Soumokil;d
11;Untuk menumpas pemberontakan DI/TII di Jawa Barat dan sekaligus menangkap Kartosuwiryo sebagai pemimpinnya, pemerintah melancarkan operasi militer yang disebut...;Operasi Merdeka;Operasi Gerakan Banteng Negara;Operasi Bharatayuda;Operasi 17 Agustus;Operasi Banteng Raiders;c
11;Pada tanggal 13 Juli 1949 Pemerintah Darurat Republik Indonesia di Sumatra mengembalikan mandat kepada pemerintah pusat di Yogyakarta. Hal ini merupaka akibat dari...;perundingan Renville;Perjanjian Roem-Royen;Perjanjian Inter-Indonesia;Perjanjian Meja Bundar;Perjanjian Linggarjati;b
11;Gerakan 30-S/PKI 1965 didahului dengan...;menguasai Gedung RRI;menguasai monas;menguasai Istana Merdeka;menangkap dan membunuh para jenderal AD;menguasai gedung telekomunikasi;d
11;Salah satu hasil kesepakatan Konferensi Meja Bundar dalam bidang politik adalah...;RIS bertanggung jawab atas utang-utang Belanda di Indonesia;RIS mengambil alih milik Belanda di Indonesia;tentara Belanda ditarik dari wilayah Indonesia;Pengakuan kedaulatan atas negara Republik Indonesia Serikat;Pemerintah RIS menerima pegawai Pemerintah Hindia Belanda;d
11;Munculnya Orde Baru ditandai dengan...;keluarnya Surat Perintah 11 Maret 1966;Keluarnya Tritura;dibubarkannya PKI;menjalankan UUD 1945 dan Pancasila secara murni dan konsekuen;terbentuknya kabinet baru;a
11;Langkah pertama yang diperjuangkan Orde Baru adalah...;melanjutkan perjuangan Orde Lama;membentuk pemerintahan baru;menggantikan presiden;mewujudkan stabilitas politik dan ekonomi yang baik;menyusun rencana pembangunan lima tahun;d
11;Pasukan bentukan PKI yang bertugas menguasai kota Jakarta pada saat meletus G-30 S/PKI adalah...;Pasukan Pasopati;Pasukan Gatotkaca;Pasukan Cakrabirawa;Pasukan Bimasakti;Pasukan Bimasakti;D
11;Seorang pendeta Buddha yang terkenal dari kerjaan Sriwijaya adalah...;Sakyakirti;Dharmawangsa;Dharmasetu;Balaputradewa;Janabhadra;a
11;Pendiri kerajaan Majapahit adalah...;Hayam Wuruk;Wisnu Wardhana;Jayanegara;Raden Wijaya;Raden Wijaya;D
11;Puncak kejayaan Kerajaan Sriwijaya berlangsung pada masa kekuasaan...;Dharmasetu;Dharmawangsa;Dapunta Hyang;Balaputradewa;Dewapala Dewa;d
11;Kertanegara merupakan raja terakhir Kerajaan Singasari yang mati terbunuh oleh...;Raja Wurawari;tentara Kerajaan Mongol;Jayakatwang;Ken Arok;tentara Kerajaan Sriwjaya;c
11;Pada tahun 420 M, agama Buddha dibawa masuk ke Indonesia oleh...;Gunawarman;Dharmakirti;Shidarta Gautama;Sakyakirti;Ibnu Batuta;a
11;Kitab suci agama Buddha adalah...;Weda;Tripitaka;Taurat;Samaweda;Injil;b
11;Kitab tertua dari kita suci Weda adalah...;Yajuwerda;Samaweda;Kamaweda;Rigweda;Atharweda;d
11;Di bawah ini yang tidak termasuk faktor penyebab runtuhnya Kerajaan Sriwijaya adalah...;berulang kali diserang oleh Kerajaan Cola dari India;terjadinya perebutan untuk menduduki tahta kerajaan;negara-negara taklukan Sriwijaya banyak melepaskan diri;mundurnya perekonomian dan perdagangan Sriwijaya;terdesak oleh perkembangan Kerajaan Singasari di Jawa Timur;b
11;Kerajaan yang telah dibangun oleh Raja Airlangga akhirnya harus dibagi menjadi dua, yaitu...;Kerajaan Jenggal dan Kerajaan Medang;Kerajaan Kediri dan Kerajaan Jenggala;Kerajaan Singasari dan Kerajaan Kediri;Kerajaan Medang dan Kerajaan Kamulan;Kerajaan Singasari dan Kerajaan Jenggala;b
11;Medang Kamulan hancur karena diserang Raja Wurawari, tetapi berhasil direnggut lagi oleh...;Kertanegara;Kertajasa;Airlangga;Dharmawangsa;Makutawangsa;c
11;Runtuhnya Kerajaan Kahuripan (Dharmawangsa) karena serangan dari kerajaan...;Wurawuri;Thailand;Majapahit;Colamandala;Singasari;a
11;Faktor utama runtuhnya Kerajaan Majapahit adalah...;masuknya pengaruh Islam;kerajaan-kerajaan bawahan melepaskan diri;Perang Bubat;Perang Paregreg;Perang Paregreg;D
11;Tujuan pasukan Kerajaan Mataram Islam (Sultang Agung) menyerang Batavia adalah...;mengusir Belanda dari Batavia;menguasai jalur perdagangan yang berpusat di Batavia;membantu rakyat dalam menghadapi tindak kekerasan Belanda;mencapai cita-cita mengauasai seluruh Pulau Jawa;Belanda menjadi saingan Kerajaan Mataram;a
11;Faktor-faktor penyebab runtuhnya Samudera Pasai adalah sebagai berikut, kecuali...;mendapat serangan dari Kerajaan Majapahit;munculnya kerajaan Malaka;mundurnya kegiatan perdagangan dan pelayaran di Samudera Pasai;mendapat serangan dari Kesultanan Deli;terjadinya persaingan dengan Kerajaan Aceh;d
11;Pelayaran bangsa Belanda pada tahun 1596 dipimpin oleh...;Bartholomeus Diaz;Cornelis de Houtman;Vasco da Gama;d'Albuquerque;Magelhaens;b
11;Ikon yang secara default terdapat pada quick access toolbar adalah ...;Print preview, open, save;New, save, open;Save, undo, redo;New, undo, redo;Paste,cut copy;c
11;Berikut ini merupakan beberapa pilihan yang digunakan dalam format number, kecuali ...;General;Percentage;Number;Decimal;Currency;d
11;Langkah-langkah untuk mengaktifkan microsoft excel: 1) Klik start 2) Tunggu beberapa saat 3) Pilih microsoft office 4) Pilih dan klik microsoft excel 2007 5) Pilih all program Urutan yang benar adalah ...;1),2),3),4), dan 5);1),2),5),3), dan 4);1),5),3),4), dan 2);5),2),3),1), dan 4);3),1),2),4), dan 5);c
11;Penulisan data teks pada microsoft excel, secara otomatis rata ...;Kanan;atas;Kiri;bawah;Tengah;c
11;Perintah delete sheet rows digunakan untuk...;Menghapus sel yang aktif;Menghapus sheet yang aktif;Menghapus sheet baris pada posisi sel aktif;Menghapus sheet kolom pada posisi sel aktif;Menghapus worksheet yang aktif;c
11;Untuk memformat bentuk, posisi, dan kedudukan teks, format cells yang digunakan adalah ...;Number;Border;Alignment;Protection;Font;c
11;Untuk menampilkan tanda mata uang yang terletak pada rata kiri kita menggunakan format ...;Number;Accounting;Currency;General;Date;b
11;Lembar kerja excel dapat digunakan untuk berikut, kecuali ...;Menampilkan dan mengolah angka dan data;Membuat grafik;Melakukan perhitungan statistik;Membuat desain gambar;Membuat desain gambar;D
11;Sel yang ditunjukkan oleh sel pointer disebut ...;Cell aktif;Range;Alamat sel aktif;taskpane;Cell pasif;a
11;Kumpulan dari beberapa lembar kerja Microsoft excel disebut ...;Worksheet;Folder;File;Workbook;Workbook;D
11;Untuk menyisipkan rumus atau formula menggunakan ikon ...;Auto sum;Logical;Insert function;Financial;Recently used;c
11;Range adalah ...;Kumpulan beberapa garis;Kumpulan baris dan kolom;Kumpulan beberapa kolom;Area berbentuk persegi panjang;Pertemuan baris dengan kolom;d
11;Di bawah ini perintah yang terdapat dalam group clipboard, kecuali ...;Cut;Font color;Copy;Format painter;Paste;b
11;Untuk menyimpan lembar kerja, perintah yang digunakan adalah ...;Office Button > new;Office Button > print;Office Button > close;Office Button > save;Office Button > prepare;d
11;Perintah untuk memindahkan isi sel adalah ...;Copy dan cut;Copy dan insert;Copy dan paste;Cut dan paste;Cut dan paste;D
11;Fungsi time digunakan untuk mencari nilai ...;Waktu/jam;Hari/tanggal;Fungsi data;Fungsi rata-rata;Pengambilan karakter;a
11;Jenis garis yang dipilih ditentukan pada bagian ...;Alignment;Outline;Color;Line style;Line style;D
11;Menekan tombol alt + H pada keyboard akan mengaktifkan halaman menu ...;Home;Insert;Table;Formula;Page layout;a
11;Jika disimpan workbook yang dibuat dengan microsoft excel 2007 berekstensi ...;.xls;.com;.xlsx;.exe;.docx;c
11;Mengklik salah satu sel, kemudian mendrag pointer ke sel yang diinginkan terpilih adalah cara untuk ...;Memilih beberapa sel yang berdekatan;Memilih beberapa sel dalam satu baris;Memilih beberapa sel yang tidak berdekatan;Memilih seluruh sel;Melakukan pengaturan format cell;a
11;Untuk mengmbalikan pemformatan sel atau range caranya ...;Format numbering;Format counting;Format special;Format general;Format general;D
11;Menggabungkan dua buah cell menjadi satu dapat menggunakan perintah...;Merger and center;Justifity;Insert;Page layout;format;a
11;Symbol operator matematika yang digunakan untuk perkalian adalah...;^;*;/;--;+;b
11;Untuk memasukkan formula pada saat entri data, diawali dengan symbol...;^;+;=;(;/;c
11;Alamat sel yang tidak akan berubah apabila dicopy atau diduplikat yaitu...;Range;Sel master;Sel absolute;Sel relative;Sel A;c
11;Menjumlahkan data pada suatu baris atau kolom tertentu secara otomatis dapat menggunakan ikon yang bernama...;Autofilter;Autosum;Autofild;Numbering;Bullet;b
11;Berikut ini adalah operator dalam Microsoft Excel, kecuali...;Operator Matematika;Operator perbandingan;Operator penggabungan teks;Operator statistika;Operator statistika;D
11;Pada sel C2=12, sel D2=4, sel E2=2. Apabila pada sel D4 di diberikan operator dengan rumus =C2/E2 akan menghasilkan...;2;4;6;8;12;c
11;Dari soal di atas Nilai tertinggi pada sel C2,D2,e2 dapat dicari dengan rumus...;#REF!;#REF!;#REF!;Max(C2:E2);Sum (C2:e2);c
11;Untuk mencari nilai pangkat pada suatu sel dapat menggunakan formula fungsi...;SQRT;SUM;AVERAGE;V-lookup;H-lookup;a
11;Untuk mempermudah mencari data dengan kriteria tertentu pada mikrosoft excel dapat menggunakan perintah...;Filter;Mailling;Search;Formula;Ascending;a
11;"Penggunaan fungsi pemenggalan teks dengan memasukkan rumus =RIGHT(""Wawasan"",(3)) , maka hasil yang didapatkan adalah...";Wawa;Awas;Asam;San;San;D
11;"Menuliskan rumus pada formula bar = IF(D2>=70,""LULUS"",""GAGAL""), apa bila pada sel D2tertulis nilai 73, maka akan memunculkan penyataan...";ERROR;FALSE;LULUS;TRUE;GAGAL;c
11;Data dalam table dapat ditampilkan secara visual untuk mempermudah pembacaan data tersebut.tampilan visual dari sebuah data table disebut...;Chart;Bagan;Skema;Strukktur;Gambar;a
11;Pada pembuatan grafik terdapat istilah chart tittle. Menu tersebut digunakan untuk membuat...;Judul grafik;Sumbu grafik;Keterangan grafik;Jenis grafik;Menampilkan data;a
11;Berikut ini adalah jenis-jenis grafik, kecuali...;Pie;Line;Surface;Double;Double;D
11;Referensi sel absolute menggunakan tanda...;&;*;$;@;#;c
11;Fungsi dari perintah Print Area adalah untuk...;Mengatur area yang akan dicetak;Mengubah ukuran kertas;Mengubah orientasi dokumen;Mengubag margin dokumen;Menandai halaman baru;a
11;"Jika sebuah sel yang diformat ternyata muncul tanda "" ##### "", artinya...";Salah dalam memasukkan data;Kolom kurang lebar;Salah dalam memformat;Baris kurang tinggi;Jenis datanya table;b
11;Internet Service Provider merupakan kepanjangan...;ISP;ISPv;IISP;IScP;ISPD;a
11;Amatir Radio Club (ARC), berdiri di salah satu perguruan tinggi negeri, yaitu...;UNPAD;UI;UGM;ITB;ITB;D
11;Tokoh yang menjadi koordinator alamat IP pertama kali di Indonesia adalah...;M. Samik-Ibrahim;Robby Soebiakto;Adi Indrayanto;Suryono Adioemarta;Putu;b
11;Amatir Packet Radio Network merupakan kepanjangan dari...;AMPR;AMPR-nett;AMPR-n;AMPR-Net;AMPRN;d
11;Lembaga penelitian Antariksa Jerman yang bekerja sama dengan LAPAN adalah...;DLR;DRL;RLD;RDR;RDR;D
11;Cara menyambung ke internet secara umum ada...;satu cara;dua cara;tiga cara;empat cara;lima cara;b
11;Local Area Network merupakan kepanjangan dari...;LANe;LANt;LAN;LANetwork;LAN user;c
11;Sambungan perorangan disebut...;corporate user;home user;University user;local user;building user;b
11;Sambungan perkantoran/kampus disebut...;building user;local user;home user;corporate user;corporate user;D
11;Kecepatan pengiriman data di media komunikasi biasanya ditulis dalam jumlah...;bpsn;bpsd;bprs;bps;bpps;d
11;Wajanbolic E-goen dapat menjangkau jarak sekitar...;2-3 km;3-4 km;4-5 km;1-2 km;5-6 km;b
11;1 Byte sama dengan...;1 bit;5 bit;9 bit;8 bit;10 bit;d
11;Kecepatan 1 kilo bps sama dengan...;1 kbps;1 giga bps;10 kbps;1 Mbps;1 Gbps;a
11;Alat yang akan memasukkan informasi digital ke sinyal pembawa yang sifatnya analog dan juga mengambil informasi yang dikirim dari sinyal pembawa disebut...;modulator;modulator modern;moulator modem;modulator-demodulator;modulator-demodulator;D
11;Kabel untuk sambungan antarnegara atau benua adalah...;kabel internet;kabel serat;kabel fiber optik;kabel rambut;kabel jaringan;c
11;Berikut perangkat lunak open source yang sering digunakan pada router, kecuali...;XORP;Untangle;IPCOP;Windows;Windows;D
11;Kecepatan wajanbolic E-goen 1 Mbps sampai dengan...;50 Mbps;45 Mbps;100 Mbps;54 Mbps;54 Mbps;D
11;ARPANet diperkenalkan pada bulan...;Agustus 1972;Sep-72;Oktober 1972;Nov-72;Desember 1972;c
11;Advanced Research Project Agency Network merupakan kepanjangan dari...;APRAN;APR;APRANK;ARPANet;ARPANet;D
11;Internet Corporation for Assigned Names and Numbers merupakan kepanjangan dari...;ICAN;CANN;ICANN;ICANNS;IFCANN;c
11;Jon Postel wafat pada tanggal...;16 Juli 1998;16 Agustus 1988;16-Sep-98;16 Oktober 1998;16-Nov-98;d
11;Berikut ini termasuk search engine, kecuali...;facebook;google;altavista;Excellite;yahoo;a
11;Awalnya internt dibentuk oleh departemen pertahanan dari negara...;Rusia;Kanada;Amerika;Jerman;Inggris;c
11;Dalam internet dipergunakan bahasa atau kode-kode yang disebut...;HTMT;HTXT;HMSN;HTML;HLXL;d
11;Perintah New pada e-mail digunakan untuk...;membuat e-mail baru;membuat naskah baru;membuat alamat baru;membuat surat baru;semua jawaban benar;d  
11;Surat elektronik dalam internet sering juga disebut dengan istilah...;post mail;eudoramail;web software;E-mail;E-mail;D
11;Berikut ini merupakan kebutuhan minimal agar dapat terhubung ke jaringan internet, kecuali...;hardware;software;internet akses;flashdisk;flashdisk;D
11;Hypertext transfer protokol disingkat menjadi...;HPTP;HTP;HTTP;PTHP;HTTPI;c  
11;Format yang dipakai untuk membuat dokmen Hypertext dalam istilah internet disebut...;HTTP;browser;domain name sistem;uniform resource locator;word web wide;a  
11;HTML sering disebut sebagai markup language karena...;berisi tanda tangan;berisi bahasa Indonesia;berisi tanda-tanda tertentu untuk menentukan tampilan suatu teks dan tingkatan kepentingan dari teks suatu dokumen;berisi alamat militer;berisi tanda-tanda rahasia milik Negara dan hanya bisa diakses oleh orang-orang tertentu;c  
11;Berikut istilah-istilah di dalam internet, kecuali...;WWW;HTTP;Domain Name;Horoscope;Horoscope;D
11;Mengirim atau menaruh data pada internet disebut...;upload;download;dial-up;donwlink;disconnect;a  
11;Surat elektronik yang berisi pesan-pesan elektronik di internet sering disebut dengan...;E-mail;E-www;Web-mail;Pop mail;website;a  
11;Kata submit dalam mendownload e-mail berarti...;kirim;izin;aturan;dafar;keluar;a  
11;Mendaftarkan diri pada situs free e-mail dalam istilah internet dikenal dengan nama...;look up;log in;sign up;account up;log out;c  
11;DNS adalah kepanjangan dari...;Domain None survey;Domain Nose Sort;Disk Name System;Domain Name System;Domain Node System;d  
11;Berikut ini adalah menu-menu yang terdapat pada Internet Explorer, kecuali...;file;edit;favorite;format;format;D
11;Arti dari free-mail adalah...;pesan asli;gangguan e-mail;lokasi tempat tinggal;E-mail gratis;E-mail gratis;D
11;Membalas e-mail yang masuk dalam kotak emial disebut...;tresh;reply;outbox;composs;inbox;b  
11;Isitlah berikut ini yang berarti mengirim 1 e-mail disebut...;compose;boming email;attachment;reply;booting;a  
11;"Pesan khusus dari orang lain yang berbunyi ""Hi, I'm Jhon, want to chat with me?\..."" merupakan pesan yang berarti...";Maukah berolahraga dengan saya?;Sedang bermain sepakbola;Maukah mengobrol dengan saya?;Mengobrol dan berkencan dengan saya;Hai, aku punya kucing yang cantik;c  
11;Istilah id pada alamat komputer menyatakan nama web server pada jaringan di...;Inggris;Indonesia;Jerman;Amerika;Singapore;b  
11;Istilah domain org pada internet digunakan bidang...;pendidikan;komunitas;sistem komputer;cool story;combo box;b  
11;Kepanjangan dari WWW adalah...;World Web Western;World Wide Web;World Ware Western;World Wide Western;Word Web Wide;b  
11;Proses menjelajah informasi yang beraneka ragam dalam istilah internet sering disebut...;boster;surfing;internet;browsing;booting;d  
11;Mengambil data dari internet atau dari suatu jaringan disebut...;upload;download;dial-up;downlink;disconnect;b  
11;Perintah untuk menyimpan halaman web adalah...;file -> save as;edit -> copy;edit -> paste;file -> close;file -> print;a  
11;Perintah untuk mencetak halaman web adalah...;file -> save as;edit -> copy;edit -> paste;file -> print;file -> print;D
11;Modem merupakan alat penghubung antara komputer yang satu dengan yang lain melalui...;saluran telepon;saluran internet;saluran file;saluran listrik;saluran jaringan;a  
11;Manfaat logout setelah selesai membuka e-mail adalah...;agar password tidak dibajak orang;agar tersimpan;agar terkirim;agar semakin mantap;agar dapat dibaca kembali;a  
11;Program yang diproduksi oleh perusahaan Microsoft adalah...;mozilla;google chrome;internet explorer;ferrari;opera;c  
11;Di bawah ini merupakan manfaat internet bagi pelajar, kecuali...;pencarian materi pelajaran;mencari pengetahuan umum;pencarian lowongan kerja;sarana berkomunikasi;mencari materi tugas;c  
11;www.yahoo.com. Ini merupakan contoh dari...;sebuah e-mail;sebuah website;sebuah browsing;sebuah chatting;sebuah browser;b  
11;bobbay88@gmail.com. Ini merupakan contoh dari...;sebuah e-mail;sebuah website;sebuah browsing;sebuah chatting;sebuah browser;a  
11;Perintah forward pada Ms. Outlook berfungsi untuk...;meneruskan pesan yang diterima kepada orang lain;membatalkan pengiriman pesan;menyimpan pesan;menyalin pesan;mengedit pesan;a  
11;Apabila Anda ingin membuat e-mail, tombol yang Anda klik adalah...;compose;check mail;send;spam;delete;a  
11;Sinyal dari satelit dapat diperkuat dengan suatu hardware berupa...;repeater;router;bridge;hub;gateway;b  
11;Untuk dapat terkirim dan menerima email dari seseorang, Anda harus memiliki;E-mail account;uang pendaftaran;E-mail lost;E-commerce;semua jawaban salah;a  
11;Faktor-faktor yang dapat mempengaruhi kecepatan mengakses internet adalah...;Pembyaran tertunda;modem yang digunakan;virus protection;bentuk gambar;jenis gambar;b  
11;Berikut ini merupakan search engine yang benar, kecuali...;www.yahoo.com;www.google.com;www.fasterband.com;http.eudoramil.cm.www;www.kompas.com;d  
11;Surat elektronik yang berisi tentang perdagangan pada internet sering disebut...;E-mail;E-commerce;dangerous vista;pop mail;ICQmail;b  
11;Bila Anda ingin mengirimkan kartu ucapan Hari Raya kepada teman Anda, dapat menggunakan fasilitas...;Undo dan redo;Submit;Damage e-mail;Kartu elektronik;Search engine;d  
11;Pada saat Anda mendaftarkan diri pada situs free e-mail (e-mail gratis) dalam istilah internet dikenal dengan nama istilah...;mail client;POP e-mail;Sign-Up;Distance e-mail;E-mail account;c  
11;Perintah yang digunakan untuk melampirkan dokumen pada saat pengiriman adalah...;trash;subject;Sender;Attach File;Attach File;D
11;Ctrl+P adalah shortcut untuk memunculkan dialog...;print;customize;heater;format cells;page setup;a  
11;"Ikon ""Undo"" berfungsi...";mencetak dokumen;membatalkan perubahan;membuka file;menyimpan file;memotong bagian dari dokumen;b  
11;"Icon ""Save"", ""redo"", dan ""undo"" merupakan bagian menu dari...";Ribbon;Office button;Status Bar;Quick Access Toolbar;Quick Access Toolbar;D
11;Shortcut untuk menyimpan workbook pada excel adalah...;Ctrl+B;Ctrl+P;Ctrl+C;Ctrl+S;Ctrl+S;D
11;Formula dalam Ms Excel yang digunakan untuk menghitung rata-rata dari suatu data adalah...;SUM;MAX;AVERAGE;MIN;IF;c  
11;Fungsi utama program microsoft excel adalah suatu aplikasi yang berfungsi untuk...;mengolah kata;mengolah angka;mengelola dokumen;berkomunikasi;mencari informasi;b  
11;Berikut merupakan shortcut yang digunakan dalam memformat teks agar menjadi miring, yaitu...;Ctrl+B;Ctrl+I;Ctrl+U;Ctrl+S;Ctrl+O;b  
11;Untuk menambah garis dalam excel, perintah yang diklik pada menu Insert adalah...;Insert Cells;Insert Sheet Rows;Insert Sheet Column;Insert Sheet;Insert Name;b  
11;Untuk memindahkan atau menyalin worksheet, menu yang harus dipilih setelah klik kanan pada tab sheet adalah...;Delete;Rename;Select all sheet;move or copy;paste;d  
11;Untuk memberi bingkai pada sel, menu yang harus dipilih pada kotak dialog format cells adalah...;number;alignment;borders;font;fill;c  
11;Fungsi dari button Exit adalah...;mengakhiri program;membuka program;memformat program;menjalankan program;menghapus program;a  
11;Dibawah ini yang tidak termasuk perintah memulai Microsoft Excel adalah...;Start-program-microsoft word;dobleklik icon new.xlsx;klik kanan icon, open data excel;double klik pada file latihan fungsi loka.xls;double klik pada folder excel;a  
11;Dalam Ms. Excel pangkat suatu data/angka menggunakan symbol...;*;-;/;^;+++;d  
11;Apa yang dimaksud dengan sel (cell) dalam excel?;kumpulan dari workseet;kumpulan beberapa sel;pertemuan antara baris dengan kolom;pertemuan antara sel dengan range;lembar kerja dalam excell;c  
11;Worksheet adalah...;kumpulan dari worksheet;kumpulan dari beberapa sel;pertemuan antara baris dengan kolom;lembar kerja dalam excel;lembar kerja dalam excel;D
11;Shorcut untuk save as pada lembar kerja excel adalah...;F12;Ctrl + S;Alt + F4;F4;F3;b  
11;Berikut ini yang merupakan symbol pembagian dalam Ms Excel adalah...;/;+;-;*;\;a  
11;Berikut ini yang tidak terdapat pada menu Home adalah...;cut;diagram;copy;paste;format painter;b  
11;Ekstensi/type file yang digunakan pada ms. excel adalah...;*.cdr;*.ppt;*.pwt;*.xls;*.exl;d