Kelas;Soal;A;B;C;D;E;Jawaban  
12;Industri komponen otomotif Indonesia belum mampu bersaing dengan industri komponen luar negeri... Gagasan pokok teks tersebut adalah ...;negara berbasisproduksi industri;persaingan industri komponen otomatif;hambatan pengembangan industri otomotif;negara resembling dan adopting;keunggulan industri otomotif Indonesia;C
12;Googling telah menjadi istilah umum... Makna istilah disematkan dan fenominal pada teks tersebut adalah ...;dialamatkan, trend;disampaikan, terbesar;ditambatkan, terkenal;disebutkan, terbaik;ditujukan, strategis;C
12;Ada tiga hal yang harus dilakukan orang tua dalam menjaga tumbuh kembang anak-anak... Simpulan teks tersebut adalah ...;Komunikasi antara anak dan orangtua sangat penting...;Kepedulian orangtua harus ditunjukkan pada anak...;Psikologi anak harus dipahami orangtua...;Orangtua harus mendidik anak dengan teknik...;Penggunaan teknik mendidik masa kini...;A
12;Dalam rangka memperingati Hari Kebangkitan Nasional... Pernyataan yang sesuai dengan isi teks tersebut adalah ...;Promosi dan inspirasi gaya hidup sehat...;Kegiatan lari santai mengundang pelari...;Ajang berkumpulnya para pelari yang...;Kegiatan ini digelar untuk mewadahi...;Di Jakarta saat ini terdapat 600 pelari...;B
12;Kecintaannya pada batik menyebabkan ia senang berbelanja di pasar Bringhardjo... Kata yang penulisannya tidak sesuai dengan ejaan bahasa Indonesai adalah ...;di pasar;Bringhardjo;memadu padankan;dipadu;dikreasi;B
12;Bunga sepatu atau kembang sepatu merupakan tanaman... Sinonim kata bentuk dan semak pada teks tersebut adalah ...;jenis, rendah;model, perdu;ciri, pendek;jenis, perdu;model, rendah;D
12;Kurangi tumpukan sampah dengan berbagai cara pengolahan di tempat... Inti kalimat yang tepat untuk kalimat tersebut adalah ...;kurangi sampah;olah sampah;cara mengolah sampah;olah di tempat;tumpukan sampah;A
12;Bacalah kutipan puisi berikut! Bung Karno... Tema puisi tersebut adalah ...;kesiapan;kepatuhan;kekuatan;keberanian;keberanian;D
12;Meskipun belum banyak dikenal pembaca... Makna ungkapan buah pena yang terdapat dalam teks tersebut adalah ...;lukisan;tulisan;gagasan;rancangan;pahatan;B
12;Tantangan bangsa Indonesia di era modern ini bukan lagi buta aksara... Kata ganti yang tepat untuk melengkapi teks tersebut adalah ...;kami, mereka;kita, kami;kami, kita;kita, mereka;kita, mereka;D
12;Agar pidato berjalan dengan baik, pembicara harus memahami hal-hal berikut ini, kecuali ...;memahami kondisi hadirin yang mendengarkan;menguasai topik yang dibicarakan;membuat kerangka pidato;pidato tanpa teks;pidato tanpa teks;D
12;"Di tengah lagu ""I'm Not Called Sexy Bitch"" yang dibawakan yang digunakan Duo Ratu, tiba-tiba sound system yang digunakan rusak. Vokal Mulan pun hilang ditelan beberapa instrument musik yang masih aktif. Terlihat benar, betapa kedua penyanyi itu berusaha tetap tampil wajar. Akan tetapi, gurau kepanikan tetap saja terlihat di wajah mereka. Ide pokok paragraf di atas adalah ...";"Lagu ""I'm Not Called Sexy Bitch""";Sound system yang digunakan Duo Ratu rusak;Vokal Mulan pun hilang;Instrumen musik Ratu masih aktif;Gurat kepanikan tetap saja terlihat di wajah mereka;b
12;Kegiatan mengubah cerpen yang panjang menjadi pendek dengan hanya menjelaskan hal-hal pokok disebut ...;menyingkat;meringkas;merangkum;membuat ikhtisar;membuat ikhtisar;D
12;Anggota partai itu ... sisa dana tahun lalu kepada bendahara partai. Kata yang tepat untuk melengkapi kalimat tersebut adalah ...;mempertanyakan;memperkatakan;mempersedekahkan;mempertabungkan;memperbanyakkan;a
12;Penulisan kata serapan yang tepat terdapat pada kalimat ...;Akomodasi selama di Jakarta ditanggung oleh panitia.;Mereka sedang mendeskripsikan terjadinya peristiwa.;Makanan itu menggunakan sakharin.;Tenaga yang dihasilkan diperoleh secara hidrolis.;Setiap pekerja mendapat kondite dari atasannya.;a
12;Perwakilan tokoh cerita dalam sebuah karangan narasi berbentuk novel dapat dikenal melalui berikut ini, kecuali ...;tindakan;tempat tinggal;waktu terjadinya;bentuk atau ciri fisik;lingkungan kehidupan;c
12;Untung rugi tanaman genetik terus menjadi perdebatan hangat di negara-negara maju. Menurut pernyataan di atas yang menjadi perdebatan adalah ...;tanaman genetik;tanaman genetik di negara-negara maju;untung rugi tanaman;untung rugi tanaman genetik;untung rugi tanaman genetik di negara-negara maju;d
12;Kalimat yang berisi opini adalah ...;Pergantian pimpinan universitas terjadi 4 tahun sekali.;Menurut peraturan, rektor menduduki jabatan selama 4 tahun.;Rektor baru itu sangat disukai mahasiswa karena sifat keterbukaannya.;Rektor itu telah menduduki jabatannya selama 4 tahun.;Jabatan sebagai rektor universitas terkenal telah dijalaninya dengan senang hati.;c
12;Kisah cinta aminudin dan mariamin yang berakhir secara tragis terdapat dalam karya sastra berikut ...;Kehilangan Mestika karya Hamidah;Jalan Tak Ada Ujung karya Mochtar Lubis;Siti Nurbaya karya Marah Rusli;Azab dan Sengsara karya Merari Siregar;Salah Asuhan karya Abdul Muis;d
12;Unsur-unsur yang membentuk puisi baru tertera di bawah ini, kecuali ...;pilihan kata;susunan kalimat;penggunaan rima;pengaruh Kebudayaan Barat;pengaruh Kebudayaan Barat;D
12;Imbuhan me- yang menyatakan melakukan adalah ...;Ayah memperlambat laju mobil.;Bola itu memantul ke dinding pagar.;Tubuhnya jatuh membentur ke jalan.;Pekerjaannya mengamen tiap hari di sepanjang jalan ini.;Ibu memasakkan ayah nasi goreng;d
12;Deret kata barisan tak bergenderang-berpalu pada barisan kedua bait kedua bermakna ...;berperang membawa genderang;rasa kemanusiaan yang tinggi;semangat perjuangan tinggi;kesombongan membawa celaka;kepahlawanan yang terlupakan;c
12;Hubungan antara tema puisi dengan masalah kehidupan saat ini adalah ...;Kita harus berbuat apa yang bisa dilakukan.;Lebih baik mati tertimbun tanah daripada hidup bercermin bangkai.;Kita harus selalu menggelorakan semangat berjuang dalam membangun negeri yang kita cintai ini.;Di dalam pembangunan saat ini kita harus percaya diri, bersemangat, kuat bekerja, dan tidak mengenal putus asa.;Adapun rintangan, tantangan, dan masalah yang dihadapi tidak membuat kita cepat menyerah.;d
12;Para seniman merasa menjadi warga kelas dua, Frasa warga kelas dua dalam kalimat tersebut berarti ...;masyarakat yang terdiri dari seniman;masyarakat yang tidak disenangi;masyarakat yang dianggap rendah;masyarakat yang tak punya uang;masyarakat yang tak punya materi;c
12;anak tukang cukur itu mau menikah. Nasibnya baik. Dia mendapatkan jodoh seorang pegawai negeri. Siapa mengira, anak si tukang cukur, bisa mendapatkan jodohnya seorang pegawai kantoran. Sudut pandang yang digunakan pengarang dalam kutipan tersebut adalah ...;orang pertama sebagai tokoh utama.;orang pertama sebagai tokoh sampingan.;orang ketiga sebagai pencerita.;orang pertama bukan tokoh utama.;orang pertama dan ketiga;c
12;Penggunaan sapaan dalam berpidato sangat penting. Hal ini dimaksudkan untuk ...;menarik perhatian pendengar;menghormati;meyakinkan;memengaruhi;merespon pendengar;b
12;Naskah pidato hendaknya disusun dengan memerhatikan hal-hal berikut, Kecuali ...;mempertimbangkan segi-segi keunggulan;ide disampaikan secara padu dan utuh;sampaikan dengan singkat, padat, tidak bertele-tele, dan runtut;berikan contoh dan ilustrasi yang sesuai;gunakan kalimat-kalimat yang lugas dan enak didengar;a
12;Kasus diskusi: Penanggulangan ketertiban berlalu lintas. Kalimat pertanyaan yang relevan untuk membuka diskusi adalah...;Apa penyebab ketidakamanan dan ketidaktertiban masyarakat...;Bagaimana langkah-langkah yang diambil aparat...;Mengapa lalu lintas di kota-kota besar semrawut...;Upaya-upaya apa saja yang harus dijalankan oleh masyarakat...;Upaya-upaya apa saja yang harus dijalankan oleh masyarakat...;D
12;Tanggapan penolakan di bawah ini yang tepat adalah...;Saya tidak sependapat dengan Anda yang tidak masuk akal;Maaf, hal itu tidak dapat diterima;Saya tidak setuju sebab hal itu tidak benar;Saya kurang sependapat dengan Bapak karena saya belum yakin...;Saya kurang sependapat dengan Bapak karena saya belum yakin...;D
12;Langkah yang tepat untuk meyakinkan pendengar atas pendapat pembicara adalah...;Tujuan jelas, berwajah serius, berterus terang;Tujuan jelas, memakai kata-kata ilmiah, menggunakan teks;Tujuan jelas, membangkitkan semangat, tanpa teks;Tujuan jelas, mengemukakan fakta, tidak berbelit-belit...;Tujuan jelas, mengemukakan fakta, tidak berbelit-belit...;D
12;Pernyataan yang tepat disampaikan moderator saat membuka diskusi tentang peran wanita...;Saudara-saudara, mari kita mulai membicarakan masalah...;Saudara-saudara, marilah kita mulai diskusi pagi ini...;Saudara-saudara, marilah kita awali diskusi tentang...;Saudara-saudara, terima kasih atas kehadiran Anda...;Saudara-saudara, terima kasih atas kehadiran Anda...;D
12;Di bawah ini termasuk pola menarik kesimpulan kecuali...;analogi;kronologi;sebab-akibat;haplologi;akibat-sebab;B
12;Bahasa laporan hendaknya tidak memenuhi kriteria berikut...;logis;baku;bahasa yang rancau;mudah dipahami;jelas;C
12;Kalimat santun untuk menyanggah pendapat saat diskusi adalah...;Saya sama sekali menolak pendapat Saudara;Saya tidak setuju dengan apa yang Saudara katakan...;Saudara seharusnya memikirkan apa yang akan...;Saudara sungguh-sungguh tidak logis;Pendapat Saudara sangat mustahil...;B
12;Dalam evaluasi laporan, hal yang harus diperhatikan adalah...;keaktualan serta kebenaran dan data yang disajikan;menyatukan fakta dan pendapat;menarik kesimpulan dari salah satu paragraf;mengeluarkan pendapat subjektif;selalu curiga atas isi laporan;A
12;Kalimat berikut yang memiliki keterangan waktu adalah...;Ibu pergi ke pasar tadi pagi;Ayah membelikan adik mainan;Ridwan tertidur di meja;Suci menyerupai ibunya;Ayah berangkat ke kantor;A
12;Di bawah ini adalah pihak yang terlibat dalam diskusi kecuali...;moderator;pembicara;notulis;ketua;ketua;D
12;Yang tidak termasuk unsur surat lamaran pekerjaan adalah...;tanggal surat;ucapan terima kasih;alamat surat;isi surat;hal;B
12;Unsur-unsur intrinsik cerpen adalah...;psikologi -- penokohan -- pesan;alur -- konflik -- tema;latar -- alur -- amanat;tokoh -- penokohan -- filsafat;amanat -- budaya -- tema;C
12;Kalimat penolakan pendapat yang santun dalam diskusi adalah...;Saudara penyaji, dapatkah Saudara memberikan jalan keluar...;Saya tidak setuju dengan Saudara penyaji karena...;Saudara penyaji, rokok memang dapat merusak...;Saudara penyaji, saya setuju bahwa merokok...;Saudara penyaji, bagaimana kita melarang orang...;C
12;Pemerintah Kabupaten Tangerang memperbaiki 43 sekolah... Kalimat opini dalam paragraf tersebut adalah...;pertama dan kedua;kedua dan ketiga;ketiga dan keempat;keempat;ketiga;C
12;Membuat surat lamaran yang baik harus ditinjau dari segi...;kalimat -- kata;EYD -- hal;kaitan antarkalimat -- hal;hal -- struktur;diksi -- EYD;A
12;Yang bukan persyaratan menulis di media cetak adalah...;bersifat aktual dan faktual;mengandung gagasan sentral yang jelas;tidak menyerang pribadi seseorang;mengandung materi promosi komersial;mengandung unsur ilmiah popular;D
12;Kalimat pembukaan pidato yang baik adalah...;Saudara-saudara sekalian yang saya hormati...;Pertama-tama saya ucapkan terima kasih...;Hadirin yang terhormat, saya ucapkan terima kasih...;Para hadirin yang saya hormati...;Saudara-saudara sekalian, kami haturkan...;C
12;Sambutan selanjutnya akan disampaikan oleh Pak Susilo... Lanjutan yang tepat adalah...;Bapak diperbolehkan baik ke atas mimbar;waktu dan tepat saya persilahkan;Bapak Susilo saya persilahkan;silakan Bapak berpidato di atas mimbar;waktu dan tempat telah kami sediakan;C
12;Karya sastra yang memiliki fenomena estetika adalah yang...;memberi kenikmatan dan rasa indah;mampu menghidupkan pengetahuan membaca;menyajikan masalah norma/moral secara matang;tidak terikat waktu dan tempat;mengungkapkan fakta secara langsung;A
12;Ketika kami datang, mereka sedang asyik berdiskusi. Klausa utama kalimat tersebut adalah...;ketika kami datang;kami datang;mereka sedang asyik berdiskusi;mereka berdiskusi;kami datang mereka berdiskusi;C
12;Segala hal yang dilakukan selama ini sebenarnya tidak konsisten. Makna kata konsisten adalah...;tata asas;ada gunanya;berbahaya;penting;tepat;A
12;Untuk menyatakan orang yang berhak menerima harta warisan, istilah yang tepat adalah...;waris;warisan;pewaris;ahli waris;terwaris;D
12;Fizha: I need to finish this product proposal today and I have to catch a train at 5:15. Alisha: ... . Fizha: That's very kind of you.;I am sure you can finish it soon.;I don't think I can help you.;Can I give you my hand?;Can you help me?;#;c  
12;Melati: What do you usually do during the day? Dika: I start working at seven A.M and finish it at seven P.M. Usually, ... Melati: You are a sales, aren't you? Dika: Absolutely right.;I meet my siblings for a discussion;I help the customers to complain;I sell all the declined products;I market the products;#;d  
12;Adzkia: I need to find a lot of sources for my script. Do you have any recommendation? Adna: ... And I think it is easy to do and of course you need reference books.;Do you have a calculator?;The script is not so difficult.;You can help me find it soon.;Have you browsed the internet?;#;d  
12;Firda: What do you think is the best way for us to get to the conference? Baiza: We take the train. We could get some work done on the way. Firda: ... That is the best plan, I think.;I am not sure;I don't think so;I couldn't agree more;I have no idea about it;#;c  
12;Ibal: Ilham, are you going to be in your office Thursday morning? If you are not, could I work there? ... Ilham: You are in luck, Ibal. I'll be out until Friday.;I can accompany you all day.;My office is being painted.;I left my key there.;I will be off.;#;b  
12;Supervisor: We are going to have the sales meeting this afternoon. ..., please. Shinta: Of course, sir. I still need the sales manager's signature. Supervisor: Do it right away. We don't have much time.;Finish the meeting result;Get the report ready;Sign the report;Send it to me;#;b  
12;Aleesha: Have you made any vacation plans? Mika: Yes. ...;I'm going to go snorkeling;I was in London last month;I went to Dieng with my friends;I have been to Raja Ampat in Papua;#;a  
12;Memet: What is Mr. Tito doing? Icut: ... . Memet: Really? Is he leaving now? Icut: Yes.;He's going to work the whole day;He's painting a beautiful view;He's preparing his luggage;He's baking some bread;#;c  
12;Gatot: Your math score was so good in the final test. Did you make any preparation? Lutfi: ... and I understood all the item tests.;I joined education exhibition last week;I always revised math's problem after school;My brother was good in solving the problem;My teacher gave extra lessons to other school;#;b  
12;Ikrami: Which sport do you prefer, Fathir? Fathir: ... I always do it every week.;I enjoy doing it.;I am keen on riding horses.;I like reading sports magazine.;I'm interested in writing about it.;#;b  
12;The Liberal Democrats and the Green party _________ a coalition before the committee count the ballot paper.;Had formed;Have formed;Have been formed;formed;form;a  
12;The unsuccessful candidates in the General Election congratulated the new MP after they _______________ .;Have been chose;Are chose;Chose.;had been chose;had been chose;D
12;The government promised, when they were elected, that they _______________ taxes.;Would raise;Would rose;Will not raise;would not raise;will raise;d  
12;The company's most valuable asset _________ their city-centre property.;Are;Is;Has;was;were;b  
12;Peter is suffering from stress because of work problems and he _________________ to try meditation.;Had been advised;Is advised;Advices;has been advised;has been advised;D
12;Rendy ______________ his lung cancer regularly.;Checks up;Is checking up;To checking up;checked up;checking up;a  
12;By this time next year, my English teacher _______________ from this job.;Will have resigned;Resigns;Resigned;will resign;will be resigned;a  
12;Most of the children in the school ________________ against polio.;Have been already vaccinated;Have been vaccinated;Have already been vaccinated;have vaccinated;had vaccinated;c  
12;The victim of the car crash _______________ to hospital where he is said by doctors to be in a critical condition.;Has taken;Took;Had been taken;has been taken;is taken;d  
12;On April 2011, we ___________________ national examination test therefore we have to prepare all the things.;Will be having;Have;Have had;will have;had;d  
12;Heart attack _______________ lead us to death.;May;Might;Will;could;should;a  
12;A white woman ________ wanted to marry a black man left South Africa because of apartheid.;Whom;That;Who;which;where;c  
12;Sharks are marine animals ________________ at the top of the ocean's food chain for million of years.;That have lived;Which have lived;When have lived;that lived;where have lived;a  
12;The teacher _______________ I admired is my English teacher.;Whom;Where;Which;who;that;a  
12;To lead a well balanced life, you need to have other interest ________ studying.;And;Besides;On;beside;between;b  
12;The company has launched the newest product. The newest product _______________ by the company.;Had launched;Has been launched;Has been being launched;is launched;launched;b  
12;The ballot box ________________ by an opposition in order to avoid being eliminated.;Might be stolen;Might steal;Would be stolen;might have been stolen;will steal;a  
12;The streets are wet.  it ________________ last night.;Must rain;Must be rained;Must have rained;might rain;rained;c  
12;The theory of continental Drift assumes that there ________ long term climatic changes in many areas during the past.;Must have been;Must;Might have;must be;must have;a  
12;The officials enjoy having extra facilities but the citizen _______________.;Don't;Done so;Could;didn't;do;a  
12;He orders people around as if he were the owner of the restaurant. It can be concluded that ______________________;he has worked hard to own the restaurant;he has been the owner for years;he is very proud of his restaurant;he is just an ordinary employee;he has a successful businessman;d  
12;Collin: I wish I celebrated my party at Sahid hotel. Robert: Oh, yeah. From the dialogue we know that Collin's party ______________.;was at hotel;will be in the garden;is not at Sahid hotel;was not at Sahid hotel;is celebrated at Sahid hotel;d  
12;He told me a lot about Philippines. He ________________ there for a long time.;Must have lived;Might be living;Ought to have lived;should be living;would have lived;a  
12;There were plenty of tickets left for the concert. We ________________ have bought them in advance.;Couldn't;Shouldn't;Might not;mustn't;wouldn't;b  
12;The duties of the new secretary are to answer the telephone, to type letters and ________________ the book keeping.;doing;did;do;to do;done;d  
12;After the reward had been distributed, the participants _______________ out of the room.;Went;Have gone;Were going;go;going;a  
12;If our president had managed these issues, the citizen ________________ that building.;Would not have destroyed;Will destroy;Would be destroyed;destroy;would destroy;a  
12;I was thinking my future. My feature ________________;Is being thought;Thought;Was thought;was being thought;was being thought;D
12;'Are you the owner of this vehicle?' Asked the policeman. The policeman asked me whether I ________________ the owner of that vehicle.;Am;Was;Have;were;have been;b  
12;It is zebra crossing.  cars _______________ stop to let us cross here.;Have to;Should;Need to;may;might;a  
12;'It is being debated by the prime minister', told John. John told that it ________________ by the prime minister.;Was being debated;Is debated;Debates;is being debated;has been being debated;a  
12;The two skiers were killed _______________ an avalanche.;At;From;Between;on;in;b  
12;The professor is seeking to establish the nature of the changes in the _______________ of the area since it became industrialized.;Ecological;Ecosystem;Ecologically;ecology;ecologist;b  
12;Amy is director of a local _______________ organization.;Charitable;Charitably;Charityfies;charity;charities;a  
12;By invading the generals met with the _______________ of the world's press.;Condemned;Condemnation;Condemnational;condemning;condemn;b  
12;She was really a weird, cool, and _______________ girl.;A pious;A piety;Piously;pious;piety;d  
12;In this term we are focusing on ecosystem, conservation and ________________.;Industrialist;Industry;Industries;industrial;deforestation;d  
12;The parliament need to rethink, revise, and _______________.;Reformed;Reform;To reforming;reforming;to reform;b  
12;The minister education suggested having a standard of healthy life and _______________ the quality of life.;Improve;Improved;To improving;To improve;improving;d  
12;The list of the broadcast in this week are: breezy, chilly, cool, clear and _______________.;Dry;Dried;Dryly;dryness;drain;a  
12;Good news can be described as ...;information that is encouraging;information about bicycle accident;information that is negative;information which is terrible;information you want to avoid;A
12;One function of news is ...;to inform about recent events;to even the information nearby;to share your ideas about something;to make sensations;to lose some information;A
12;A suitable expression to deliver good news is ...;I'm really pleased to tell you;I'm afraid I've got news for you;I'm sorry for saying this;I don't know what to say;Not good news I suppose;A
12;Bad news can be described as ...;unpleasant information;the news that spreads fast;peasant information;the happening events;desirable information;A
12;A suitable expression to deliver bad news is ...;I'm sorry to have to say this;I'm really pleased to tell you;I think it won't make you sad;this will please you;great news for you;A
12;The expression that can be used to respond to good news is ...;I'm glad to know that;It sounds like nonsense;That sounds terrible;I like fantastic four;I'm a gladiator;A
12;The expression that can be used to respond to bad news is ...;That's unfortunate;That's for my nation;I can't do this anymore;I'm sorry for coming late;I believe you;A
12;Your friend has broken her left arm in a sport activity, you consider this as ...;Terrible news;Not bad news;Fantastic news;Traffic news;Terrific news;A
12;Your mother has finally opened her business, you consider this as ...;Good news;Kind act;Great show;Nothing special;Usual deeds;A
12;There are some parts/generic structures of job vacancy. EXCEPT ...;address/contact;job application;qualification;purpose;title;B
12;Below are some models of job vacancies, EXCEPT ...;job fair;scholarship;job recruitment;walk-in interview;broadcasted in radio;B
12;Below is NOT one of the characteristics of a job vacancy ...;using short sentence;using simple language;giving detail information;using complex sentence and short information;using complex sentence and short information;D
12;Interested candidates who meet the requirements, please apply with resume...;resume;qualifications;address/contact;purpose;title;C
12;A: Your novel is great. Can I offer you some advice? B: yes, sure.;Expression of accuse;Expression of complain;Expression of suggestion;Expression of possibility;Expression of impossibility;C
12;Which sentence shows expression of accuse?;Don't be late to go school;He is accused of stealing the book;You should not smoke here;It not as good as I expect;I might I will go to school;B
12;Michael: What should I do with this broken computer? Melinda: ...;Are you sure about that?;I think you should take it to the repairman;Is that computer really broken;No, you should not break it computer;I'll let you know if I get the answer;B
12;Which of the following sentence is expression suggestion?;It was pour;It is not good enough;You're the one to blame;You should repair your motorcycle;It's your fault;D
12;Sam: I think what you did was wrong, David. David: ...;I know. It was a mistake. I am so sorry;Sorry I did not have any more;I forget to take my wallet;I'm sorry. But I'm using it right now;Could it be you again who did it;A
12;A: This is area gas station. You should not smoke here B: All right.;Expression of command;Expression of complain;Expression of accuse;Expression of suggestion;Expression of possibility;A
12;Everywhere he . . . . .(meet) young ladies who told him;meet;met;have met;has met;is meeting;B
12;She . . . . . (tell) the king that she was a real princess;tell;have told;told;telling;is telling;C
12;We didn't . . . . (speak) about green house;speak;spoke;spoken;have spoken;speaking;A
12;. . . . .you feel hungry last night ?;Did;Do;Does;Have;Has;A
12;You didn't . . . . . the book in library, did you?;stole;stolen;steal;stealing;have stolen;C
12;They . . . . . their money for vacation last month.;spend;spent;spending;is spending;will spend;B
12;The next morning the queen asked the princess how she ___ (sleep).;sleep;slept;sleeping;is sleeping;to sleep;B
12;Adi: Why does the baby next door keep crying? Susy: As usual, it . . . . . . . .by the baby sister.;is neglecting;is to be neglected;is neglected;was neglected;neglects;C
12;Ira: May I borrow your laptop? Tita: Certainly, but what's wrong with yours? Ira: It . . . . . . . . .;is breaking;has been broken;is broken;broken;will repaired;C
12;People eat rice in Indonesia. We can also say: Rice . . . . . . . . . . . . in Indonesia;is eaten;has eaten;was eaten;will be eaten;is being eaten;A
12;The book was . . . . . . . by him.;stolen;have stole;steal;stealing;be stolen;A
12;They didn't broke my computer yesterday. In the passive: . . . .;My computer weren't broken by them yesterday;My computer wasn't broken by them yesterday;My computer wasn't broken by they yesterday;My computer wasn't broke by them yesterday;My computer broken by them yesterday;B
12;The criminals burn all my property. Change into passive voice:;All my property is burn by the criminal;All my property are burnt by the criminal;All my property is being burnt by the criminal;All my property will be burnt by the criminal;The criminal is burnt by all my all property;B
12;Budi: How these rock formed? Beni: The rocks ....by the pressure of natural forces for thousand years.;is formed;are formed;was formed;were formed;will be formed;D
12;Dalam ekosistem hutan, tumbuhan menjadi pemasok energi bagi mahluk hidup lainnya, karena tumbuhan dapat...;menghasilkan oksigen untuk oksidasi zat makanan;menggunakan energi matahari untuk menguraikan air;menguraikan senyawa organik menjadi senyawa anorganik;menggunakan energi matahari untuk menghasilkan senyawa organik;menggunakan energi matahari untuk menghasilkan senyawa organik;D
12;Manakah pernyataan yang paling benar berkaitan dengan sistem peredaran darah manusia?;pertukaran gas terjadi pada seluruh pembuluh darah;tekanan pada vena kuat sehingga aliran darah lebih cepat;tingginya tekanan darah di arteri disebabkan oleh pemompaan jantung;semua vena membawa darah yang mengikat CO2 dan sisa-sisa metabolisme lainnya;pada pembuluh kapiler vena dijumpai klep sehingga darah tidak mengalami aliran balik menuju jantung;C
12;Rina sering mengalami nyeri pada ulu hati yang segera hilang setelah minum obat. Berdasarkan informasi tersebut, Rina diperkirakan menderita penyakit...;apendisitis;gastroenteritis;flavus;kolik;ulkus;B
12;Tipe kekebalan humoral non spesifik, mekanisme kerja antibodi sebagai respon humoral melawan antigen dapat dilakukan melalui cara presipitasi, yaitu...;mengendapkan molekul virus yang kemudian difagosit oleh makrofag;menetralkan toksin yang dihasilkan antigen dan menjadikan tidak berbahaya;menetralkan molekul antigen (virus) sehingga tidak bisa menginfeksi sel inang;melekatkan diri pada molekul virus sehingga virus tidak bisa menginfeksi sel inang;bekerja sama dengan protein komplemen dalam plasma dan melekat pada dinding antigen (virus);A
12;Perhatikan susunan basa nitrogen berikut: GACCCGAAG → GACCCAAAG. Mutasi di atas adalah jenis mutasi gen...;inversi;delesi;duplikasi;transisi;transversi;D
12;Jerapah yang ada sekarang adalah jerapah yang berleher panjang. Manakah pernyataan yang benar menurut Lamarck mengenai fenomena tersebut.;Lamarck, karena seleksi alam moyang jerapah yang dulunya pendek menjadi panjang;Darwin, karena seleksi alam moyang jerapah yang dulunya pendek menjadi panjang;Lamarck, karena beradaptasi moyang jerapah yang dulunya pendek menjadi panjang;Darwin, karena beradaptasi moyang jerapah yang dulunya pendek menjadi panjang;Lamarck, karena seleksi alam moyang jerapah yang pendek musnah;C
12;Marmot hitam disilangkan dengan marmot albino menghasilkan 12 keturunan hitam. Penjelasan yang tepat untuk keadaan tersebut adalah...;hitam bersifat resesif;albino bersifat dominan;generasi kedua heterozigot;hitam dan albino alela ganda;hitam dan albino saling mendominasi;C
12;Lalat jantan (PPVV) disilangkan dengan lalat betina (ppvv) dihasilkan keturunan: 210 merah normal, 8 merah keriput, 7 ungu normal, 220 ungu keriput. Nilai pindah silang adalah...;0.01;0.02;0.03;0.04;0.05;C
12;Seorang laki-laki normal menikahi wanita normal yang ayahnya hemofilia. Kemungkinan terlahir anak laki-laki mereka yang hemofilia adalah...;0%;12,50%;25%;50%;75%;C
12;Pernyataan yang menunjukkan teori Darwin tentang evolusi jerapah: (1) Jerapah berasal dari induk berleher pendek (2) Ada jerapah berleher panjang/pendek (3) Memanjang karena lingkungan (4) Jerapah berleher pendek mati;1 dan 2;1 dan 4;2 dan 3;2 dan 4;3 dan 4;D
12;Tapai ketan dapat berubah rasanya dari manis menjadi asam. Timbulnya rasa asam itu karena...;sakarifikasi;alkoholisasi;kontaminasi;fermentasi;sporulasi;d
12;Perkecambahan seperti pada soal nomor 3 misalnya terjadi pada...;jagung dan jarak;kacang kapri dan jagung;kacang hijau dan jagung;kacang kapri dan kacang hijau;kacang kapri dan kacang hijau;D
12;Pertumbuhan primer menyebabkan...;diameter batang bertambah besar;batang dan akar bertambah panjang;daun bertambah besar;ranting pohon bertambah banyak;daun bertambah rimbun;b
12;Salah satu hal yang terjadi pada proses kehidupan adalah penyusunan senyawa yang sederhana menjadi senyawa yang lebih kompleks. Proses tersebut juga dinamakan...;respirasi;katabolisme;transpirasi;anabolisme;disimilasi;d
12;Pada proses fotosintesis tidak diperlukan adanya...;air;oksigen;klorofil;karbon dioksida;cahaya matahari;b
12;Dalam respirasi sel, produk energi yang dapat dimanfaatkan untuk aktivitas sel adalah energy dalam bentuk...;energi panas;energi sinar;ADP;energi kimia;energi kimia;D
12;Fotosintesis adalah proses pembuatan karbohidrat dari CO2 dan H2O pada klorofil dengan batuan cahaya matahari. Reaksi pembentukan karbohidrat ini dipengaruhi oleh faktor-faktor berikut, kecuali...;jumlah CO2 yang ada di udara;suhu udara;jumlah air dalam tanah;jumlah oksigen di udara;intensitas cahaya;d
12;Pertumbuan adalah proses...;pertambahan volume yang resversibel;pertambahan volume yang irreversible;menuju tercapainya kedewasaan;tidak dapat terukur secara kuantatif;hanya dapat dinyatakan secara kualitatif;b
12;Pengikatan karbon dioksida pada fotosintesis dibantu oleh enzim...;karbonatan hidrase;dehidrogenase;hidrogenase;karboksilase;dekarboksilase;a
12;Orang yang pertama kali melakukan percobaan tentang pewarisan sifat adalah...;Lamarck;Darwin;Gregor Mendel;Francesco Redi;Aristoteles;c
12;Pada saat fotofodforilasi nonsiklik terbentuk...;oksigen, ATP, dan glukosa;ATP, RuBP, dan oksigen;NADPH2, oksigen, dan ATP;glukosa, oksigen, dan NADPH2;NADPH2, glukosa dan ATP;c
12;Penyerpan karbohidrat oleh tubuh manusia hanya dapat berupa molekul...;fruktosa;glikogen;amilosa;glukosa;galaktosa;d
12;Pemecahan asam lemak sebelum masuk dalam siklus krebs akan melalui reaksi...;glikolisis;glikogenesis;glukoneogenesis;oksidasi;lipogenesis;a
12;Pernyataan berikut ini yang benar tentang sintesis protein adalah...;DNA merupakan pelaksana sintesis protein yang pertama kali;ARN transfer berperan dalam mengangkut asam amino;kodon yang terdapat dalam rantai sense berfungsi sebagai cetakan;transkripsi adalah penerjemahan kodon yang terjadi di ribosom;transkripsi adalah penerjemahan kodon yang terjadi di ribosom;D
12;Asam nukleat yang mempunyai rantai paling pendek adalah...;ARN duta;ARN ribosom;ARN transfer;ARN messenger;AND;c
12;Jika pada rantai sense mempunyai urutan basa TSA ATS GST GTT AAA, maka ARN duta yang terbentuk mempunyai urutan basa...;USA AUS GSU GUU AAA;TUA ATU GUT GTT AUU;TSA ATS GST GTT AAA;AGU UAG SGA SAA UUU;AGT TASG SGA SAA TGG;d
12;Pernyataan berikut ini yang sesuai dengan sifat-sifat gen adalah...;merupakan substansi hereditas yang hanya ditemukan pada se kelamin;merupakan zarah terkecil pembawa sifat individu;merupakan asam nukleat berantai pendek;sebagai pelaksana sintesis protein dan mengatur pertumbuhan dan perkembangan;dapat mengadakan transkripsi untuk memperbanyak gen baru;b
12;Gen yang dalam keadaan homozigot dapat menimbulkan kematian disebut...;gen tertaut autosom;gen tertaut seks;gen letal;gen epistatis;gen dominan;c
12;Perempuan buta warna menikah dengan pria berpenglihatan normal jika mempunyai anak kemungkinannya adalah...;seluruh anak perempuannya buta warna;separuh dari anak perempuannya buta warna;seluruh anak laki-lakinya buta warna;25% anaknya buta warna dan pasti laki-laki;25% anaknya buta warna dan pasti laki-laki;D
12;Mutasi dapat terjadi karena adanya faktor yang memengaruhinya yaitu...;mutagen;mutan;reaktan;gejala alam;fenomena alam;a
12;Jika di antara basa nitrogen penyusun AND terjadi penggantian guanine oleh basa sitosin, maka mutasinya disebut...;transisi;transversi;translokasi;translasi;transkripsi;a
12;Seorang pasien menjalani terapi dengan sinar X pada lengan atasnya. Jika pada sel-selnya terjadi perubahan materi genetic, maka jenis mutasinya termasuk...;mutasi induksi;mutasi spontan;mutasi somatik;mutasi gametis;mutasi merusak;b
12;Jika kodon yang terbentuk mempunyai urutan SAG AGS AGS GUA AAG SAG, maka anticodon yang diperlukan dalam translasi ada...;2 macam;3 macam;4 macam;5 macam;15 macam;d
12;Adanya perubahan genetik akibat radiasi merupakan salah satu contoh dari proses...;ionisasi;biologi;kimia;fisika;fisika;D
12;Ercis berbiji bulat warna kuning (BbKk) disilangkan dengan sesamanya. Persentase keturunannya yang memiliki genotipe dan fenotipe yang sama dengan kedua induknya adalah...;12,50%;25%;62,50%;1;100%;D
12;Seorang suami yang bergolongan darah A Rhesus negatif mempunyai anak golongan darah B Rhesus positif. Genotipe berikut ini yang sesuai dengan genotipe istrinya adalah...;IBIB;IBIO;IAIB;IAIB;IOIO;c
12;Anthurium majus warna merah disilangkan dengan Anthurium majus warna putih menghasilkan keturunan ungu : merah : putih : = 1 : 1 : 2. Genotipe parentalnya adalah...;Aabb >< aaBB;AAbb >< aaBb;Aabb >< aaBb;AaBb >< aaBb;AaBB >< AaBb;b
12;Pembengkokan tanaman menuju ke arah cahaya dipengaruhi oleh...;cahaya merusak auksin;cahaya merusak giberelin;cahaya merangsang kerja auksin;cahaya merangsang aktivitas giberelin;cahaya merangsang aktivitas jaringan meristem;a
12;Pertumbuhan pada tanaman bersifat tidak terbatas, sebab...;tumbuhan memiliki jaringan meristem primer pada bagian tengah batang dan akar;tumbuhan melakukan pertumbuhan tidak dikendalikan hormone;tumbuhan memiliki jaringan meristem primer pada tiap ujung batang dan akar;jaringan meristem sekunder dapat berfungsi menggantikan peran meristem primer yang mati;jaringan meristem sekunder selalu membentuk sel-sel yang berperan dalam transportasi;c
12;Pembentukan floem primer dan xylem primer pada batang merupakan hasil dari aktivitas...;jaringan spon parenkim;jaringan palisade parenkim;jaringan bunga karang;jaringan meristem primer;jaringan meristem sekunder;d
12;Enzim katalase berperan dalam...;mengkatalis pembentukan protein dalam sel;menghidrolisa amilum menjadi glukosa;membantu pemecahan glukosa dalam sel;membantu pemindahan ion hidrogen ke dalam substrat;mengubah hidrogen peroksida menjadi air dan oksigen;a
12;Bagian enzim yang berperan sebagai tenaga penggerak adalah...;koenzim;apoenzim;holoenzim;gugus prostetik;inhibitor enzim;c
12;Hasil dari glikolisis adalah...;2 asam piruvat, 2NADPH, dan 2 ATP;2 asam piruvat, 2 FADH, dan 2 ATP;2 asam piruvat, 2 NADH, dan 4 ATP;2 asam piruvat, 2 NADH, dan 2 ATP;2 asam piruvat, 2 NADH, dan 2 ATP;D
12;Asam piruvat hasil glkolisis akan bereaksi dengan NADH menghasilkan asam laktat jika...;sel ragi berada pada medium yang sesuai;akar tanaman terendam air;buah-buahan tumbuh membesar;sel otot kekurangan oksigen;sel ragi kekurangan oksigen;d
12;Asetl Ko-A akan dipecah menjadi molekul CO2. Peristiwa ini berlangsung di...;sitosol;sitoplasma;nukleoplasma;krista mitokondria;matriks mitokondria;d
12;Perhatikan bagan reaksi transisi berikut dengan cermat! Yang merupakan hasil sampingan dalam reaksi tersebut adalah...;NADH;NAD;CO2;asetil Ko-A;asam piruvat;c
12;Tahap respirasi berikut ini yang berlangsung dalam mitokondria adalah...;glikolisis;glikolisis dan daur Krebs;reaksi transfer elektron;daur Krebs dan reaksi transfer elektron;daur Krebs dan reaksi transfer elektron;D
12;Dua zat penting yang digunakan dalam reaksi pembentukan glukosa pada reaksi terang dan siklus calvin, yaitu...;ATP dan asam fosfogliserat;ATP dan asam fosfogliseraldehida;ATP dan NADPH;NADPH dan fosfoglieraldehida;NADPH dan asam fosfogliselardehida;c
12;Bahan yang diperlukan pada fase gelap fotosintesis yang dihasilkan selama reaksi terang adalah...;air dan NADPH2;karbon dioksida;ATP dan NADPH2;FMN dan air;CO2 dan H2O;b
12;Berlangsungnya fotosintesis selalu membutuhkan...;air, udara, klorofil, dan cahaya;air, klorofil, oksigen dan panas;air, klorofil, karbon dioksida, dan udara;air, udara, karbon dioksida, dan oksigen;air, udara, karbon dioksida, dan oksigen;D
12;Reaksi fotosintesis dapat ditulis...;6C6H12O6 + 6O2 => 6CO2 + 6H2O;6CO2 + 12H2O => C6H12O6 + 6O2 + 6H2O;6CO2 + 16H2O => 6C6H12 + 6O2;6C6H12O6 + 6O2 + 6H2O => 6CO2 + 12H2O;6C6H12O6 => C2H5OH + 2CO2;b
12;Kloroil pada tumbuhan dapat berperan untuk...;penghasil ATP;penghasil glukosa;penghasil ATP dan glukosa;penghasil glukosa dan menyimpan glukosa;penghasil ATP dan menyimpan makanan cadangan;c
12;Kerja enzim dihambat oleh inhibitor enzim. Inhibitor kompetitif dapat menghambat kerja enzim dengan cara...;berikan dengan apoenzim;berikatan dengan sisi aktif enzim;merusak bagian aktif enzim;mengubah permukaan gugus prostetik;merusk holoenzim yang telah mengikat substrat;b
12;Jika enzim berada pada suhu tinggi akan rusak karena...;apoenzim terbuat dari vitamin;apoenzim terbuat dari protein;koenzim bersifat termolabil;holoenzim bersifat termolabil;kofaktor terbuat dari protein;b
12;Enzim merupakan biokatalisator artinya...;dihasilkan oleh setiap sel hidup;merupakan katalisator yang berbentuk zat organic;sebagai katalisator pemecah zat organik;membantu pembentukan zat organik;membantu reaksi kimia dalam sel hidup;b
12;Pada respirasi aerob, CO2 dihasilkan sebagai zat sisa respirasi pada tahap...;glikolisis;dekarboksiliasi oksidatif;daur asam sitrat;reaksi transfer elektron;reaksi transisi;c
12;Kesamaan antara respirasi aerob dan fermentasi adalah...;membentuk zat organic kompleks;mendapatkan bahan baku untuk anabolisme;mendapat energi;memerlukan oksigen sebagai bahan bakar;menghasilkan karbon dioksida;c
12;Pada respirasi anaerob asam piruvat hasil glikolisis dapat diubah menjadi...;asetil Ko-A;asetaldehid;asam sitrat;asam laktat;asam asetat;a
12;Reaksi berikut yang menghasilkan senyawa beracun adalah...;dekarboksiliasi oksidatif;glikolisis;fermentasi;reaksi enzimatis;reaksi enzimatis;D
12;NADH sebagai akseptor hidrogen selama respirasi dihasilkan pada tahap...;glikolisis, dekarboksiliasi oksidatif, dan transfer elektron;glikolisis dan dekarboksiliasi oksidatif;glikolisis dan reaksi transfer elektron;glikolisis dan daur asam sitrat;glikolisis dan daur asam sitrat;D
12;Glukosa akan dipecah dalam fosforilasi tingkat I menghasilkan...;2 asam piruvat;2 asam asetat;2 glukosa 6 fosfat;2 NADPH2;2 NADPH2;D
12;CO2 dan H2O sebagai sisa metabolisme akan dibuang melalui...;ginjal;kulit;usus;hati;hati;D
12;Bahan yang diperlukan dalam reaksi gelap yang dihasilkan selama berlangsungnya reaksi terang adalah...;NADH dan ATP;ATP dan CO2;ATP dan O2;CO2 dan NADP;NADP;c
12;Bahan makanan berikut ini yang menghasilkan energy utama dalam tubuh adalah...;air;karbohidrat;protein;lemak;mineral;b
12;Berikut ini yang merupakan fungsi protein adalah...;sebagai komponen pembentuk vitamin;sebagai bahan penghasil energy;sebagai bahan pelarut vitamin;sebagai bahan pembentuk gugus prostetik;sebagai bahan pembentuk gugus prostetik;D
12;Katabolisme karbohidrat secara aerob akan menghasilkan sisa perombakan berupa...;air dan urea;CO2 dan air;urea dan CO2;urea, air dan CO2;urea dan panas;d
12;Kesalahan protein yang terbentuk selama sintesis protein disebabkan oleh...;kesalahan ARN transfer dalam menerjemahkan karbon;terjadinya kerusakan protein oleh pengaruh kondisi lingkungan;kesalahan ARN duta dalam mengangkut asam amino;kesalahan ARN messenger dalam mengangkut asam amino;kesalahan AND dalam mencetak ARN transfer;a
12;Di jual barang dagangan dengan kredit kepada Tn. Husin seharga Rp5.000.000,00 transaksi tersebut dicatat ke dalam buku ...;tambahan uang;tambahan piutang;tambahan persedian barang dagang;tambahan piutang atas nama Tn. Husin;tambahan piutang atas nama Tn. Husin;D
12;Dibeli barang dagangan secara kredit dari Toko Sadrah Rp600.000,00 dengan syarat 2/15, n/30, dicatat dalam jurnal pembelian ...;debet lajur utang dagang, kredit lajur kas;debet lajur utang, kredit lajur utang dagang;debet lajur pembelian, kredit lajur utang dagang;debet lajur pembelian, kredit lajur kas;debet lajur utang dagang, kredit lajur pembelian;c
12;Dibayar faktur no.08 kepada PT Bogasari Rp12.000.000,00 tanpa potongan dicatat dalam jurnal pengeluaran kas ...;debet lajur utang dagang, kredit lajur kas;debet lajur utang, kredit lajur penjualan;debet lajur serba-serbi, kredit lajur kas;debet lajur pembelian, kredit lajur kas;debet lajur piutang dagang, kredit kas;a
12;Pengembalian barang karena rusak dicatat dalam jurnal ...;penerimaan kas;pengeluaran kas;pembelian;penjualan;umum;d
12;Pengembalian kas untuk kepentingan pribadi dicatat dalam jurnal ...;penerimaan kas;pengeluaran kas;pembelian;penjualan;umum;b
12;Penerimaan piutang akan dicatat pada jurnal penerimaan kas dengan cara ...;kas sebelah debet, penjualan kredit;kas sebelah debet, piutang dagang sebelah kredit;kas sebelah debet, utang dagang sebelah kredit;penjualan sebelah debet, kas sebelah debit;piutang dagang sebelah debet, kas sebelah kredit;b
12;Pembelian perlengkapan secara kredit dicatat ...;perlengkapan sebalah debet, kas sebelah kredit;piutang dagang sebalah debet, perlengkapan sebelah kredit;pembelian sebalah debet, utang dagang sebelah kredit;perlengkapan sebalah debet, utang dagang sebelah kredit;perlengkapan sebalah debet, piutang dagang sebelah kredit;a
12;Kolom pembelian yang terdapat pada jurnal pembelian sebelah debit dipindahkan ...;ke akun pembelian sebelah kredit;ke akun pembelian sebelah debet;ke akun kas sebelah debet;ke akun utang dagang sebelah kredit;ke akun utang dagang sebelah kredit;D
12;Dari transaksi-transaksi berikut ini yang dicatat ke dalam jurnal pembelian adalah ...;di beli barang dagang dengan tunai sebesar Rp2.000.000,00;di beli barang dagang sebesar Rp2.000.000,00 dengan syarat 3/10, n/20;di beli barang dagang sebesar Rp2.500.000,00, dibayar tunai Rp1.500.000,00, dan sisanya akan dibayar berikut;dikirim nota debet kepada Toko Wardi atas pembelian barang dagang minggu lalu;Dilunasi faktur no.007 atas pembelian barang dagang bulan lalu sebesar Rp2.500.000,00;b
12;Diterima setoran modal dari pemilik perusahaan Rp10.000.000,00, dicatat dalam jurnal penerimaan kas, yaitu ...;debet lajur kas, kredit lajur utang dagang;debet modal, kredit lajur kas;debet lajur potongan penjualan, kredit lajur utang dagang;debet lajur kas, kredit lajur serba-serbi;debet lajur kas, kredit lajur serba-serbi;D
12;Diterima pelunasan utang dari Ny. Lie sebesar Rp4.000.000,00, dicatat ke dalam jurnal ...;penerimaan kas;penjualan;pengeluaran kas;pembelian;tambahan piutang;a
12;Dibeli barang dagangan dengan kredit dari Ny. Dian seharga Rp4.500.000,00. Transaksi tersebut dicatat dalam jurnal ...;penerimaan kas;penjualan;pengeluaran kas;pembelian;utang atas nama Ny. Dian;d
12;Tn. Joko menerima kembali atas penjualan barang secara kredit dari CV Bintang sebesar Rp10.000.000,00, transaksi tersebut dicatat dalam buku tambahan ...;utang atas nama Tn. Joko kredit;piutang atas nama Tn. Joko kredit;piutang atas nama CV Bintang kredit;piutang atas nama Tn. Joko dan CV Bintang debet;utang atas nama Tn. Joko dan CV Bintang kredit;c
12;Di bawah ini akun-akun yang terdapat pada jurnal. 1) kas, 2) beban bunga, 3) sewa dibayar di muka, 4) pendapatan jasa, dan 5) beban sewa. Akun yang tidak memerlukan jurnal penutup ditunjukkan oleh nomor ...;1 dan 2;1 dan 3;1 dan 4;2 dan 3;2 dan 4;b
12;Pada akhir akuntansi terdapat data akun pendapatan usaha Rp3.000.000,00 dan akun pendapatan di luar usaha Rp1.500.000,00. Jurnal penutup akun-akun tersebut adalah ...;ikhtisar laba/rugi Rp4.500.000,00 pendapatan Rp4.500.000,00;ikhtisar laba/rugi Rp4.500.000,00 modal Rp4.500.000,00;pendapatan usaha Rp3.000.00,00 pndp. di luar usaha Rp1.500.000,00 ikhtisar laba/rugi Rp4.500.000,00;ikhtisar laba/rugi Rp4.500.000,00 pendp. usaha Rp3.000.000,00 pendp. di luar usaha Rp1.500.000,00;pendp. usaha Rp1.500.000,00 pendp. usaha Rp3.000.000,00 ikhtisar laba/rugi Rp4.500.000,00;c
12;Daftar sisa setelah penutupan berfungsi ...;untuk memeriksa kebenaran debet dan kredit pada akhir prediode akuntansi;untuk menentukan besarnya laba rugi perusahaan dalam satu periode akuntansi;untuk menentukan besarnya harta, utang, dan modal usaha pada akhir periode akuntansi;mengoreksi pelaksanaan jurnal penutup;menentukan saldo akhir periode;c
12;Setelah dilakukan jurnal penutup maka langkah selanjutnya adalah ...;memposting jurnal penutup ke dalam akun-akun buku besar;menutup buku besar dan membuat daftar sisa setelah penutup;membuat jurnal pembalik;membuat laporan pembalik;menyesuaikan akun riil dan nominal;b
12;Daftar sisa setelah penutupan dibuat dengan tujuan ...;untuk mengenolkan akun-akun nominal;untuk memastikan akun-akun buku besar ke dalam keadaan seimbang;untuk menutup akun;untuk menutup laporan;untuk menyesuaikan akun-akun tertentu;b
12;Data yang dimiliki oleh PD Maespati pada akhir periode di antaranya, penjualan bersih Rp73.000.000,00, retur penjualan Rp3.000.000,00, dan potongan penjualan Rp1.500.000,00. Jika diketahui jumlah penjualan tunai Rp50.000.000,00 maka besarnya penjualan secara kredit adalah ...;Rp18.500.000,00;Rp23.000.000,00;Rp27.500.000,00;Rp118.500.000,00;Rp127.500.000,00;b
12;PD Sentosa pada tahun 2009 mendapat laba bersih Rp15.900.000,00, dengan modal awal Rp25.600.000,00. Jika diketahui besarnya modal akhir Rp33.500.000,00 maka besarnya pengambilan prive adalah ...;Rp7.900.000,00;Rp8.000.000,00;Rp17.600.000,00;Rp41.500.000,00;Rp43.200.000,00;b
12;PD Sanjaya pada akhir periode mempunyai data modal awal Rp34.800.000,00, modal akhir Rp53.200.000,00, sedangkan pengambilan untuk keperluan pribadi selama periode yang bersangkutan sebesar Rp5.000.000,00. Berdasarkan data di atas, maka bersarnya laba PD Sanjaya adalah ...;Rp13.400.000,00;Rp18.400.000,00;Rp23.400.000,00;Rp29.800.000,00;Rp48.200.000,00;c
12;PD Mumpuni pada tanggal 31 Desember 2009 mempunyai data tentang persediaan barang dagang sebesar Rp8.900.000,00 sedangkan barang dagangan bersaldo Rp7.500.000,00. Dari data di atas maka akun persedian barang dagangan yang muncul pada laporan neraca adalah sebesar ...;Rp1.400.000,00;Rp7.500.000,00;Rp8.900.000,00;Rp16.400.000,00;Rp17.800.000,00;a
12;Dalam transaksi penjualan barang dagang, penjualan akan memberikan potongan harga 2/10, n/60 artinya ...;pembeli akan mendapat 2% potongan harga setelah lewat 60 hari sejak transaksi terjadi;penjual akan memberikan potongan sebesar 2% jika pelunasan tidak lebih dari 10 hari sejak terjadi transaksi;pembeli akan mendapat tambahan harga 2% jika melunasi kurang dari 10 hari sejak terjadi transaksi;penjual akan memberikan potongan harga 2% jika pelunasan dilakukan paling lambat 10 hari sejak transaksi dan jangka waktu pelunasan 60 hari sejak terjadi transaksi;penjual akan memberikan potongan harga 2% jika pelunasan dilakukan paling lambat 10 hari sejak transaksi dan jangka waktu pelunasan 60 hari sejak terjadi transaksi;D
12;Satu jenis barang dagangan dijual dengan harga Rp21.000.000,00 tunai dan diberikan trade discount (potongan penjualan) 10%. Pencatatan dalam jurnal umumnya adalah ...;kas Rp18.900.000,00 pot. penjualan Rp2.100.000,00 penjualan Rp21.000.000,00;piutang dagang Rp18.900.000,00 penjualan Rp.18.900,000,00;piutang dagang Rp21.000.000,00 penjualan Rp.21.000,000,00;kas Rp21.000.000,00 pot. penjualan Rp2.100.000,00 penjualan Rp18.900.000,00;kas Rp23.100.000,00 pot. penjualan Rp2.100.000,00 penjualan Rp21.000.000,00;a
12;Dijual barang dagang sebesar Rp100.000.000,00 diberikan trade discount pada pelanggan sebesar 4% syarat pembayaran 2/10, n/30 sepuluh hari kemudian diterima pembayaran. Pencatatan dalam jurnal khususnya adalah ...;kas Rp100.000.000,00 pot. penjualan Rp4.000.000,00 piutang dag. Rp94.080.000,00;kas Rp94.080.000,00 pot. penjualan Rp4.000.000,00 piutang dag. Rp100.000.000,00;kas Rp96.000.000,00 piutang dag. Rp100.000.000,00;kas Rp100.000.000,00 trade disc. Rp4.000.000,00 piutang dag. Rp96.000.000,00;kas Rp100.000.000,00 trade disc. Rp4.000.000,00 piutang dag. Rp96.000.000,00;D
12;Dalam penerapan syarat penyerahan barang dagang cara FOB destination, akan mengakibatkan ...;biaya yang ditanggung pembeli akan lebih besar dengan harga pokok pembelian lebih kecil;biaya ditanggung penjual lebih kecil dengan harga pokok penjualan lebih kecil;biaya yang ditanggung penjual akan lebih besar dengan harga pokok penjualan lebih kecil;biaya ditanggung penjual lebih besar dengan pertimbangan harga pokok penjualan yang sesuai;biaya ditanggung pembeli lebih besar dengan pertimbangan harga pokok pembelian yang sesuai;d
12;Buku besar akun retur penjualan dan pengurangan harga terdapat posting pada akhir periode di sebelah debet Rp150.000,00 posting ini berasal dari ...;jurnal penjualan;jurnal pembelian;jurnal penerimaan kas;jurnal pengeluaran kas;jurnal umum;a
12;Langkah posting jurnal khusus ke buku besar utama dilakukan ...;setiap ayat jurnal;setiap hari;setiap periodik;setiap akhir periode akuntansi;menjelang tutup buku;d
12;Pencantuman nomor akun di bawah kolom jumlah pada jurnal pembelian menunjukkan bahwa ...;pemindahbukuan jurnal pembelian telah dilakukan;pemindahbukuan jurnal pembelian belum dilakukan;semua transaksi yang sudah dibukukan;semua transaksi telah dipemindahbukuan ke buku piutang;semua transaksi belum dipemindahbukuan ke buku piutang;a
12;Pada jurnal pembelian terdapat jumlah untuk kolom pembelian Rp500.000,00 dan kolom bahasa habis pakai Rp60.000,00. Jumlah-jumlah tersebut diposting ke buku besar utama ...;pembelian (D) dan bahan habis pakai (K);pembelian (K) dan bahan habis pakai (D);pembelian (D) dan bahan habis pakai (D);pembelian (K) dan bahan habis pakai (D);pembelian (D) dan bahan habis pakai tidak diposting;c
12;Pada jurnal penerimaan kas terdapat jumlah untuk kolom kas Rp4.400.000,00 dan kolom penjualan Rp3.000.000,00. Jumlah-jumlah tersebut diposting ke buku besar utama ...;kas (D) dan penjualan (D);kas (D) dan penjualan (K);kas (K) dan penjualan (D);kas (K) dan penjualan (K);kas (D) dan piutang dagang (K);b
12;PT Sejahtera mendepositkan uang di Bank BNI sebesar Rp20.000.000,00 jangka waktu 6 bulan. Suku bunga bank 12% per tahun. Pada tanggal 31 Desember terdapat bunga yang masih harus diterima selama 1 bulan. Maka jurnal penyesuaian yang harus dibuat adalah ...;piutang bunga Rp3.000.000,00 pend. bunga Rp3.000.000;pend. bunga Rp2.000.000,00 piutang bunga Rp2.000.000;piutang bunga Rp2.000.000,00 pend. bunga Rp2.000.000;piutang bunga Rp2.000.000,00 kas Rp2.000.000;piutang bunga Rp2.000.000,00 pendapatan Rp2.000.000;c
12;Berikut ini merupakan perkiraan-perkiraan dalam perusahaan dagang yang membutuhkan penyesuaian, kecuali ...;persediaan barang dagang;pendapatan yang masih harus diterima dan pendapatan yang diterima di muka;beban yang masih harus dibayar dan beban yang dibayar di muka;piutang tagih;piutang tagih;D
12;Persediaan barang dagang pada akhir periode akuntansi adalah Rp5.0000.000,00. Data ini dicatat dalam kertas kerja pada perkiraan ...;persediaan barang dagang lajur laporan laba/rugi sebelah debet;persediaan barang dagang lajur laporan laba/rugi sebelah kredit;persediaan barang dagang lajur neraca sebelah kredit;persediaan barang dagang lajur neraca sebelah debet;ikhtisar laba/rugi lajur neraca sebelah debet;d
12;Jika menggunakan rekening harga pokok penjualan dalam kertas kerja, maka di bawah ini adalah unsur-unsur harga pokok penjualan, kecuali ...;persediaan barang dagang;pembelian;retur pembelian;retur penjualan;potongan pembelian;d
12;Persediaan akhir barang dagangan merupakan ...;persediaan awal ditambah pembelian bersih;persediaan awal dikurangi pembelian bersih;persediaan ditambah pembelian kotor;persediaan ditambah retur pembelian;persediaan ditambah potongan pembelian;a
12;Metode persediaan perpetual adalah sistem pencatatan persediaan barang dagang yang dilakukan secara ...;sekali;terus-menerus;tunai;dua kali;enam kali;b
12;Pembayaran dilakukan pada saat penyerahan barang dari penjual kepada pembeli disebut ...;kredit;berjangka;tunai;shipping;retur;c
12;Pemasukan barang atau jasa dari luar negeri untuk diedarkan atau diterima ke dalam negeri atau daerah lalu lintas bebas disebut ...;ekspor;market;importir;impor;retur;d
12;Berikut ini bentuk transaksi-transaksi yang sering terjadi di perusahaan dagang yang memengaruhi posisi keuangan, kecuali ...;potongan pembelian;pembelian barang;retur pembelian;penjualan barang dagang;prive;d
12;Dalam jurnal umum pembelian barang dagang dengan kredit, utang dagang berada di akun ...;debet;kredit;ref;akun;serba-serbi;b
12;Berikut ini adalah unsur-unsur perhitungan harga pokok penjualan, kecuali ...;pembelian;retur pembelian dan pengurangan harga;retur penjualan dan pengurangan harga;persediaan awal barang;persediaan akhir barang;c
12;Cara menghitung besarnya laba bruto dengan rumus ...;penjualan -- pembelian bersih;penjualan bersih -- pembelian bersih;penjualan bersih -- harga pokok penjualan;penjualan bersih + harga pokok penjualan;penjualan bersih + pembelian bersih;c
12;Penjualan bersih dikurangi harga pokok penjualan adalah ...;laba usaha;laba operasi;laba kotor;laba bersih;laba/rugi bersih;c
12;Diketahui persediaan awal barang Rp500.000,00, pembelian Rp1.000.000,00, dan potongan pembelian Rp100.000,00 maka jumlah barang yang tersedia untuk dijual adalah ...;Rp600.000,00;Rp1.000.000,00;Rp1.400.000,00;Rp1.500.000,00;Rp1.600.000,00;c
12;Perhitungan harga pokok penjualan akan muncul pada akhir tahun dalam laporan ...;perubahan modal;keuangan;perubahan posisi keuangan;laba/rugi;neraca;d
12;Diketahui penjualan Rp18.000.000,00, harga pokok penjualan Rp5.500.000,00, dan beban usaha sebesar Rp900.000,00 maka laba/rugi sebesar ...;Rp6.400.000,00;Rp11.600.000,00;Rp12.000.000,00;Rp12.500.000,00;Rp17.100.000,00;b
12;Diketahui modal awal Rp8.000.000,00, laba bersih Rp1.300.000,00, dan modal akhir Rp8.000.000,00 maka besarnya prive adalah ...;Rp8.000.000,00;Rp1.300.000,00;Rp9.300.000,00;Rp6.700.000,00;Rp16.000.000,00;b
12;Modal akhir bulan Maret Rp5.300.000,00, pendapatan jasa Rp700.000,00, dan pengambilan pribadi Rp150.000,00, maka besarnya modal awal adalah ...;Rp4.050.000,00;Rp4.500.000,00;Rp4.550.000,00;Rp4.600.000,00;Rp4.660.000,00;c
12;Modal awal Rp3.000.000,00, modal akhir Rp3.500.000,00, dan prive Rp300.000,00 maka laba atau rugi sebesar ...;laba Rp300.000,00;laba Rp500.000,00;laba Rp800.000,00;rugi Rp500.000,00;rugi Rp200.000,00;c
12;Manajemen sebagai sebuah proses dalam perencanaan, pengorganisasian, pengoordinasian, dan pengontrolan sumber daya untuk mencapai sasaran secara efektif dan efisien. Pendapat ini dikemukakan oleh...;Ricky W. Griffin;Mary Parker Follet;Adam Smith;Henry Fayol;Max Weber;A
12;Definisi manajemen menurut Mary Parker Follet adalah...;suatu proses dengan proses dimana pelaksanaan suatu tujuan tertentu dapat diselenggarakan dan diawasi;sebagai seni menyelesaikan pekerjaan melalui orang lain;tujuan yang ditetapkan terlebih dahulu dengan mempergunakan kegiatan orang lain;fungsi untuk mencapai sesuatu melalui kegiatan orang lain dan mengawasi usaha-usaha individu untuk mencapai tujuan bersama;sebuah proses dalam perencanaan, pengorganisasian, dan pengontrolan sumber daya untuk mencapai sasaran secara efektif dan efisien;B
12;Seseorang yang bekerja melalui orang lain dengan mengoordinasikan kegiatan-kegiatan mereka guna mencapai sasaran organisasi disebut...;pengusaha;investor;manajer;pemilik;komisaris;C
12;Suatu proses dari adanya perencanaan, pengorganisasiaan, pengarahan, pengawasan dari aktivitas organisasi berdasar sumber daya yang dimiliki untuk mencapai tujuan yang telah ditetapkan. Pengertian tersebut dikemukakan oleh...;Henry Fayol;G.R. Terry;The Liang Gie;Stoner;Oliver Sheldon;D
12;Ciri-ciri manajemen dalam kegiatannya adalah sebagai berikut, kecuali...;dalam tujuannya berusaha untuk selalu mencapai tujuan yang telah ditetapkan sebelumnya;merupakan kerja sama sekelompok orang;merupakan perpaduan antara ilmu pengetahuan dan seni;berani menganggung risiko dengan memaksakan kehendak kepada pihak lain;berani menganggung risiko dengan memaksakan kehendak kepada pihak lain;D
12;Manajemen dapat diterapkan di...;organisasi bisnis;organisasi nonprofit;pribadi;semua benar;semua benar;D
12;Masing-masing orang harus jelas apa yang harus dikerjakannya. Pernyataan tersebut sesuai dengan prinsip...;pembagian kerja;kekuasaan, wewenang, dan tanggung jawab;kesatuan perintah;kesatuan arah;pembayaran upah yang adil;A
12;Agar hasil yang diperoleh sesuai dengan yang direncanakan, maka diperlukan tahap akhir berupa...;pengambilan keputusan;perencanaan;pengorganisasiaan;pengawasan;pengawasan;D
12;Tujuan pengawasan adalah...;mencari sebab kegagalan, mencegah kesalahan, menanggulangi penyimpangan, dan mendidik pekerja;mengukur keterampilan dan menentukan nilai;menanggulangi kesalahan pemimpin dan mengatasi masalah;mencari kesalahan dan menentukan nilai kerja;membantu menyelesaikan tugas, mengukur keterampilan, mencari kesalahan, dan mengawasi pimpinan;A
12;Mendelegasikan wewenang dari pimpinan kepada wakilnya merupakan kegiatan fungsi manajemen...;perencanaan;penggerakan;pengawasan;pengorganisasian;pengorganisasian;D
12;Berikut ini adalah ciri-ciri perusahaan pemerintah, kecuali...;tidak mencari laba;rate of return-nya kecil;melayani masyarakat umum;membutuhkan fasilitas negara;pemiliknya dipegang oleh pemerintah;A
12;Berikut ini merupakan salah satu perbedaan badan usaha dan perusahaan, yaitu...;badan usaha mencari laba, sedangkan perusahaan menghasilkan barang dan jasa;badan usaha bertujuan menghasilkan barang, sedangkan perusahaan mencari laba;badan usaha merupakan kesatuan teknis, sedangkan perusahaan merupakan kesatuan ekonomis;perusahaan merupakan kesatuan yuridis ekonomis, sedangkan badan usaha tidak merupakan kesatuan yuridis;perusahaan merupakan kumpulan badan-badan usaha, sedangkan badan usaha merupakan bagian dari perusahaan;A
12;Pemilihan letak badan usaha yang bergerak dalam bidang industri cenderung didasarkan pada...;status sosial konsumen;daerah kediaman produsen;tempat tersedianya tenaga kerja;tempat bahan mentah dan lokasi pemasaran;tempat bahan mentah dan lokasi pemasaran;D
12;Unsur-unsur yang penting dalam perencanaan adalah sebagai berikut, kecuali...;tujuan yang ingin dicapai;cara atau metode untuk mencapai tujuan;prosedur atau mekanisme kerja yang harus dilalui;pembagian tugas dan wewenang;cara dan metode untuk melakukan suatu pengawasan;D
12;Kemampuan badan usaha untuk memenuhi kewajibannya (membayar utang) pada saat jatuh tempo disebut...;rentabilitas;solvabilitas;likuiditas;soliditas;reliabilitas;C
12;Perusahaan perseorangan, firma, perseroan komanditer, PT, dan koperasi adalah bagian badan usaha di atas dasar...;pemilik modal;bentuk badan hukum;bidang kegiatan;lamanya didirikan;tujuan pendiriannya;B
12;Keuntungan perusahaan perseorangan, kecuali...;keuntungan menjadi milik sendiri;modal tidak terlalu besar;mudah mendirikannya;tidak perlu berbadan hukum;rahasia perusahaan terjamin;B
12;Faktor-faktor intern dalam pengelolaan badan usaha adalah...;kebutuhan masyarakat, sumber daya manusia, sarana, dan prasarana;sumber daya modal, peraturan pemerintah, dan kebutuhan masyarakat;sumber daya manusia, peraturan pemerintah, sarana, dan prasarana;sumber daya modal, sumber daya manusia, sarana, dan prasarana;peraturan pemerintah, kebutuhan masyarakat, sarana, dan prasarana;D
12;Sejumlah uang yang sama banyaknya dan wajib dibayarkan oleh anggota koperasi pada saat masuk menjadi anggota adalah...;simpanan pokok;simpanan wajib;simpanan khusus;simpanan sukarela;simpanan mana suka;A
12;Sejumlah uang yang dibayar secara berkala mungkin setiap tiga bulan dengan jumlah yang sama disebut...;simpanan bulanan;simpanan mingguan;simpanan pokok;simpanan wajib;simpanan sukarela;D
12;Salah satu perbedaan pokok antara badan usaha koperasi dengan badan usaha lainnya adalah...;sumber modal;organisasi;pengelolaan;modal penyertaan;tingkat suku bunga;A
12;Berikut ini yang termasuk dengan modal koperasi adalah...;simpanan pokok anggota;simpanan sukarela anggota;setoran modal anggota;sumber pembelanjaan usaha yang berasal dari anggota;modal yang masih harus disetor anggota;D
12;Berikut yang tidak termasuk modal sendiri dalam koperasi adalah...;simpanan pokok;simpanan wajib;hibah;modal saham;modal saham;D
12;Akuntansi koperasi adalah suatu proses yang terjadi dalam badan usaha koperasi untuk...;menghasilkan SHU;memperkecil beban pajak;memperoleh pendapatan agar SHU besar;menghasilkan informasi keuangan;menghasilkan pertanggungjawaban pengurus dan pengawasan koperasi;D
12;Berikut ini yang termasuk pengertian koperasi di Indonesia adalah...;organisasi rakyat yang berwatak sosial;badan usaha yang beranggotakan orang-orang atau badan hukum koperasi;kumpulan modal yang bertujuan untuk memperoleh laba;badan usaha yang mengutamakan modal dan tujuan utamanya mencari laba;badan usaha yang beranggotakan masyarakat ekonomi lemah;B
12;Pernyataan-pernyataan berikut ini yang bukan termasuk fungsi dari akuntansi koperasi adalah...;untuk menetapkan hak masing-masing pihak yang berkepentingan;untuk mendorong peningkatan efisiensi seluruh kegiatan koperasi;untuk menghitung hasil usaha serta menilai keberhasilan koperasi;untuk dapat memperkecil pajak;sebagai media informasi keuangan;D
12;Inti jati diri sebuah koperasi, yaitu terletak pada...;modal koperasi terdiri atas simpanan anggota;pembagian SHU berdasarkan jasa anggota;kekuasaan tertinggi terletak pada rapat anggota;anggota koperasi adalah pemilik sekaligus sebagai pengguna jasa koperasi;keanggotaan koperasi tidak boleh dipindahtangankan;C
12;Simpanan sukarela termasuk modal pinjaman sebab...;diberikan imbalan jasa simpanan;disimpan secara periodik;dapat diambil sewaktu-waktu;besaranya simpanan sukarela untuk masing-masing anggota tidak sama;tidak dapat diambil kembali selama masih menjadi anggota;C
12;Kegiatan koperasi sekolah mempunyai maksud sebagai berikut, kecuali...;meningkatkan disiplin siswa;mendidik siswa agar terampil berkoperasi;menumbuhkan sikap individualistis;melengkapi dan mendorong siswa untuk mengembangkan program kesejahteraan;mendorong siswa agar hidup saling membantu dalam lingkungan dan luar sekolah;C
12;Pernyataan di bawah ini yang merupakan ciri khusus koperasi sekolah, yaitu...;koperasi sekolah berbadan hukum;koperasi sekolah kedudukannya bisa disamakan dengan manusia;koperasi sekolah tidak berbadan hukum;tujuan koperasi sekolah berorientasi pada kesejahteraan peserta didik;koperasi sekolah bisa melakukan tindakan hukum;C
12;Pernyataan di bawah ini yang merupakan salah satu tujuan dibentuknya koperasi sekolah adalah...;koperasi sekolah dipergunakan untuk tempat praktik akuntansi;koperasi sekolah dipergunakan untuk tempat praktik administrasi;koperasi sekolah dipergunakan untuk tempat praktik tata niaga;mendidik, menanamkan, dan memelihara kesadaran hidup bergotong royong di kalangan siswa;membangun kesejahteraan guru dan karyawan;D
12;Kekuasaan tertinggi pada koperasi sekolah adalah...;guru;karyawan;siswa;rapat anggota;rapat anggota;D
12;Hal-hal yang harus diperhatikan dalam penyelenggaraan koperasi sekolah, kecuali...;barang yang dijual sesuai dengan keperluan siswa sekolah yang bersangkutan;petugas yang membeli barang harus mencari barang yang kualitasnya baik dengan harga yang semurah-murahnya;harga jual harus maksimal agar mendapat keuntungan sebesar-besarnya;pengurus harus mengatur dengan meminta saran dan pendapat dari guru pembimbing;setiap siswa yang akan membeli barang harus didaftar, dikoordinir di setiap kelas untuk memudahkan pelayanan;C
12;Berikut ini yang tidak termasuk usaha-usaha koperasi sekolah untuk menunjang praktik usaha yang dapat dijalankan untuk maksud mencapai tujuan adalah...;mewajibkan anggota untuk menyimpan dan menabung secara teratur;menggiatkan anggota untuk menyimpan dan menabung secara teratur;menambah pengetahuan tentang koperasi;mengakomodir kepentingan guru dan karyawan koperasi sekolah;usaha-usaha yang dapat memenuhi kebutuhan siswa secara langsung;D
12;Pernyataan di bawah ini yang tidak menentukan berakhirnya anggota koperasi sekolah adalah...;siswa meninggal dunia;siswa pindah sekolah;berhenti sekolah;permintaan guru;permintaan guru;D
12;Cara pembentukan koperasi sekolah adalah sebagai berikut, kecuali...;melalui rapat anggota (sebagaimana lazimnya koperasi, rapat anggota mempunyai kekuasaan tertinggi) memilih pengurus;pengurus membuat rencana kerja yang diajukan kepada rapat anggota untuk disetujui dan disahkan;sebelum pengurus dapat bekerja sendiri, guru dapat duduk dalam kepengurusan;surat keputusan pendirian sekolah dikeluarkan oleh pejabat terkait;surat keputusan pendirian sekolah dikeluarkan oleh pejabat terkait;D
12;Pendirian koperasi sekolah dimaksudkan sebagai upaya untuk hal-hal berikut, kecuali...;menumbuhkan kesadaran, kegairahan, dan kemampuan berkoperasi di kalangan siswa;koperasi sekolah merupakan sarana untuk membantu dan melayani pemenuhan kebutuhan para siswa;menggairahkan jiwa berwirausaha di kalangan siswa;koperasi sekolah merupakan upaya untuk mengembalikan citra koperasi yang murni;selain sebagai kegiatan ekonomi dari, oleh, dan untuk siswa, koperasi berfungsi sebagai sarana pendidikan;D
12;Koperasi akan memperoleh SHU apabila...;jumlah modal sendiri besar;jumlah modal pinjaman besar;jumlah anggota banyak;ada selisih antara pendapatan dengan beban;ada selisih antara pendapatan dengan beban;D
12;Dari suatu tempat ke tempat lain, yang dipindahkan oleh gelombang adalah...;Amplitudo;Panjang gelombang;Energi;Fase;Massa;C
12;Perbedaan dasar antara gelombang transversal dengan gelombang longitudinal yang berjalan sepanjang slinki adalah...;Amplitudo;Frekuensi;Arah getar;Arah rambat gelombang;Kecepatan;C
12;Jika diketahui suatu gelombang merambat pada tali dengan persamaan simpangan y = sin (0,8t-0,2x) maka cepat rambat gelombang adalah...;4 m/s;8 m/s;10 m/s;12 m/s;14 m/s;A
12;Dari soal no 3 hitung panjang gelombang yang terjadi...;1 cm;2 cm;3 cm;5 cm;5 cm;D
12;Gelombang elektromagnetik yang memiliki spektrum gelombang yang frekuensinya lebih tinggi dari gelombang mikro dan lebih pendek dari gelombang cahaya tampak adalah...;Sinar ultraviolet;Sinar X;Sinar infra merah;Sinar gamma;Sinar radio;A
12;Peristiwa perpaduan dua gelombang yang memiliki beda fase dan frekuensi sama adalah...;Refraksi;Difraksi;Dispersi;Interferensi;Interferensi;D
12;Interferensi destruktif minimum akan terjadi diantara dua gelombang ketika beda fase keduanya adalah...;0°;90°;180°;270°;360°;C
12;Tentukan sudut datang dan sudut bias yang terbentuk jika cahaya matahari yang dipantulkan oleh permukaan air terpolarisasi linier (n air 4/3)...;30°;40°;37°;45°;48°;C
12;Sebuah mobil ambulans bergerak dengan kecepatan 54km/jam membunyikan sirine dengan frekuensi 910 Hz. Frekuensi bunyi yang didengar oleh pengendara motor jika kecepatan angin searah dengan gerak ambulans...;340 Hz;545 Hz;645 Hz;745 Hz;845 Hz;D
12;Pada jarak 3 meter dari sumber ledakan terdengar bunyi dengan taraf intensitas 50 dB. Pada jarak 30 meter dari sumber ledakan bunyi terdengar dengan taraf intensitas... dB;10;20;30;40;50;C
12;10 mesin ketik digunakan dalam waktu bersamaan. Jika masing-masing mesin ketik rata-rata dapat menimbulkan taraf intensitas 60 dB berapa resultan taraf intensitas dari bunyi 10 mesin tersebut...;40 dB;50 dB;60 dB;70 dB;80 dB;D
12;Seorang berdiri di samping sumber bunyi yang mempunyai frekuensi 676 Hz. Tentukan frekuensi bayangan yang didengar orang tersebut...;10 Hz;6 Hz;4 Hz;2 Hz;1 Hz;C
12;Sebuah bom meledak dan seorang pendengar dari kejauhan mendengar bunyi bom tersebut 5 sekon. Jarak kejadian ledakan dari pendengar adalah...;0,24 km;0,52 km;0,82 km;1,70 km;1,70 km;D
12;Alat ultrasonografi yang digunakan para dokter untuk memeriksa kandungan pada ibu hamil menggunakan prinsip dasar fisika yang disebut...;Efek fotolistrik;Efek Doppler;Efek hall;Efek zemen;Efek compton;B
12;Frekuensi gelombang yang dapat diterima telinga manusia normal berkisar antara...;10 Hz - 100 Hz;20 Hz - 1000 Hz;20 Hz - 20.000 Hz;100 Hz - 20.000 Hz;1000 Hz - 20.000 Hz;C
12;Dua buah muatan listrik masing-masing 20μC dan -20μC terpisah pada jarak 30 cm. Tentukan besar dan arah gaya pada setiap muatan...;10 N;20 N;30 N;40 N;50 N;D
12;Sebuah bola konduktor memiliki muatan sebesar 10 μC dan jari-jari 30 cm. Tentukan kuat medan listrik dipermukaan bola...;10² N/C;10³ N/C;10⁴ N/C;10⁵ N/C;10⁶ N/C;D
12;Faktor-faktor yang mempengaruhi besarnya kapasitas kapasitor keping sejajar jika diberi muatan adalah...;1 dan 2;3 dan 4;1,2 dan 3;1,3 dan 4;1,3 dan 4;D
12;Jumlah garis medan listrik yang menembus permukaan tertutup sama dengan jumlah aljabar muatan listrik yang dilingkupi permukaan tertutup itu. Pernyataan tersebut adalah hukum...;Ohm;Gauss;Coulomb;Kirchoff;Newton;B
12;Sebuah bidang ditembus oleh garis gaya listrik yang memiliki kuat medan listrik sebesar 4x10⁶ N/C. Fluks listrik pada bidang tersebut jika sudut antara garis normal bidang dan garis gaya listrik adalah 60°...;8x10⁻¹ Wb;8x10⁻² Wb;8x10⁻³ Wb;8x10⁻⁴ Wb;8x10⁻⁵ Wb;B
12;Pada sebuah konduktor dua keping sejajar, tiap kepingan berbentuk persegi panjang (5 cm x 4 cm) dan diberi muatan 1,77 μC. Tentukan rapat muatan listrik masing-masing keping...;8,85x10⁻¹ C/m²;8,85x10⁻² C/m²;8,85x10⁻³ C/m²;8,85x10⁻⁴ C/m²;8,85x10⁻⁵ C/m²;D
12;Dari soal no 23 tentukan kuat medan listrik di antara kedua keping...;10² N/C;10³ N/C;10⁴ N/C;10⁵ N/C;10⁸ N/C;D
12;Sebuah bola konduktor berongga dengan jari-jari 30 cm, diberi muatan listrik 60 μC. Tentukan kuat medan listrik pada titik disekitar bola tersebut yang berjarak 30 cm dari pusat bola...;6x10⁵ N/C;6x10⁻³ N/C;6x10⁻⁴ N/C;6x10⁴ N/C;6x10⁷ N/C;A
12;Sebuah muatan listrik yang besar 6x10⁶ C berada pada ruang hampa. Berapakah potensial listrik pada titik yang berjarak 45 cm dari muatan tersebut...;1,26x10⁶ N/C;1,26x10⁻⁶ N/C;1,26x10⁷ N/C;1,26x10⁻³ N/C;1,26x10³ N/C;A
12;Dua buah muatan terpisah pada jarak 12 cm jika besarnya muatan masing-masing adalah -4x10⁻⁶ C dan 9x10⁻⁶ C...;1,5 J;2 J;2,5 J;3 J;3,5 J;A
12;Sebuah kapasitor keping sejajar dengan 0,5 m² terpisah pada jarak 0,1 mm. Tentukan kapasitansi dari kapasitor tersebut...;1x10⁻⁷ F;2x10⁻⁷ F;3x10⁻⁷ F;4x10⁻⁷ F;5x10⁻⁷ F;B
12;Tiga buah kapasitor memiliki kapasitansi masing-masing 2 μC, 3 μC, dan 6μC. Jika ketiga kapasitor dirangkai seri, tentukan muatan pada masing-masing kapasitor...;1x10⁻⁴ C;2x10⁻⁴ C;3x10⁻⁴ C;4x10⁻⁴ C;5x10⁻⁴ C;B
12;Seutas kawat lurus panjang membujur dari selatan ke utara dan dialiri arus listrik sebesar 5 A ke arah utara. Tentukan induksi magnet pada titik yang berjarak 10 cm tepat di bawah kawat adalah...;1x10⁻⁵ T (arahnya ke barat);1x10⁻⁴ T (arahnya ke barat);1x10⁴ T (arahnya ke selatan);1x10⁶ T (arahnya ke timur);1x10⁷ T (arahnya ke selatan);A
12;Pernyataan yang benar tentang garis gaya magnet adalah...;1 dan 2;3 dan 4;1,2 dan 3;Semuanya benar;Semuanya benar;D
12;Kawat yang panjangnya 10 m, ditempatkan dalam medan magnet yang kuat medannya 0,01 T. Berapakah besar gaya yang bekerja pada kawat adalah...;5x10⁻⁷ N;5x10⁻⁴ N;5x10⁻⁵ N;5x10⁻⁶ N;5x10⁵ N;C
12;Jika arus listrik diberikan kearah luar kertas yang kamu baca dan medan magnetnya kearah atas, ke arah manakah gaya magnetiknya...;Searah dengan arus;Berlawanan arah dengan arus;Kearah kanan;Kearah kiri;Searah dengan medan magnet;D
12;Dua kawat lurus panjang terletak sejajar pada jarak 20 cm, masing-masing dialiri arus listrik sebesar 5 A. Tentukan gaya Lorentz tiap satuan panjang jika arus pada kawat searah...;2x10⁻⁵N/m (tarik menarik);2,5x10⁻⁵N/m (tarik menarik);3x10⁻⁵N/m (tolak menolak);3,5x10⁻⁵N/m (tolak menolak);4x10⁻⁵N/m (tarik menarik);B
12;Tentukan arus pada kawat jika berlawanan arah berdasarkan soal no 32...;4x10⁻⁵ N/m (tolak menolak);3,5x10⁻⁵ N/m (tarik menarik);3x10⁻⁵ N/m (tolak menolak);2,5x10⁻⁵ N/m (tolak menolak);2x10⁻⁵ N/m (tarik menarik);C
12;Sebuah permukaan lingkaran dengan jari-jari √7 cm diletakan dalam medan magnet homogen sebesar 1,2x10⁻⁴Wb/m². Tentukan fluks magnetik pada bidang tersebut...;5x10⁻⁷ Wb;4x10⁻⁷ Wb;3x10⁻⁷ Wb;2,1x10⁻⁷ Wb;1,1x10⁻⁷ Wb;D
12;Pernyataan yang benar dibawah ini tentang hukum Lenz adalah...;Gaya gerak listrik induksi didalam sebuah rangkaian adalah sama dengan kecepatan perubahan fluks yang melalui rangkaian tersebut;Arus induksi akan muncul dengan arah yang sedemikian rupa sehingga arah tersebut menentang perubahan fluks magnet yang menghasilkannya;Banyak garis yang menembus permukaan magnet yang dilingkupi oleh luas daerah tertentu;Gaya tarik menarik atau gaya tolak menolak sebanding dengan kuat medan magnet dan berbanding terbalik dengan kuadrat jaraknya;Jumlah garis gaya menembus tegak lurus suatu bidang;B
12;Sebuah kumparan terdiri atas 2000 lilitan. Didalam kumparan terjadi perubahan fluks magnetik dari 0,25 Wb selama 5 sekon. Tentukan besar GGL induksi pada kumparan tersebut...;100 Volt;200 Volt;300 Volt;400 Volt;500 Volt;A
12;Sebuah solenoida panjangnya 2 m, memiliki lilitan sebanyak 1000 buah lilitan. Tentukan induksi magnet pada titik yang berada di salah satu ujung solenoida...;5π x10⁻⁵T;4π x10⁻⁵T;3π x10⁻⁵T;1π x10⁻⁵T;1π x10⁻⁵T;D
12;Sebuah toroida dengan jari-jari efektif 50 cm, dialiri arus listrik sebesar 200mA. Tentukan induksi magnet pada sumbu toroida...;2x10⁻⁴T;3x10⁻⁴T;4x10⁻⁴T;5x10⁻⁴T;6x10⁻⁴T;A
12;Dua buah benda A dan B masing-masing berada pada 2R dan 3R dari permukaan bumi dengan R adalah jari-jari bumi. Jika percepatan gravitasi bumi yang dialami A dan B masing-masing sebesar X dan Y, maka X : Y adalah ...;04:09;09:16;03:04;0,672916667;16:09;D
12;Hubungan momen gaya (τ) terhadap momen inersia (I) pada sebuah benda yang melakukan gerak rotasi dengan percepatan sudut tetap dinyatakan dengan τ berbanding ...;terbalik terhadap I;lurus terhadap I;terbalik terhadap I2;lurus terhadap I2;terbalik terhadap √I;b
12;Sebuah benda yang massanya 2 kg berpindah sejauh 12 m dari keadaan diam dengan percepatan 3 m/s2. Usaha untuk memindahkan benda tersebut sebesar ...;24 J;36 J;72 J;80 J;96 J;c
12;Sebuah pegas P akan bertambah panjang 1 cm jika digantungi beban 12 N. Jika ada 3 buah pegas P yang disusun seperti gambar di bawah ini, akan memiliki konstanta pegas gabungan sebesar ...;600 N/m;750 N/m;800 N/m;900 N/m;1200 N/m;d
12;Jarak antara dua muka gelombang yang berdekatan pada permukaan air disebut sebagai ...;Satu periode gelombang;Satu frekuensi gelombang;Satu panjang gelombang;Satu amplitudo gelombang;Fase gelombang;c
12;Gelombang transversal merambat dari A-B dengan cepat rambat 12 m/s pada frekuensi 4 Hz dan amplitudonya 5 cm. Jika jarak AB = 18 m, maka banyaknya gelombang yang terjadi sepanjang AB adalah ...;5;6;7;8;9;b
12;Seutas senar yang panjangnya 0,4 m dan massanya 2.10-3 kg diikat pada salah satu garputala yang merambat 300 getaran detik-1. Tegangan yang harus diberikan agar terjadi 3/2 gelombang adalah ...;4 N;8 N;12 N;16 N;32 N;d
12;Sebuah gelombang transversal dengan persamaan y = 5.sin π (4t- 0,5x) meter. Cepat rambat gelombang tersebut adalah ...;2 ms-1;4 ms-1;8 ms-1;16 ms-1;32 ms-1;c
12;Dalam perambatannya, gelombang sebenernya memindahkan ...;Massa;Amplitudo;Fase;Energi;Panjang gelombang;d
12;Dua buah pipa organa terbuka A dan B ditiup bersamasama Pipa A menghasilkan nada dasar yang sama tinggi dengan nada atas kedua pipa B. Perbandingan panjang pipa organa A dengan pipa organa B adalah ...;01:03;03:01;01:02;02:02;02:03;b
12;Kecepatan gelombang transversal dalam dawai adalah: 1. berbanding lurus dengan akar gaya tegangan dawai 2. berbanding terbalik dengan akar massa panjang dawai 3. berbanding terbalik dengan panjang gelombang dalam dawai 4. berbanding terbalik dengan frekuensi gelombang dalam dawai Yang benar adalah pernyataan ...;1, 2, 3 dan 4;1, 2, dan 3;1 dan 2;2 dan 4;4 saja;c
12;Sebuah tali panjangnya 80 cm diberi tegangan, jika cepat rambat gelombang pada tali itu 720 m/s. Besarnya frekuensi nada dasar yang ditimbulkan oleh tali itu adalah ...;240 Hz;360 Hz;450 Hz;500 Hz;750 Hz;c
12;Jika sebuah pipa organa ditiup sampai timbul nada atas kedua, maka akan terjadi ...;4 perut dan 5 simpul;4 perut dan 4 simpul;4 perut dan 3 simpul;3 perut dan 4 simpul;3 perut dan 3 simpul;a
12;Sebuah muatan uji sebesar q terletak sejauh r dari muatan sumber Q. Maka nilai medan listrik yang di alami oleh muatan uji tersebut adalah...;Sebanding dengan muatan sumber;Sebanding dengan jaraknya;Berbanding terbalik dengan gaya colomub nya;Berbanding lurus dengan kuadrat jaraknya;Berbanding terbalik dengan kuadran jaraknya;a
12;Dua titik A dan B terpisah sejauh 0,5 m satu sama lain (A di kiri B). Pada titik A dan B diletakan muatan qA= -4nC dan qB= +9nC. Letak titik C yang kuat medannya sama dengan nol adalah...;1 m di kanan B;1 m di kanan A;1 m di kiri A;O,25 m di kiri A;Pertengahan AB;b
12;Sebuah bola berjari-jari 20 cm memiliki muatan +100 C. Potensial listrik sebuah titik berjarak 30 cm dari permukaan bola adalah...;1,8 V;1,8 kV;1,8 MV;1,8 GV;1,8 TV;c
12;Banyaknya garis gaya tegak lurus pada bidang per satuan luas menggambarkan bersarnya...;Muatan listrik;Potensial listrik;Energi potensial listrik;Kuat medan listrik;Rapat muatan listrik;d
12;Tiga muatan yang sama terletak pada sudut-sudut segitiga sama sisi. Jika gaya antara dua muatan besarnya F, besar gaya total pada setiap muatan adalah...;F√2;2F;2√F;F√3;Nol;d
12;Kawat berarus listrik memanjang dari barat ke timur. Apabila arah arus listrik pada kawat tersebut dari barat, arah medan magnet pada titik-titik yang berada di atas kawat akan menuju ke...;Timur;Bawah;Utara;Selatan;Barat;c
12;Tempat kedudukan titik-titik yang memiliki besar induksi magnetik yang sama dari sebuah kawat lurus panjang berarus listrik adalah berupa...;Garis lurus;Lingkaran;Dua garis sejajar;Kulit silinder;Kulit bola;b
12;Dua kawat lurus sejajar masing- masing arusnya i1=3A dan i2=12A searah. Jarak antara kedua kawat 30cm. Tentukanlah letak sebuah titik yang berada diantara kawat yang memiliki induksi magnetiknya nol. (diukur dari kawat pertama);6 cm;8 cm;9 cm;12 cm;24 cm;a
12;Sebuah sumber tegangan arus bolak-balik di hubungkan dengan kapasitor. Arus efektif yang mula- mula melewati kapasitor adalah ief. Jika kapasitas kapasitor diduakalikan, maka arus yang melewati kapasitor menjadi...ief;0,5;1;2;3;4;c
12;Menaikan ggl maksimum suatu generator ac agar menjadi 4 kali semula, dapat dilakukan dengan cara...;Jumlah lilitan dilipatduakan dan periode putar menjadi ½ kali semula;Kecepatan sudut dan luas penampang kumparan dijadikan½ kali semula;Induksi magnetik dan jumlah lilitan dijadikan 4 kali semula;Luas penampang dan periode putar dijadikan 2 kali semula;Penampang dan periode dijadikan ½ kali semula;a
12;Peta adalah gambaran konvensional dari permukaan bumi yang diperkecil seperti pada kenampakannya jika dilihat dari atas. Pendapat tersebut menurut...;ICA;Erwin Raisz;Soetardjo Soerjosoemarno;ahli geografi;Binarto;B
12;Peta topografi termasuk peta...;peta umum;korografi;dunia;khusus;tematik;A
12;Peta skala 1:250.000 artinya tiap 1 cm pada peta sama dengan...;25 cm di lapangan;250 cm di lapangan;2.500 cm di lapangan;2,5 km di lapangan;2,5 km di lapangan;D
12;Simbol garis untuk memperlihatkan fenomena yang bersifat...;kuantitatif;kualitatif;tematik;umum;khusus;B
12;Kenampakan vegetasi dan daratan rendah pada peta menggunakan warna...;hijau;biru;cokelat;hitam;putih;A
12;Peta tambahan kecil untuk memperjelas salah satu bagian peta yang terdapat di dalam peta disebut...;peta korografi;peta umum;inset;legenda;proyeksi peta;C
12;Proyeksi peta yang diperoleh dengan cara memproyeksikan permukaan globe ke bidang silinder disebut...;proyeksi kerucut;proyeksi azimuth;proyeksi silinder;proyeksi normal;proyeksi miring;C
12;Huruf italic biasa digunakan untuk menuliskan...;judul;legenda;nama ibu kota;nama sungai;nama dataran rendah;D
12;Salah satu syarat pembuatan peta adalah conform, artinya...;luas peta harus tepat dan benar;bentuk peta harus sesuai dengan aslinya;jarak peta harus benar;arah peta harus benar;gambar harus simetris;B
12;Perbandingan jarak pada peta dengan jarak di lapangan yang ditunjukkan dalam bentuk garis disebut...;skala numerik;skala angka;skala garis;skala verbal;skala inci;C
12;Jarak dari rumah Romi ke sekolah adalah 8 km. Jika Romi ingin memetakan dengan skala 1:500.000, maka jarak pada peta adalah...;0,625 cm;0,16 cm;1,6 cm;6,16 cm;16 cm;C
12;Gambaran permukaan bumi pada bidang datar yang digambarkan dengan menggunakan skala dan dilengkapi dengan tulisan dan simbol merupakan pengertian dari...;peta;globe;atlas;relief muka bumi;proyeksi peta;A
12;Gambar pada peta yang menunjukkan lokasi daerah yang dipetakan pada kedudukannya dengan daerah sekitarnya yang lebih luas disebut...;judul peta;inset peta;sumber peta;legenda peta;simbol peta;B
12;Perbandingan jarak antara di peta dengan jarak sebenarnya di permukaan bumi disebut...;legenda;orientasi;skala peta;relief;proyeksi;C
12;Semua kegiatan manusia dalam bidang ekonomi yang produktif/menghasilkan barang dan uang adalah pengertian industri menurut...;G.T. Renner;Landis;Bintarto;Soentono Soejono;Christaller;A
12;Ketentuan tentang perindustrian di Indonesia tertuang dalam...;UU No. 1 Tahun 1984;UU No. 2 Tahun 1984;UU No. 3 Tahun 1984;UU No.5 Tahun 1984;UU No.5 Tahun 1984;D
12;Usaha manusia untuk mengolah suatu bahan mentah menjadi barang setengah jadi dan barang jadi sehingga dapat mendatangkan manfaat yang lebih besar bagi manusia disebut...;distribusi;konsumsi;industri;produksi;ekonomi;C
12;Ban, mobil, baju, sepatu, dan tas dalam industri disebut...;bahan mentah;bahan baku;barang jadi;barang setengah jadi;barang setengah jadi;C
12;Pengertian industrialisasi menurut Moh. Hatta adalah...;proses pengolahan bahan mentah menjadi barang jadi;proses penyaluran barang/jasa dari produsen ke konsumen;usaha untuk mengganti struktur agraris menjadi struktur industri;kegiatan untuk memulai proses produksi;kegiatan untuk menyediakan faktor-faktor produksi;C
12;Manfaat industrialisasi adalah sebagai berikut, kecuali...;memperluas lapangan kerja;meningkatkan pendapatan;mendorong dan meningkatkan ilmu teknologi;meningkatkan konsumerisme masyarakat;meningkatkan konsumerisme masyarakat;D
12;Industri yang menggunakan lebih dari 100 orang tenaga kerja disebut industri...;rumah tangga;kecil;sedang;besar;dasar;D
12;Dibawah ini yang merupakan penggolongan industri berdasarkan tenaga kerja adalah...;industri rumah tangga;industri hulu;industri hilir;industri dasar;industri raksasa;A
12;Industri-industri yang hasil produksinya dipasarkan di pasar dalam negeri (lokal) disebut industri...;padat karya;padat modal;dasar;lokal;menengah;D
12;Industri yang memproduksi lebih dari satu barang disebut...;campuran;kecil;sedang;besar;hilir;A
12;Industri pertambangan, pertanian, perikanan, kehutanan dan perkebunan digolongkan ke dalam industri...;reproduksi;manufaktur;nonekstraktif;ekstraktif;industri hilir;D
12;Dalam kajian geografi, informasi yang diperlukan harus menunjukkan ciri...;akurat dan relevan;cepat dan akurat;teritorial dan spasial;akurat dan spasial;akurat dan teritorial;A
12;Informasi yang bersifat dinamis merupakan sifat dari...;informasi geografi;informasi spasial;informasi teritorial;gejala-gejala sosial;gejala-gejala alam;C
12;Sistem informasi geografis adalah sistem komputer yang dapat digunakan untuk mengumpulkan, memeriksa, mengintegrasikan, dan menganalisis informasi-informasi yang berhubungan dengan permukaan bumi. Pandangan tersebut dinyatakan oleh...;Berry;Calkin;Linden;Demers;Barrough;D
12;Hal yang harus diperhatikan dalam sistem informasi geografis adalah data yang akan diproses oleh komputer harus diubah dulu menjadi data...;digital;spasial;manual;temporal;teritorial;A
12;Komponen sistem informasi geografis antara lain perangkat keras (hardware), contohnya...;input data;manajemen bisnis data;output data;disk drive;disk drive;D
12;Dalam SIG digunakan perangkat lunak, yaitu sistem modul yang berfungsi dalam...;program penggunaan;memasukan data dasar;merawat perangkat;mengoperasikan SIG;mengoperasikan SIG;D
12;Suatu data yang menunjukkan kedalaman sumber minyak bumi pada kedalaman tertentu, menggambarkan gejala...;hidrosfer;litosfer;atmosfer;sosiosfer;biosfer;B
12;Berikut ini merupakan beberapa kelemahan jelajah lapangan dalam memperoleh data geografi, kecuali...;biaya yang mahal;medan yang sulit;pemborosan tenaga;ketrampilan yang minim;waktu yang lama;D
12;Data input berguna dalam...;menganalisis dan memperoleh data;menyimpan dan menayangkan data;mengambil dan menayangkan data;memasukan dan mengubah data;memasukan dan mengubah data;D
12;Data kuantitatif yang disusun berdasarkan jarak tertentu disebut...;data rasio;data ordinal;data nominal;data interval;data spasial;D
12;Jika data berbentuk grafis maka data tersebut berasal dari...;peta analog;sistem radar;hasil sensus;statistik;survei di lapangan;A
12;Untuk mendapatkan informasi tentang objek-objek dan gejala-gejala di permukaan bumi dengan metode penginderaan jauh digunakan alat-alat berikut ini, kecuali...;scanner;stetoskop;radio meter;kamera manual;kamera digital;B
12;Suatu ilmu, seni, dan teknik untuk mendeteksi suatu alam dan sosial budaya di permukaan bumi dari jarak jauh dengan menggunakan alat berupa sensor buatan disebut...;scanning;citra;landsat;remote sensing;remote sensing;D
12;Sebelum data diproses maka dilakukan...;penggolongan data;memanipulasi data;pengolahan data;penyimpanan data;pendekatan data tabuler;C
12;Sumber energi dalam proses penginderaan jauh berfungsi untuk...;menyinari objek dan memantulkan pada sensor;untuk menjalankan mesin sensor;untuk menggerakan wahana ke suatu tempat;mengubah data digital ke data visual;mencetak hasil penginderaan jauh;A
12;Alat yang digunakan untuk membaca atau menginterpretasi foto udara disebut...;teleskop;stereoskop;lup;mikroskop;stetoskop;B
12;Foto udara dan foto satelit adalah pengelompokan foto berdasarkan...;sistem wahananya;sumbu kameranya;warna yang digunakan;jenis kameranya;warna fotonya;A
12;Kelebihan sensor elektromagnetik jika dibandingkan dengan sensor fotografik adalah...;resolusinya baik;integritas geometrinya relatif baik;perbedaan karakteristik objek yang diamati lebih jelas;biayanya lebih murah;caranya sederhana seperti foto biasa;C
12;Citra dalam penginderaan jauh meliputi dua macam, yaitu...;citra aktif dan citra pasif;citra satelit dan citra nonsatelit;citra sensor dan citra foto;citra foto dan citra nonfoto;citra foto dan citra nonfoto;D
12;Suatu alat yang dilengkapi dengan pemancar dan penerima pantulan gelombang adalah...;sensor aktif;sensor pasif;citra;objek;wahana;A
12;Permukiman di sepanjang Bengawan Solo sering mengalami banjir sehingga masyarakat membuat tanggul penahan banjir dan pada waktu banjir terjadi, sering kali permukiman ditinggalkan penghuninya. Pendekatan geografi untuk mempelajari peristiwa tersebut adalah pendekatan...;keruangan;kewilayahan;kelingkungan;sosial;Kemanusiaan;c
12;Pulau Jawa dengan jumlah penduduk yang padat menyebabkan lahan pertanian sempit. Adapun pulau Kalimantan masih memiliki lahan pertanian yang luas karena jumlah penduduk yang relatif sedikit. Akibatnya, terjadi perpindahan penduduk dari Pulau Jawa ke Pulau Kalimantan melalui transmigrasi. Konsep geografi yang berkaitan dengan fenomena itu adalah konsep...;pola;lokasi;aglomerasi;interaksi;interaksi;D
12;Fenomena alam dalam bentuk angin puting beliung yang terjadi di wilayah Indonesia ada kaitannya dengan perbedaan tekanan udara dan suhu udara. Prinsip geografi yang berkenaan dengan fenomena tersebut adalah prinsip...;distribusi;interelasi;deskripsi;korologi;lokasi;b
12;Menurut Immanuel Kant, tata surya terbentuk dari gumpalan kabut yang terdiri atas bermacam-macam gas yang berpilin lambat hingga membentuk cakram biasa disebut teori...;pasang surut;bintang kembar;planetesimal;nebula;nebula;D
12;Bumi merupakan benda terapung yang ada di permukaan air, teori ini dikemukakan oleh...;Alfred Wegener;Descrates;Socrates;Thales;James Dana;d
12;Planet-planet yang dikelompokan ke dalam superior planet, kecuali...;Yupiter;Neptunus;Saturnus;Merkurius;Merkurius;D
12;Di planet Yupiter terdapat titik merah besar. Fenomena ini disebabkan oleh...;mulai aktifnya gunung api;tumbuhnya meteor di planet tersebut;topan dibagian atas atmosfer Yupiter;satelit yang mengelilinginya;serpihan es dan debu;c
12;Halmahera merupakan salah satu wilayah di Indonesia yang rawan gempa, karena...;berada di atas lempeng Samudra Pasifik dan Indo-Australia;merupakan pulau yang terbentuk di atas gunung api laut;diapit oleh lempeng Samudra Hindia dan Eurasia;lapisan lempeng Halmahera lebih tipis dari lempeng samudra;struktur geologi Halmahera yang tidak stabil;a
12;Batuan yang bercirikan berbutir kasar dan jarang adanya lubang gas adalah batuan...;beku luar;beku gang;beku dalam;beku sill;beku lakolit;c
12;Kota A memiliki ketinggian 5 meter di atas permukaan laut dan rata-rata suhu udara di kota A= 18ᵒC. Jika di kota B memiliki ketinggian 215m di atas permukaan laut dengan setiap naik 100 meter, suhu turun 0,6ᵒC, maka rata-rata suhu udaranya adalah...;16,74ᵒ C;16,84ᵒ C;17,00ᵒ C;17,74ᵒ C;18,OOᵒ C;a
12;Pola aliran sungai yang bentuknya menyerupai tralis yang terdapat pada daerah lipatan disebut sungai...;rektangular;paralel;trellis;dendritik;anular;c
12;Hujan yang terjadi di daerah tropis yang disebabkan oleh arus konveksi disebut...;hujan zenithal;hujan orografis;hujan musim;hujan frontal;hujan salju;a
12;Contoh hewan di Indonesia yang bercorak wilayah peralihan adalah...;gajah, harimau, dan komodo;kangguru, cendrawasih, dan kasuari;badak, harimau, kera, dan panda;komodo, anoa, dan maleo;kuskus, kangguru, dan komodo;d
12;Flora yang hidup di daerah beriklim dingin atau tundra adalah...;padang rumput;lumut;jati;kaktus;cemara;b
12;Ciri-ciri piramida penduduk stasioner adalah tingkat...;kematian tinggi dan kematian rendah;kelahiran tinggi dan migrasi rendah;kelahiran dan kematian sama-sama rendah;kelahiran rendah dan kematian tinggi;kematian rendah dan migrasi tinggi;c
12;Pengelompokan penduduk berdasarkan tingkatan usia merupakan komposisi penduduk berdasarkan...;geografis;sosial;biologis;gender;fisik;c
12;Sumber daya alam akuatik adalah...;sumber daya alam yang dapat diketahui;sumber daya alam di dalam tanah;sumber daya buatan manusia;sumber daya alam di perairan;sumber daya alam di perairan;D
12;Termasuk sumber daya alam tidak dapat diperbarui dan harus digunakan sehemat mungkin, kecuali...;flora dan fauna;gas alam cair;minyak bumi;batu bara;tembaga;a
12;Hutan berfungsi untuk mengikat atau menahan air hujan. Hal ini disebut fungsi...;sosial;ekonomis;ekologis;hidrologis;orologis;d
12;Salah satu fungsi strategis dari hutan adalah...;untuk perlindungan dan kelestarian;untuk keindahan dan kelestarian;untuk pertahanan dan perlindungan;untuk mengatur tata air dan iklim;untuk melestarikan sumber daya alam nabati;d
12;Pembalakan hutan secara liar menyebabkan kerusakan lingkungan berikut, kecuali...;terjadi lahan kritis;terjadi bencana banjir;terjadi banjir galodo;membuka lapangan pekerjaan;membuka lapangan pekerjaan;D
12;Salah satu dampak negatif permukiman terhadap lingkungan fisik adalah...;meningkatkan limbah domestik;memperlancar infiltrasi air kedalam tanah;menghambat proses erosi;penurunan suhu akibat pemanasan global;menggunakan pandangan jangka panjang;a
12;Ciri-ciri pembangunan berwawasan lingkungan, kecuali...;melakukan pendekatan intergratif;menghayati keanekaragaman hayati;menggunakan pandangan jangka pendek;menjamin pemerataan dan keadilan;menggunakan pandangan jangka panjang;c
12;Pembangunan berkelanjutan yang berkaitan dengan lingkungan hidup bertujuan untuk...;menjaga kelestarian lingkungan hidup;menjaga siklus hidologi;memperluas lapangan kerja;meningkatkan kemakmuran rakyat;mengurangi tingkat pengangguran;a
12;Arah yang menunjukan lereng yang landai pada gambar di bawah ini adalah nomor...;1;2;3;4;5;b
12;Jarak kedua titik di peta 12cm, jarak sebenarnya 3.600 m. Jadi, skala petanya...;0,25;1 : 3.000;1 : 30.000;1 : 300.000;1 : 3.000.000;c
12;Faktor-faktor yang mempengaruhi lokasi industri, kecuali...;kedekatan dengan bahan baku;dekat dengan wilayah pertumbuhan;dekat dengan sumber tenaga;dekat dengan tenaga kerja;dekat dengan daerah pemasaran;b
12;Termasuk dalam unsur-unsur citra, kecuali...;bentuk dan ukuran;rona dan warna;ketinggian dalam pengambilan gambar;tekstur dan bayangan;pola dan asosiasi;c
12;Citra yang diperoleh dari sensor bukan kamera dan menggunakan spektrum elektromagnetik disebut...;citra foto;citra radar;citra orbital satelit;citra multispektral;citra;b
12;Membuat basis data baru, menghapus basis data, membuat tabel basis data, dan mengedit data merupakan tahapan kerja SIG, yaitu...;masukan data;manipulasi dan analisis data;penyajian data;pengolahan data;manajemen data;b
12;Termasuk ciri desa swadaya adalah...;tidak terisolasi;terdapat home industry;mata pencaharian penduduk heterogen;adat istiadat masih kuat;adat istiadat masih kuat;D
12;Dampak negatif interaksi desa-kota di daerah pedesaan adalah...;munculnya permukiman kotor;desa kekurangan tenaga kerja muda;pengangguran terbuka di kota-kota;angka kriminalitas di kota meningkat;lingkungan perkotaan rusak;b
12;Pengertian dari pusat pertumbuhan adalah...;wilayah yang memengaruhi wilayah lain;wilayah yang berkembang lebih baik dari wilayah sebelumnya;wilayah yang memiliki kegiatan industri;wilayah yang perkembangannya pesat dan mampu memengaruhi wilayah lain;wilayah yang lebih berkembang dibandingkan wilayah lain di sekitarnya;d
12;Terbentuknya pusat pertumbuhan memberikan pengaruh pada perkembangan daerah sekitanya terutama dipengaruhi oleh faktor...;lokasi daerah yang strategis;kegiatan ekonomi yang menonjol;potensi sumber daya alam;dukungan masyarakat dalam pembangunan;kebijakan pemerintah daerah;a
12;Berikut ini ciri-ciri Negara maju, kecuali...;pertumbuhan penduduk tinggi;pendapatan perkapita rata-rata tinggi;angka harapan hidup tinggi;tingkat pendidikan rata-rata tinggi;angka kematian bayi kecil;a
12;Faktor yang mendorong industri di negara-negara maju berkembang pesat adalah...;tingkat produktifitas penduduk relatif rendah;tingkat etos kerja penduduk relatif maju;pendapatan diperoleh dari sektor sekunder;sarana infrastruktur kurang memadai;mendominasi negara-negara berkembang;b
12;Berdasarkan data World Bank Development, negara-negara yang GNP per-kapitanya antara 786-3.125 dolar AS meliputi negara...;Kanada, Banglades, dan Meksiko;Filipina, Indonesia, dan India;Brazil, Pakistan, dan Jepang;Kolombia, Filipina, dan Cina;Pakistan, India, dan Nigeria;d
12;Berikut ini yang bukan termasuk hasil dari intrusi magma yaitu ...;diatrema;fumarol;sills;lakolit;batolit;b
12;Tenaga yang berasal dari dalam Bumi yang sifatnya membangun adalah ...;pelapukan;sedimentasi;erosi;endogen;eksogen;d
12;Di bawah ini yang merupakan ciri khas dari gunung berapi maar yaitu ...;datar dan berlapis-lapis;runcing;melebar;tumpul dan ukurannya kecil;tumpul dan ukurannya kecil;D
12;Aktivitas berupa keluarnya magma ke permukaan disebut ...;sills;batolit;ekstrusi;lakolit;intrusi;c
12;Pembentukan pegunungan disebut ...;orogenetik;eksogenetik;endogenetik;epigenetik;epirogenetik;a
12;Berikut ini bentuk muka Bumi yang terbentuk akibat tenaga endogen yaitu ...;delta;kipas aluvial;tanggul alam;dataran tinggi;kanyon;d
12;Letak lapisan ozon yaitu di lapisan ...;eksosfer;mesosfer;stratosfer;troposfer;termosfer;c
12;Pembentukan hujan terjadi pada lapisan ...;eksosfer;mesosfer;stratosfer;troposfer;troposfer;D
12;Berikut ini bukan termasuk unsur iklim dan cuaca yaitu ...;bintang;angin;radiasi matahari;kelembapan;suhu;a
12;Lapisan eksosfer mengandung gas ...;karbon dioksida;nitrogen;hidrogen;ozon;oksigen;c
12;Kegiatan komunikasi di bumi bisa terjadi karena adanya pemantulan gelombang oleh ...;partikel-partikel matahari;sinar kutub;awan sinar malam;gas-gas yang terionisasi;gas-gas yang terionisasi;D
12;Menurut iklim Matahari, China dan Jepang termasuk negara beriklim ...;subtropika utara;subtropika selatan;tropik;sedang utara;kutub utara;a
12;Di bawah ini yang merupakan awan sebagai pertanda cuaca akan baik apabila Matahari tenggelam atau Matahari terbit yaitu awan ...;cirrus;nimbus;cumulonimbus;stratus;cumulus;a
12;Awan dengan ketinggian dasar antara 2-6 km digolongkan ke dalam awan ...;tinggi;sangat tinggi;vertikal;menengah;rendah;d
12;Angin yang bergerak ke arah kutub disebut angin ...;fohn;kutub;antipasat;musim;pasat;c
12;Kondisi atmosfer di wilayah yang sempit dan dalam waktu yang singkat dinamakan ...;angin pasat;kelembaban;iklim;cuaca;suhu;d
12;Hutan yang tumbuhannya berupa pohon cemara, fir, dan spruce merupakan jenis hutan ...;sabana;tropis;tndra;hutan coniferus;hutan coniferus;D
12;Penguapan pada tumbuhan disebut ...;evaporasi;kondensasi;infiltrasi;transpirasi;transpirasi;D
12;Dalam daur hidrologi, perubahan air laut menjadi uap air disebut ...;transpirasi;kondensasi;infiltrasi;evaporasi;perkolasi;d
12;Sungai yang bermuara di sungai konsekuen disebut sungai ...;intermitten;insekuen;resekuen;subsekuen;subsekuen;D
12;Aliran air tanah yang mengarah ke laut secara horizontal disebut ...;kondensasi;infiltrasi;perkolasi;respirasi;evaporasi;c
12;Penebangan hujan dapat mengakibatkan banjir karena ...;batu-batuan yang ada di hutan menutupi aliran air;meluapnya air di dalam tanah;tidak ada yang menahan air;berkurangnya transpirasi;air hujan bertambah banyak;c
12;Proses air laut masuk ke daratan disebut ...;ekstrusi;intrusi;substitusi;perkolasi;infiltrasi;b
12;Berikut ini yang tidak termasuk faktor yang menentukan kecepatan angin yaitu ...;relief permukaan Bumi;letak lintang;ketinggian tempat;kelembapan udara;gradien barometris;d
12;Lapisan atmosfer dengan suhu paling rendah yaitu ...;termosfer;eksosfer;stratosfer;mesosfer;troposfer;d
12;Jika diketahui df = ax + b dx dengan f(0) - f(-1) = 3 dan f(1) - f(0) = 5, maka nilai dari a + b adalah...;8;7;6;5;4;C
12;Diketahui ∫(3p − 2)(4 + p)dp = 50. Nilai 3n = ...;12;9;6;3;2;B
12;Jika f(x) = ∫3x² − 2x + 6dx dan f(0) = -6 maka f(x) = ...;x³ + 6x² - x - 6;x³ - x² + 6x - 6;x³ - 6x² + x - 6;x³ - x² - x - 6;x³ + x² + 6x - 6;B
12;Hasil dari ∫axⁿ⁺¹dx adalah...;a (n+2)⁻¹xⁿ⁺² + c;a (n+1)⁻¹xⁿ⁺¹ + c;a (n+1)⁻¹xⁿ + c;a (n+1)⁻¹xⁿ⁺¹ + c;a (n+1)⁻¹xⁿ⁺² + c;D
12;Nilai dari ∫(x³ − 4x)dx =...;1/4x⁴ + 4x² + c;1/4x⁴ + 2x² + c;1/4x⁴ - 2x² + c;1/4x⁴ - 2x²;1/4x³ - 2x²;C
12;Nilai dari ∫(x³ − x)dx =...;2;1;0;-1;-2;C
12;Jika ∫(x + 4 - 1/2x²)dx = ...;2;18;20;22;24;B
12;Diketahui f'(x) = 2x - 3 merupakan turunan dari fungsi f(x). Bila f(1) = -6 maka fungsi f(x) = ...;x² - 3x - 4;x² - 3x + 4;x² - 3x - 8;2x² - 3x - 4;2x² - 3x + 4;A
12;F'(x) = (x + 1)(x + 2). Jika F(-3) = −3/2, maka F(x) = ...;1/3x³ + 3/2x²;1/3x³ + 3/2x² - 2x - 3;1/3x³ + 3/2x² + 2x - 3;1/3x³ + 3/2x² + 2x + 3;(x + 1)²(x + 2)²/4;D
12;Luas daerah yang dibatasi oleh kurva y = 1 - x², sumbu X, x = 1 dan x = 3 adalah...;19-Mar;22-Mar;25-Mar;20-Mar;23-Mar;B
12;Luas yang dibatasi oleh garis y = 4x, sumbu X dan ordinat x = 5 besarnya...;50;52;60;65;68;A
12;Luas daerah tertutup yang dibatasi oleh parabola y = x² + 1 dan garis y = -x + 3 adalah...;11.5;6;5.5;5;4.5;D
12;Luas daerah tertutup yang dibatasi oleh kurva y = x² - 2 dan garis y - x - 4 = 0 adalah...;10 5/6;11 5/6;20 5/6;21 5/6;22 5/6;B
12;Keuntungan maksimum yang dapat diraih adalah...;Rp30.000,00;Rp25.000,00;Rp20.000,00;Rp16.000,00;Rp15.000,00;A
12;Pedagang itu harus membeli ...;250 buah apel saja;400 buah jeruk saja;170 buah apel dan 200 buah jeruk;100 buah apel dan 300 buah jeruk;150 buah apel dan 250 buah jeruk;B
12;Keuntungan maksimum pedagang tersebut adalah...;Rp150.000,00;Rp172.000,00;Rp186.000,00;Rp190.000,00;Rp210.000,00;D
12;Seorang calon dengan jumlah dua kali nilai Matematika dan tiga kali Biologi sama dengan 30 akan...;Pasti ditolak;Pasti diterima;Diterima asal nilai Matematika lebih dari 9;Diterima asal nilai Biologi tak kurang dari 5;Diterima hanya bila nilai Biologi 6;B
12;Keuntungan terbesar yang dapat dicapai ibu tersebut adalah...;30%;32%;34%;36%;40%;C
12;Nilai maksimum dari 5x + 45y untuk x dan y yang memenuhi y ≥ 0, x + 2y < 6, dan 3x + y ≥ 8 adalah ...;60;100;135;360;360;D
12;Jumlah tempat duduk kelas utama haruslah...;12;20;24;26;30;A
12;Hasil dari biaya parkir maksimum adalah...;Rp187.500,00;Rp290.000,00;Rp325.000,00;Rp435.000,00;Rp725.000,00;C
12;Nilai minimum dari z = 3x + 6y adalah...;50;40;30;20;10;B
12;Maksimum yang harus kita bayar adalah...;Rp27.500,00;Rp30.000,00;Rp32.500,00;Rp35.000,00;Rp37.500,00;A
12;Nilai x dan y yang memenuhi persamaan matriks adalah...;6 dan -5;-6 dan 5;6 dan -6;6 dan 5;6 dan 5;D
12;x + y = ...;-2;-1;0;1;2;D
12;4x + 5y = ...;-8;-7;-6;-5;-4;B
12;B x A = ...;"[2 4; 6 8]";"[3 5; 7 9]";(8 7);(4 8);(5 8);A
12;Nilai a adalah...;2;4;5;8;9;B
12;Harga x dan y berturut-turut adalah...;-3 dan 8;11 dan -8;-3 dan -8;11 dan 8;11 dan 8;D
12;Nilai c adalah...;2;4;6;8;10;C
12;Nilai dari x + y adalah ...;-2;0;2;6;6;D
12;Nilai p dan q berturut-turut adalah ...;2 dan 13;-2 dan 13;2 dan -13;7 dan 13;-7 dan 13;A
12;Invers matriks tersebut adalah...;"[3 0; -2 1]";"[1 0; -2/3 1/3]";"[1/2 0; 1/3 1/3]";"[1 0; -2/3 1/3]";"[2/3 1/2; 1 0]";B
12;Pernyataan yang benar adalah...;x > y;x < y;x = y;x dan y tidak bisa ditentukan;xy < y;C
12;Nilai k adalah...;5;3;-0,6;-3;-5;B
12;Pernyataan yang benar mengenai sifat-sifat unsur dalam satu golongan dari atas ke bawah mempunyai kecenderungan ...;jari-jari atom berkurang;keelektronegatifan bertambah;afinitas elektron bertambah;energi ionisasi berkurang;sifat logamnya berkurang;D
12;Magnalium adalah logam paduan yang terdiri dari ...;Mn dan Fe;Mn dan Cu;Mg dan Al;Mg dan Zn;Mg dan Cr;C
12;Unsur-unsur yang diperlukan tumbuhan secara makro (dalam jumlah besar) ialah ...;C, H, O, Mg, Zn;Cu, Zn, Mn, B, Fe;S, Na, Ca, Zn, C;N, K, S, Ca, Mg;N, K, S, Ca, Mg;D
12;Di antara sifat unsur gas mulia berikut, yang menunjang kestabilan gas mulia adalah ...;konfigurasi elektron oktet;energi ionisasi tinggi;gas mono atomik;sukar bereaksi;berwujud gas;A
12;Senyawa hidroksida logam alkali tanah yang dalam bentuk suspensi digunakan sebagai obat sakit lambung adalah ...;Be(OH)2;Mg(OH)2;Ca(OH)2;Sr(OH)2;Ba(OH)2;B
12;Diantara zat-zat di bawah ini yang termasuk unsur adalah ...;nikrom;tembaga;kuningan;bauksit;perunggu;B
12;Pemakaian khlor sebagai disinfektan air minum berdasarkan proses ...;reduksi;presipitasi;oksidasi;hidrogenasi;hidratasi;C
12;Dalam setiap gram pupuk urea, unsur yang mempunyai persen berat terbesara dalah ...;karbon;nitrogen;oksigen;hydrogen;kobal;B
12;Kereaktifan gas mulia snagat rendah. hal ini disebabkan karena semua gas mulia ...;nomor atomnya genap;terdapat bebas di alam;bentuk molekulnya monoatomik;energi ionisasinya sangat tinggi;jumlah elektron terluarnya sellau 8;D
12;Pasangan unsur gas mulia yang senyawanya telah disintesis adalah ...;xenon dan rgon;xenon dan krypton;helium dan xenon;xenon dan krypton;helium dan argon;B
12;Aluminium banayk dipakai untuk membuat alat-alat rumah tangga, sebab aluminium merupakan logam yang ...;lunak dan mengkilap;aktif dan bersifat magnet;ringan dan tahan korosi;rapuh dan mudah didapat;sanagt keras dan aktif;C
12;Larutan basa alkali berikut yang paling kuat adalah ...;KOH;LiOH;CaOH;RbOH;RbOH;D
12;Senyawa manakah yang mengandung unsur khlor?;air barit;kaporit;air sadah;kriolit;pyrit;B
12;Belerang dapat ditemukan dalam berbagai bentuk pada suhu kamar. BVEntuk-betuk ini terkenals ebagai ...;isotop;alotrop;isomer;homolog;polimer;B
12;Hidrogen bereaksi dengan logam yang aktif pada suhu tinggi membentuk sneyawa ...;oksida;peroksida;halida;hidrida;hidrida;D
12;Faktor yang menyebabkan gas N2 hanya dapat bereaksi dengan unsur lain pada suhu tinggi adalah ...;energi ikatan N2 sangat tinggi;molekulnya diatomik;keelekktronegatifannya rendah;energi ionisasinya kecil;kerapatannya sangat besar;A
12;Pada umumnya unsur transisi bersifat paramagnetik. Hal ini disebabkan ...;semua unsur transisi bersifat logam;elektron pada unsur transisi bebas bergerak;semua subkulit d terisi penuh elektron yang berpasangan;adanya elektron-elektron tak berpasangan pada subkulit d;adanya perpindahan elektron dari subkulit d ke subkulit s;D
12;Unsur-unsur periode ketiga yang bersifat pereduksi paling kuat adalah ...;Na;Cl;Mg;Al;Si;A
12;Logam magnesium dapat dibuat melalui reaksi ...;reduksi MgCl2 dengan TiCl2;reduksi MgO dengan karbon;Pemanasan MgCO3 sampai suhu 400° C;elektrolisis lelehan MgCl2;elektrolisis larutan MgSO4;D
12;Diketahui beberapa sifat unsur: 1. pada umumnya senyawanya berwarna 2. sebagai unsur bebas bersifat racun senyawa 3. sukar bereaksi dengan unsur lain 4. sangat reaktif, sehingga terdapat di alam sebagai senyawa 5. dengan basa kuat memberikan reaksi autoredoks. Yang merupakan sifat unsur halogen adalah ...;01/02/2003;01/03/2005;02/03/2004;02/04/2005;03/04/2005;D
12;Konfigurasi ion X2- adalah ...;1s2 2s2 2p6 3s2 3p6 4s2 3d6;1s2 2s2 2p6 3s2 3p6 4s2 3d4;1s2 2s2 2p6 3s2 3p2;1s2 2s2 2p6 3s2;1s2 2s2 2p6;A
12;Jika atom X dan Y berikatan, maka senyawa yang terbentuk adalah ...;XY;X2Y;XY2;X2Y3;X2Y3;D
12;Unsur Y dalam sistem periodik unsur modern terletak pada ...;Perioda 2 dan golongan II A;Perioda 2 dan golongan IV A;Perioda 2 dan golongan VI A;Perioda 3 dan golongan II A;Perioda 3 dan golongan VI A;C
12;Gaya London terdapat pada antar molekul senyawa ...;NH3;H2O;HCl;N2 cair;N2 cair;D
12;Pada pembakaran sempurna 3,2 gram metana (Ar H = 1 C = 12), sesuai persamaan reaksi: CH4 + O2 → CO2 + H2O. Volume gas CO2 yang dihasilkan jika diukur pada keadaan STP adalah ...;1,12 liter;2,24 liter;4,48 liter;22,4 liter;44,8 liter;C
12;Massa hidrogen yang terdapat pada 27 gram air (Ar H = 1 O = 16) adalah ...;3 gram;6 gram;7 gram;18 gram;24 gram;A
12;Nama yang tepat untuk senyawa N2O adalah ...;Nitrogen oksida;Nitrogen (I) oksida;Nitrogen (II) oksida;Nitrogen (III) oksida;Nitrogen (IV) oksida;B
12;Pada konsentrasi yang sama, larutan yang menghantarkan listrik paling baik adalah ...;HCl;CH3COOH;HF;NH4OH;Mg(OH)2;A
12;Sebanyak 200 mL larutan H2SO4 0,0005 M memiliki pH sebesar ...;2 - log 5;2;3;11;12 + log 5;C
12;Berapakah volume HCl 0,1 M yang diperlukan untuk menetralkan 50 mL NaOH 0,05 M?;10 mL;15 mL;20 mL;25 mL;50 mL;D
12;Reaksi yang menghasilkan larutan penyangga yang bersifat asam adalah ...;25 mL NaOH 0,1 M + 25 mL HBr 0,1 M;25 mL NH4OH 0,1 M + 25 mL HCN 0,1 M;25 mL KOH 0,1 M + 25 mL H2SO4 0,1 M;25 mL NaOH 0,1 M + 50 mL HF 0,1 M;25 mL NaOH 0,1 M + 50 mL HF 0,1 M;D
12;Sebanyak 100 mL larutan H2SO4 0,1 M direaksikan dengan 100 mL larutan NH4OH 0,2 M. Jika Kb NH4OH adalah 10^-5, maka pH setelah bereaksi adalah ...;2 - log 5;5 - log 2;5;9;12 + log 2;D
12;Pada suhu tertentu, kelarutan PbI2 dalam air adalah 1,5 × 10^-3 mol/liter. Berdasarkan data tersebut, maka harga Ksp PbI2 adalah ...;4,50 × 10^-9;3,37 × 10^-9;6,75 × 10^-8;1,35 × 10^-8;1,35 × 10^-8;D
12;Sebanyak 6 gram urea (Mr = 60) dicampurkan dengan 180 gram air (Mr = 18). Jika pada suhu tertentu air memiliki tekanan uap jenuh sebesar 30 mmHg, maka larutan tersebut akan memiliki tekanan uap jenuh sebesar ...;0,3 mmHg;3,0 mmHg;27,0 mmHg;29,7 mmHg;30,3 mmHg;D
12;Ruang di mana terdapat kebolehjadian yang lebih tinggi untuk menemukan suatu elektron disebut...;momentum;subkulit;orbital;kulit;inti atom;C
12;Bilangan kuantum yang membagi kulit menjadi subkulit-subkulit disebut...;bilangan kuantum Bohr;bilangan kuantum azimuth;bilangan kuantum spin;bilangan kuantum utama;bilangan kuantum magnetik;B
12;Di antara set bilangan kuantum di bawah ini, manakah yang tidak dibolehkan?;n=1 l=0 m=0 s=+½;n=2 l=1 m=+1 s=-½;n=3 l=0 m=+1 s=+½;n=3 l=1 m=-1 s=-½;n=2 l=0 m=0 s=+½;C
12;Subkulit s, p, d dan masing-masing orbital...;1, 3, dan 7;3, 5, dan 14;2, 6, dan 10;2, 3, dan 10;1, 3, dan 5;C
12;Diketahui nomor atom Zn = 30, konfigurasi elektron ion Zn2+ adalah...;1s2 2s2 2p6 3s2 3p6 4s2 3d10;1s2 2s2 2p6 3s2 3p6 4s1 3d9;1s2 2s2 2p6 3s2 3p6 4s2 3d8;1s2 2s2 2p6 3s2 3p6 3d10;1s2 2s2 2p6 3s2 3p6 4s2 3d9;D
12;Konfigurasi elektron ion P+3 = 1s2 2s2 2p6 3s2 3p6 3d5. Dalam sistem periodik, unsur P terletak pada...;periode 3, golongan VIA;periode 3, golongan VIIA;periode 4, golongan VIB;periode 4, golongan VIIB;periode 4, golongan VIIIB;C
12;Berdasarkan Teori Hibridisasi, jenis orbital hibrid pada ikatan kovalen dari CH4 adalah...;sp;sp2;sp3;sp3d;sp3d2;C
12;Yang bukan merupakan ikatan hidrogen pada senyawa-senyawa berikut adalah...;C2H6;H2O2;NH3;CH3OH;HF;A
12;Gaya antar molekul yang paling lemah terdapat pada interaksi molekul...;H2O;CH4;HCl;NH3;C2H5OH;B
12;Bentuk molekul suatau senyawa adalah bipiramida trigonal. Senyawa ini mempunyai jumlah pasangan elektron ikatan sebanyak...;1;2;3;5;5;D
12;Faktor yang tidak mempengaruhi kecepatan reaksi adalah...;ukuran partikel;suhu;konsentrasi;warna;katalis;D
12;Pada proses respirasi, glukosa (karbohidrat) dalam tubuh akan mengalami pembakaran. Proses respirasi merupakan merupakan contoh reaksi...;eksoterm;endoterm;asam basa;kesetimbangan;penetralan;A
12;Yang bukan merupakan pengamatan pada reaksi eksoterm adalah...;kalor dilepaskan;adanya cahaya yang dipancarkan;∑ (Hproduk reaksi) > ∑ (Hpereaksi);nilai ∆H negatif;wadah menjadi hangat;C
12;Surat Al Kafirun berisi tentang anjuran untuk ...;berbuat baik kepada sesama manusia;beriman kepada Allah;menyantuni kaum duafa;bertoleransi;bertoleransi;D
12;Apabila ada mad tab'i bertemu dengan hamzah dalam satu kalimat maka hukum bacaannya disebut...;mad far'i;mad badal;mad wajib muttasil;mad jaiz munfasil;mad iwad;C
12;Surat Al Kahfi dinamai juga Ashabul Kahfi yang artinya ...;pemuda-pemuda yang beriman;penghuni gua;penghuni neraka;orang yang mendapatkan perlindungan Allah swt;hamba Allah yang sesat;B
12;Kematian setiap makhluk yang bernyawa dari kehidupan dunia yang fana dinamakan ...;bencana;tanda-tanda kiamat;kiamat sugra;kiamat kubra;musibah;C
12;"Nabi saw. bersabda: ""Bekerjalah kamu untuk kepentingan duniamu seolah-olah kamu akan hidup selamanya, dan beramallah untuk akhiratmu seolah-olah kamu ...""";mati besok;tidak akan mati;berkumpul bersama keluarga;akan meninggal dunia;segera menghadap Allah;A
12;Setelah sangkakala pertama dibunyikan sebagai awal hari kiamat, ditiupkan sangkakala yang kedua untuk mengawali yaumul ...;jaza';hisab;mizan;ba'ats;fasl;D
12;Salah satu tanda-tanda kiamat besar (kubra)/ kiamat sudah dekat adalah ...;banyak terjadi gempa bumi;pembunuhan merajalela;fitnah muncul dimana-mana;rusaknya Kakbah;banyak terjadi gempa bumi;D
12;Sebelum kiamat terjadi, manusia yang telah mati menunggu dan menanti di alam ...;akhirat;barzakh;mahsyar;maya;gaib;B
12;Kiamat terjadi akibat alam kehabisan bahan bakar (hidrogen) teori tersebut berdasarkan pemikiran ilmu pengetahuan yang dikemukakan oleh ...;Sir James Jeinz;Achmad Baiquni;Kayden Planetarium New York;Abu Hanifah;Ibnu Rusyd;B
12;Allah memerintahkan hambanya yang beriman agar berlaku adil, hal ini terdapat dalam Alquran surat ...;Al Baqarah [2] ayat 115;An Nisa [4] ayat 135;An Nisa [4] ayat 225;An Najm [53] ayat 39-42;An Nisa [4] ayat 153;B
12;Orang yang memiliki sifat rida akan selalu ...;adil;sengsara;sabar;lapang dada;gelisah;C
12;Sikap rida terhadap takdir yang benar adalah sebagai berikut, kecuali ...;selalu bersyukur kepada Allah;selalu inagt kepada Allah;sabar dalam melaksanakan kewajiban;kecewa jika usahanya gagal;kecewa jika usahanya gagal;D
12;Perbuatan yang mendatangkan manfaat bagi diri, keluarga, dan seluruh umat manusia disebut ...;adil;bijaksana;syukur;amal saleh;rida;D
12;Sifat rida merupakan sifat yang dapat ...;membangkitkan seseorang meraih kemajuan;memenangkan pikiran;dipakai untuk bermalas-malasan;menimbulkan sifat iri terhadao orang lain;menjauhkan dari sikap tidak puas;A
12;Allah swt. menjanjikan surga Firdaus bagi orang-orang beriman dan beramal saleh. Janji Allah ini terdapat dalam surat ...;An Nur [24] ayat 55;Al Kahfi [18] ayat 107-108;Sad [38] ayat 27-28;At Tin [95] ayat 4-6;Al An'am [6] ayat 132;B
12;Orang yang amal usahanya lebih buruk dari hari kemarin menurut hadis nabi termasuk orang yang ...;menderita;stabil;menyesal;celaka;binasa;D
12;Menjenguk dan mendoakan saudaranya yang sedang sakit atau tertimpa musibah, termasuk contoh berlaku ...;adil;bijaksana;rida;amal saleh;ikhlas;D
12;Sebagai seorang yang beriman hendaknya menikah jika sudah ada kesanggupan dan kemauan, perintah nikah termaktub dalam Alquran surah An Nisa ayat ...;3;4;5;7;9;A
12;Berikut ini adalah wanita yang haram dinikahi, kecuali ...;saudara perempuan istri;saudara perempuan persusuan;saudara perempuan ayah;saudara perempuan bibi dari ibu;saudara perempuan bibi dari ibu;D
12;Pejabat yang ditunjuk/diberi hak untuk menjadi wali dalam pernikahan karena keadaan dan sebab-sebab tertentu disebut ...;wali nasab;wali hakim;wali aqrab;wali maula;wali tahkim;B
12;Hal-hal berikut ini merupakan rukun dalam pelaksanaan pernikahan, kecuali ...;ada wali calon suami;ada wali calon istri;ada ijab qabul;ada mempelai laki-laki dan wanita;ada mempelai laki-laki dan wanita;D
12;Bagi seorang yang memiliki keinginan untuk menikah dan sudah mempunyai kemampuan, apabila tidak segera menikah dikhawatirkan terjerumus pada perbuatan zina, maka baginya menikah hukumnya...;mubah;sunah;wajib;makruh;haram;C
12;Seseorang yang menikah dengan tujuan tidak baik untuk menyakiti pasangannya maka hukum nikah baginya adalah ...;makruh;mubah;haram;sunah;wajib;C
12;Pernyataan pernikahan dari pihak calon istri disebut ...;kabul;ijab;saksi;mahal;mahar;B
12;Pemberian yang wajib diberikan oleh calon suami kepada calon istri namun tidak termasuk rukun nikah disebut ...;sedekah;iwad;nafkah;mahar;hadiah;D
12;Mengadakan pesta pernikahan/walimah seseudah akad nikah hukumnya ...;sunah;sunah muakkad;fardu 'ain;jaiz/boleh;jaiz/boleh;D
12;Rasulullah saw. bersabda: Perbuatan halal, tetapi dibenci oleh Allah adalah ...;nikah;talak;rujuk;pacaran;membujang;B
12;Perceraian yang dijatuhkan atas kehendak suami disebut ...;khuluk;fasakh;li'an;talak;nusyuz;D
12;Masa menunggu bagi sitri yang dicerai oleh suaminya untuk diperbolehkan menikah dengan laki-laki lain disebut ...;raj'i;rujuk;iddah;talak;li'an;C
12;Kembalinya suami istri dalam ikatan perkawinan setelah terjadinya talak disebut ...;iddah;rujuk;fasakh;zihar;hadanah;B
12;Tiap-tiap perkawinan dicatat menurut undang-undang yang berlaku. Hal tersebut termuat dalam Undang-Undang Nomor 1 Tahun 1974 pada pasal ...;1;2 ayat (1);2 ayat (2);4;5;C
12;Islam pertama kali masuk ke Indonesia di daerah ...;Sumatra bagian utara;Sulawesi bagian timur;Aceh;Maluku;Kalimantan;A
12;Islam disebarkan di Indonesia dengan cara ...;perdagangan, perantauan, dan perkawinan;perdagangan, pertanian, dan perikanan;perdagangan, perkawinan, dan pembebasan kasta;perdagangan dan persaudaraan;perdagangan dan perkawinan dengan agama lain;C
12;Masuknya Islam ke Indonesia melalui jalur utara melewati ...;Arab -- Yaman -- Gujarat -- Sri lanka -- Indonesia;Arab -- Damaskus -- Bagdad -- Gujarat -- Pakistan -- Sri Lanka -- Indonesia;Arab -- Iran -- Irak -- Afganistan -- Pakistan -- India -- Indonesia;Arab --Irak -- Kuwait -- Pakistan -- Malaysia -- Indonesia;Arab -- Yordania -- Mesir -- Malaysia -- Indonesia;A
12;Salah satu Wali Sanga yang sistem dakwahnya intelek dan aktual adalah ...;Sunan Kudus;Sunan Bonang;Sunan Muria;Sunan Gunung Jati;Sunan Kalijaga;D
12;Sunan yang dikenal dengan sebutan Syarif Hidayatullah atau Syekh Nurullah adalah ...;Sunan Bonang;Sunan Gunung Jati;Sunan Kalijaga;Sunan Muria;Sunan Drajat;B
12;Kerajaan Islam pertama di Sumatra dan Indonesia yang berdiri pada abad ke -13 adalah ...;Kerajaan Malaka;Kerajaan Samudera Pasai;Kerajaan Sriwijaya;Kerajaan Aceh Darussalam;Kerajaan Ternate;B
12;Perkembangan Islam di Jawa tidak terlepas dari peran Wali Sanga, nama-nama berikut yang tidak termasuk Wali Sanga adalah ...;Maulana Malik Ibrahim;Raden Rahmat;Rade Mas Syahid;Raden Wijaya;Raden Wijaya;D
12;Islam masuk ke Indonesia pada awalnya dibawa oleh ...;ulama mujtahid;bangsawan Arab;prajurit perang;pedagang;seniman;D
12;Berikut ini adalah kerajaan Islam yang pernah berdiri di Maluku, kecuali ...;Kerajaan Ternate;Kerajaan Tallo;Kerajaan Tidore;Kerajaan Jailolo;Kerajaan Bacan;B
12;Oleh karena perannya sebagai daerah penyebaran dan pengembangan agama Islam ke berbagai pelosok Nusantara, daerah itu diberi gelar Serambi Mekah, daerah itu adalah ...;Maluku;Perlak;Samudera Pasai;Aceh;Sulawesi;D
12;Kerajaan Islam yang berdiri sekitar tahun 1550 Masehi dan rajanya bergelar Sultan Suryanullah berada di ...;Sumatra;Jawa;Kalimantan;Aceh;Sulawesi;C
12;Perbedaan pendapat diantara manusia adalah sunatullah, oleh karena itu menghargai dan menghormati perbedaan pendapat hukumnya adalah ...;makruh;wajib;sunah;mubah;haram;B
12;Siapakah yang mengemukakan pendapat bahwa kiamat terjadi akibat alam kehabisan bahan bakar (hidrogen) ...;Kayden Planetarium New Year;Sir James Jeinz;Aristoteles;Achmad Baiquni;Achmad Baiquni;D
12;Neraka saqar adalah neraka yang diperuntukkan bagi mereka yang tidak melaksanakan ...;salat;zakat;waktu;naik haji;sedekah;A
12;Pola yang diterapkan dalam permainan sepak bola dengan tujuan untuk menghalau dan mempertahankan gawang dari serangan lawan, sehingga tidak terjadi gol disebut pola ...;penyerangan;pertahanan;gerakan tersusun;pertahanan yang rapat;mencari ruang kosong;B
12;Sejak 500 tahun yang lalu sepak bola dikenal di negara Cina dengan nama ...;epyskiros;choule;harpastrum;tsu chu;minonete;D
12;Pada permainan sepak bola pola pertahanan ini dilakukan dengan susunan pemain5:3:2, berarti angka 5, yaitu ...;pemain depan;pemain tengah;pemain gelandang;pemain belakang;pemain belakang;D
12;Suatu bentuk permainan yang dilakukan oleh tim dengan susunan pemain tertentu yang bertujuan untuk menghancurkan pertahanan lawan dan memenangkan permainan adalah pola ... dalam permainan sepak bola.;pertahanan;penyerangan;campuran;individu;beregu;B
12;Teknik-teknik berikut adalah teknik dalam permainan bola voli, kecuali ...;servis;passing;smes;membuang bola;blok;D
12;Pada permainan bola basket penyerangan yang dilakukan tanpa menggunakan pola tertentu, penyerangan ini tergantung pada penguasaan teknik, kemampuan individu, dan kesempurnaan fisik setap anggota regu disebut pola penyerangan ...;berpola;cepat;bebas;bervariasi;terprogram;C
12;Penyerangan pada permainan bola basket yang dilakukan syarat-syarat tertentu, merupakan penyerangan ...;berpola;cepat;bebas;bervariasi;terprogram;A
12;Sistem ini dalam permainan bola basket sangat baik untuk penyerangan terhadap pertahanan daerah maupun pertahanan satu lawan satu. Hal ini dilakukan jika regu tersebut memiliki dua orang pemain jangkung, yaitu sistem ...;ault mann;diamond;berpola;cepat;bebas;B
12;Pola pertahanan daerah ini berprinsip pada tugas masing-masing pemain untuk menjaga daerahnya. Dalam bola basket disebut pertahanan ...;man to man;campuran;zone defence;ault mann;diamond;C
12;Permainan bola basket dimainkan selama ... dibagi dalam empat babak.;2 × 15 menit;2 × 20 menit;2 × 25 menit;2 × 30 menit;2 × 35 menit;B
12;Organisasi bola basket seluruh Indonesia adalah;PBSI;Perbasasi;IBSI;Perbasi;Perbasi;D
12;Pukulan bola yang dilakukan dari sebelah sisi kanan lapangan dengan arah diagonal ke lapangan lawan sebagai pembuka permainan dengan melewati atas net dalam permainan bulu tangkis, disebut pukulan ...;servis;lob;smes;drive;dropshot;A
12;Organisasi bulu tangkis seluruh Indonesia adalah ...;PBSI;Percasi;PSIS;IPSI;PBVSI;A
12;Lari estafet atau lari sambung (lari beranting) adalah lari beregu yang terdiri atas ... orang dalam satu regu.;tiga;empat;lima;enam;tujuh;B
12;Untuk pelari kedua, ketiga, dan keempat dalam lari estafet menggunakan start ...;jongkok;melayang;berdiri;jongkok pendek;jongkok panjang;B
12;Panjang tongkat yang digunakan untuk lari estafet adalah ...;20 cm;25 cm;30 cm;35 cm;40 cm;C
12;Gerakan yang ada dalam digunakan untuk lari estafet adalah ...;berjingkat (hop);melangkah (step);melompat (jump);mendarat;mendarat;D
12;Agar dapat melakukan lompat jangkit dengan benar maka harus menguasai teknik dasar lompat jangkit berikut ini, kecuali ...;jangkit;melangkah;melompat;melayang;hop dan step;D
12;Pada olahraga pencak silat usaha untuk memasukkan pukulan atau tendangan ke bidang sasaran (anggota badan lawan) dengan menggunakan tangan atau kaki disebut ...;serangan;pukulan;tendangan;pembelaan;a dan d benar;A
12;Suatu usaha pembelaan diri dari serangan lawan dengan cara mengadakan kontak langsung terhadap pukulan atau tendangan lawan, dalam olahraga pencak silat disebut ...;hindaran/elakan;tangkisan;tangkapan;jatuhan;kuncian;A
12;Tujuan utama dari latihan kondisi fisik adalah untuk meningkatkan ...;kebugaran jasmani;daya tahan tubuh;kelentukan persendian;kekuatan otot;meningkatkan kecepatan;A
12;Latihan ini tidak memerlukan alat-alat yang khusus dan berharga mahal, serta tidak memerlukan waktu yang lama adalah keuntungan latihan ...;isometrik;isokinetik;isotonik;kontraksi dinamis;kontraksi otot;A
12;Salah satu bentuk latihan aerobik yang khas, yaitu ...;judo;sepak bola;penahan;joging;fitness;D
12;Untuk memperoleh hasil yang maksimal, dalam melakukan latihan aerobik harus ...;ada yang mengawasi;asal dilakukan;dilakukan dengan santai;dengan sungguh-sungguh;dengan sungguh-sungguh;D
12;Gerakan renang gaya dada yang menghasilkan dorongan maju pada gerakan lengan adalah ...;meluncur;mendayung;mendorong;recovery;recovery;D
12;Pergantian tongkat dengan cara melihat disebut ...;visual;nonvisual;lempar;a dan b benar;a, b, dan c benar;A
12;Pemain yang memiliki kemampuan sebagai pengumpan bagi smasher dalam permainan bola voli disebut ...;smasher;set uper;bloker;universaler;pemain belakang;B
12;Semua pemain bertugas untuk menerima servis yang dilancarkan oleh pemain lawan. Sistem ini dalam permainan bola voli dinamakan ...;sistem penerimaan servis 6:0;sistem penerimaan servis 0:6;sistem penerimaan servis 1:5;sistem penerimaan servis 2:4;sistem penerimaan servis 3:3;B
12;Pola penyerangan dengan formasi 1:3:1 pada pemainan bola basket dinamakan ...;diamond;ault man;man to man;zona defence;fast break;A
12;Yang dimaksud dengan pukulan drive adalah ...;pukulan lurus untuk menekan lawan;pukulan yang dilakukan dari atas ke bawah dengan secepat-cepatnya;pukulan yang dilakukan dengan tujuan untuk menempatkan bola sedekat mungkin;pukulan yang dilakukan di daerah net;pukulan yang hanya melewati net saja;A
12;Induk organisasi bulu tangkis Indonesia dinamakan ...;PSSI;PBVSI;PBSI;PBB;Percasi;C
12;Lari estafet sering juga dinamakan lari ...;jangkit;sprint;sambung;marathon;gawang;C
12;Permainan sepak bola di negara Yunani dikenal dengan nama ...;tsu shu;harpastum;episkiros;soccer;bola sepak;C
12;Latihan joging disebut juga latihan ...;anaerobik;aerobik;daya tahan;kekuatan;interval training;C
12;Pada lari estafet 4 × 400 meter, pelari pertama menggunakan start ...;jongkok;melayang;berdiri;membungkuk;jinjit;A
12;Panjang papan tumpuan pada lompat jangkit adalah ...;2,75 meter;1,22 meter;2,22 meter;4, 25 meter;1,25 meter;B
12;Salah satu gerakan yang harus dilakukan oleh pelompat jangkit adalah gerakan hop. Gerakan hop adalah ...;melompat dengan kedua kaki;melompat kaki bergantian;menolak satu kaki mendarat dengan kaki yang lain;menolak dengan satu kaki menadarat dengan kaki yang lain;mendorong sekuat tenaga;D
12;Sebutkan tahapan teknik dasar lompat jangkit secara berurutan ...;hop, step, dan jump;step, hop, dan jump;jump, hop, dan step;step, jump, dan hop;hop, jump, dan step;A
12;Gerakan yang ada dalam lompat jangkit adalah gerakan ...;berjingkat hop;backhand;lob;mendarat;melayang;A
12;Organisasi pencak silat di Indonesia dinamakan ...;IPSI;IPIGS;IPO;IPSSI;PSSI;C
12;Pencak silat adalah salah satu cabang olahraga beladiri berasal dari negara ...;Cina;Hongkong;Jepang;Indonesia;Indonesia;D
12;Berikut ini jenis-jenis pukulan dalam olahraga pencak silat, kecuali ...;tendangan T;tendangan sabit;tendangan lurus;tendangan halilintar;tendangan halilintar;D
12;Gerakan ini adalah salah satu serangan dengan menggunakan tangan, yang disebut ...;pukulan;tendangan;guntingan;kaitan;bantingan;A
12;Berikut ini yang bukan perguruan silat di Indonesia, yaitu ...;tajimalela;perisai diri;pejajaran;garuda flexi Bandung;garuda flexi Bandung;D
12;Perhatikan pernyataan di bawah ini: 1) Sikap badan berdiri kudakuda silang. 2) Gerakan kaki menendang ke depan. 3) Posisi badan mengapung. 4) Kedua belah tangan menyilang di depan dada. Pernyataan di atas merupakan ...;tendangan sabit;tendangan taji (T);tendangan lurus;tendangan belakang;tendangan harimau;B
12;Menurut para ahli olahraga, bahwa seorang atlet yang mengikuti program latihan kondisi fisik secara intensif selama 6-8 minggu sebelum pertandingan akan memperoleh ...;kebugaran;kondisi fisik;kekuatan;kekuatan, kelentukan, dan daya tahan;kekuatan, kelentukan, dan daya tahan;D
12;Lari yang dilakukan di alam bebas disebut juga ...;lari sprint;sirkuit training;cross country;fartelk;joging;C
12;Induk organisasi atletik dunia dinamakan ...;FIG;AFA;FA;IAAF;PASI;D
12;Menurut UUD 1945, kekuasaan yudikatif dilaksanakan oleh...;presiden;DPR;MA;MPR;DPR dan MPR;C
12;Bangsa Indonesia telah memiliki Pancasila sebagai pandangan hidupnya, hal ini berarti bahwa bangsa Indonesia...;bebas menentukan sikap terhadap bangsa lain di dunia;mempunyai pegangan dan pedoman dalam memecahkan masalah bangsa;tidak perlu tahu ideologi lain;telah menunjukkan kepada dunia akan keberhasilannya dalam berjuang melawan penjajah;tidak perlu menjalin kerjasama dengan negara yang pernah menjajah Indonesia;B
12;Pancasila menjadi norma dasar negara, maksudnya...;aturan pokok untuk mengatur kehidupan bagi setiap warga negara Indonesia dan lembaga-lembaga negara;kaidah yang berlaku untuk selama-lamanya;menjadi aturan dasar kemasyarakatan secara turun-temurun;aturan pokok untuk menjalankan kedaulatan rakyat;Pancasila bersifat statis;A
12;Tujuan bangsa Indonesia yang bersifat Internasional sebagaimana tercantum di dalam Pembukaan UUD 1945 adalah...;menciptakan lapangan kerja yang seluas-luasnya dengan mengirimkan TKI ke luar negeri;menciptakan stabilitas keamanan yang mantap;memajukan kesejahteraan umum dan mencerdaskan kehidupan bangsa;ikut melaksanakan ketertiban dunia yang berdasarkan kemerdekaan, perdamaian abadi, dan keadilan sosial;mewujudkan kemerdekaan negara Indonesia dari penjajah;D
12;Pancasila memberikan keyakinan kepada rakyat dan bangsa Indonesia bahwa kebahagiaan hidup akan tercapai apabila...;didasarkan atas pelaksanaan demokrasi Pancasila;masing-masing individu harus bekerja keras;setiap manusia harus hidup hemat dan bersahaja;didasarkan atas keselarasan dan keseimbangan;pelaksanaan pembangunan berjalan lancar;D
12;Fungsi Pancasila dalam hubungannya dengan pengaruh budaya asing dan kemajuan iptek adalah sebagai...;pandangan hidup;penyaring/filter;pedoman hidup;penangkal budaya;landasan berpijak;B
12;Pancasila merupakan ideologi terbuka, maksudnya adalah...;membuka diri menerima semua kemajuan yang ada;menerima kemajuan pengetahuan sesuai dengan kepribadian;dapat menerima kemajuan jika menguntungkan;perpaduan dari berbagai ideologi bangsa lain;terbuka untuk dibicarakan bersama dengan bangsa lain;B
12;Pancasila sebagai paradigma pembangunan, maksudnya adalah...;masyarakat Indonesia yang maju dan dapat bersaing dengan negara lain;menciptakan kondisi masyarakat Indonesia sesuai dengan kepribadiannya;ukuran keberhasilan pembangunan adalah penyerapan teknologi;yang kita bangun adalah masyarakat yang sesuai dengan kepribadian Indonesia;pembangunan yang mampu menyerap tenaga kerja dan teknologi tinggi;B
12;Di bawah ini merupakan prosedur untuk mengubah Undang-Undang Dasar, kecuali...;melalui sidang badan legislatif;melalui referendum;melalui rapat paripurna;melalui plebisit;melalui plebisit;D
12;Salah satu kunci pokok sistem pemerintahan menurut UUD 1945 adalah...;presiden memegang pemerintahan yang tidak terbatas;DPR memberikan pertimbangan hukum kepada pemerintah;presiden menetapkan UUD dan GBHN;negara Indonesia berdasarkan atas hukum;MPR sebagai pemegang dan pelaksana kedaulatan rakyat;D
12;Contoh negara yang menganut sistem pemerintahan presidensial adalah...;Malaysia;Singapura;Thailand;Indonesia;Inggris;D
12;Menurut UUD 1945, kekuasaan legislatif dilaksanakan oleh...;presiden;DPR;MA;MPR;DPR dan MPR;B
12;Keuntungan bagi bangsa Indonesia di era globalisasi adalah...;masuknya barang dari negara lain ke Indonesia;terjadinya perubahan pola hidup masyarakat bangsa Indonesia;memicu pengusaha nasional bersaing dengan produk dari luar;pesatnya kemajuan dalam dalam bidang pendidikan dan kebudayaan;terbukanya pasar produk dalam negeri;C
12;Sistem check and balance dalam sistem pemerintahan hanya dikenal di negara...;Indonesia;Malaysia;Amerika;India;Prancis;A
12;Demokrasi dengan sistem referendum masih diterapkan di negara...;Inggris;Prancis;RRC;Swiss;Jerman;D
12;Konsep pemisahan trias politika atau pemisahan kekuasaan adalah...;tidak ada hubungan satu sama lain antarlembaga negara;presiden dan parlemen tidak dapat saling menjatuhkan;presiden dan parlemen bekerja sama di dalam membuat UU;presiden tidak bertanggung jawab kepada parlemen;parlemen tidak dapat dibubarkan oleh presiden;C
12;Negara Indonesia pernah menerapkan bentuk negara serikat, yaitu pada...;pemerintahan Orde Lama;pada masa berlakunya Konstitusi RIS;pada masa berlakunya UUDS 1950;setelah berdirinya negara Republik Indonesia;setelah pemilu 1950;B
12;Di dalam sistem kerajaan, raja berfungsi sebagai...;kepala negara dan kepala pemerintahan dari negara tersebut;penanggung jawab berbagai kehidupan berbagsa dan bernegara;pelaksana pemerintahan tertinggi dari semua bidang kehidupan;simbol (pemersatu) bangsa;dapat membubarkan parlemen dan sebaliknya;D
12;Dalam menentukan sikap terhadap pelaksanaan sistem pemerintahan di Indonesia, kita hendaknya...;berpedoman kepada sejarah ketatanegaraan kita;menyesuaikan dengan ilmu pengetahuan;berpedoman kepada pengalaman berharga di masa lalu;tidak mencontoh dan meniru negara besar saja;sesuai dengan watak dan kepribadian sendiri;C
12;Sistem pemerintahan yang berada di suatu negara digunakan untuk...;mencapai tujuan suatu negara;mempertahankan suatu negara terhadap negara lain;memperluas pengaruhnya terhadap negara lain;menunjukkan identitas bangsa itu;meingkatkan kualitas bangsa;A
12;Kita tidak dapat menutup pengaruh dari dunia luar, tetapi kita harus...;secara bersama-sama mengontrol pelaksanaan pemerintah;terpengaruh dengan adanya sistem globalisasi;menerima kemajuan ilmu pengetahuan dan teknologi;berada pada ciri khasnya, yaitu Pancasila dan UUD 1945;menerima kemajuan iptek seluruhnya;C
12;Kemajuan suatu bangsa/negara yang sangat penting adalah sistem pemerintahan yang didukung oleh...;kekayaan alam yang melimpah;pemerintahan yang stabil, kuat, dan dinamis;angkatan perang yang canggih;kepribadian pemimpin yang cerdas, bersih, dan jujur;wilayah yang luas serta penduduk yang besar;D
12;Bentuk pemerintahan yang dipegang oleh satu orang demi kepentingan pribadi adalah bentuk pemerintahan...;otokrasi;demokrasi;aristokrasi;tirani;monarki;D
12;Cyclus theory tentang bentuk pemerintahan dikemukakan oleh...;Plato;Aristoteles;Polybios;Socrates;Mac Iver;A
12;Dilihat dari siapa yang harus bertanggung jawab atas pelaksanaan tugas eksekutif, maka kabinet dapat dibedakan menjadi...;kabinet presidensial dan kabinet parlementer;kabinet koalisi dan kabinet nasional;kabinet partai dan kabinet nasional;kabinet parlementer dan kabinet ekstraparlementer;kabinet parlementer dan kabinet nasional;A
12;Rumusan Pancasila sebagai dasar negara tercantum dalam Pembukaan UUD 1945, sehingga UUD 1945 merupakan...;suatu pernyataan kemerdekaan yang terperinci;pokok kaidah negara yang fundamental;pernyataan kedaulatan rakyat yang terperinci;pernyataan kemerdekaan bangsa;sumber tertib hukum negara;B
12;Berikut ini yang tidak berkaitan dengan masalah global adalah...;pengungsi;bunuh diri;kependudukan;hak asasi manusia;lingkungan hidup;B
12;Sebagai filter dalam kehidupan berbangsa dan bernegara, untuk menangkal arus negatif globalisasi adalah...;kebiasaan masyarakat;nilai-nilai Pancasila;pandangan para ahli;tradisi dan rutinitas;sikap pemimpin bangsa;B
12;Berikut ini merupakan kriteria kebudayaan asing yang diharapkan masuk dan berkembang di Indonesia adalah kebudayaan asing yang...;mampu membawa harum nama Indonesia di dunia;dapat bersaing dengan kebudayaan nasional;memiliki kesamaan dengan kebudayaan nasional;menjujung tinggi budi pekerti dan adab manusia;menjujung tinggi budi pekerti dan adab manusia;D
12;Trias politika adalah teori pengembangan kekuasaan menurut...;John Locke;J.J. Rousseau;Thomas Hobbes;Montesquie;Machiavelli;D
12;Salah satu contoh hak prerogatif presiden adalah...;menyetujui undang-undang;menetapkan anggota MPR;mengangkat anggota MPR;membuat grasi;membuat grasi;D
12;Salah satu faktor yang mendorong kuatnya globalisasi adalah...;semakin banyak penduduk yang menghuni dunia;munculnya berbagai masalah kehidupan manusia;kemajuan yang pesat di bidang ilmu pengetahuan dan teknologi;kesadaran untuk menghormati hak asasi manusia;batas administratif negara yang semakin tidak jelas;C
12;Berikut ini adalah bentuk-bentuk kesadaran global, kecuali...;kesadaran sebagai warga dunia;kesadaran hidup bersama dengan bangsa lain;kesadaran bekerja sama dengan bangsa lain;mengakui kemampuan dan keunggulan diri;mengakui kemampuan dan keunggulan diri;D
12;Salah satu ciri pemerintahan yang demokratis adalah...;terjaminnya hak-hak warga negara;terlaksananya pembangunan nasional;adanya pembagian kekuasaan;terwujudnya keadilan sosial;adanya kekuasaan kehakiman yang mandiri;C
12;Hak warga negara untuk ikut serta dalam pemerintahan diatur dalam UUD negara RI dalam pasal...;27 UUD 1945;28 UUD 1945;29 UUD 1945;30 UUD 1945;31 UUD 1945;A
12;Dilihat dari sejarahnya, negara yang pertama kali menganut sistem pemerintahan parlementer adalah...;Amerika Serikat;Belanda;Inggris;Prancis;Indonesia;C
12;Menurut UUD 1945, presiden memegang jabatan selama...;3 tahun;4 tahun;5 tahun;6 tahun;7 tahun;C
12;Dalam era globalisasi, kerjasama antarnegara memiliki makna yang sangat strategis, mengingat...;kepentingan dunia yang semakin seragam;kemudahan dalam menggunakan multimedia;tidak ada satu budaya pun yang paling tinggi di dunia;tidak ada negara yang mampu hidup sendiri;kebutuhan negara yang semakin tidak terkendali;D
12;Dalam pengambilan keputusan berdasarkan suara terbanyak, penyampaian suara dapat dilakukan dengan cara...;mengacungkan tangan;berdiri;pindah tempat atau pemanggilan nama;jawaban a, b, dan c benar;jawaban a, b, dan c benar;D
12;Pertanggungjawaban yang dibebankan kepada presiden dan/atau wakil presiden kepada parlemen harus diwakili dengan adanya pertanggungjawaban...;politis;sosial;jabatan;yuridis;yuridis;D
12;Salah satu ciri negara demokrasi adalah...;adanya kebebasan untuk berekspresi;adanya kebebasan untuk bekerja;adanya peradilan yang modern;pemerintahan yang berwibawa;perekonomian yang mapan;A
12;Berikut ini yang dapat menjadi sarana atau forum komunikasi masyarakat adalah...;pertemuan antarpejabat daerah;pertemuan dalam rapat bisnis;musyawarah anggota DPR;petemuan hari besar keagamaan;antrean pembelian tiket kereta api di stasiun;C
12;Pada masa kolonialisme, pers berperan menyebarkan tentang...;gagasan memajukan masyarakat;membina kerja sama sesama penulis;gagasan kemerdekaan dan kebangsaan Indonesia;menghindari dan menjauhi penindasan penjajahan;menjadi media promosi bagi produsen;C
12;Pers tertua bahasa Melayu Indonesia adalah...;Djuramartini;Bromartani;Darmo Kondo;Pewarga Deli;Djurumartani;B
12;Menurut UU No. 40 Tahun 1999 tentang Pers menyebutkan bahwa yang dimaksud dengan pers adalah...;lembaga sosial dan wahana komunikasi massa yang melaksanakan kegiatan jurnalistik;alat cetak untuk mencetak buku atau surat kabar;surat kabar dan majalah yang berisi berita;segala aktivitas yang mengulas berita-berita;segala barang yang dikerjakan dengan mesin cetak;A
12;Pada negara yang menganut paham kebebasan berpendapat dan demokrasi, pers merupakan...;alat perekat pemerintah yang berkuasa;pilar demokrasi keempat;salah satu pendukung liberalisme;pendukung oposisi bagi pemerintah;pendukung kekuasaan pemerintah;B
12;Selaku warga negara Indonesia, kita memiliki hak bicara dan menyampaikan pendapat yang...;dilakukan secara bebas tanpa batas;disertai perizinan dari petugas keamanan;disampaikan dengan cara sopan dan menghormati;disertai dengan tanggung jawab sosial;disertai dengan tanggung jawab sosial;D
12;Pers dapat memengaruhi pada masyarakat, karena pers memiliki fungsi sebagai...;kritik sosial;komunikator massa;lembaga bisnis;ajang kreatif dan seni;lembaga pendidikan;B
12;Sesuai dengan fungsi dan tradisinya, pers harus menjadi...;penyambung lidah masyarakat;kontrol kepentingan pemerintah;alat seleksi kebijakan pemerintah;penjaga kepentingan publik;pembela dan alat propaganda pemerintah;A
12;Setelah berperan serta dalam upaya mengembangkan kesadaran nasional untuk memperjuangkan kemerdekaan massa sebelumnya, pers nasional menunjukkan tanggung jawab sosialnya sebagai bagian dari negara baru yang berdaulat, tidak mengherankan jika pers pada masa itu disebut...;sebagai pers modern;pers pemberani;sebagai pers pejuang;pers dalam alam kemerdekaan;pers Pancasila;C
12;Bagi kita, semua bentuk kemajuan teknologi termasuk teknologi komunikasi dan informasi, kita sikapi...;dengan senang sebagai sarana untuk meningkatkan kesejahteraan hidup;biasa, karena yang memajukan teknologi bukan bangsa Indonesia;dengan bangga, karena semua kemajuan itu dicapai atas nama kemanusiaan;rasa syukur dan kita manfaatkan untuk kemajuan dan kesejahteraan hidup;dengan sedih dan kecewa, karena tidak dikembangkan oleh bangsa kita;A
12;Selepas Orde Baru, kebebasan pers tampak lebih bebas dan merdeka, karena...;adanya pencabutan undang-undang pers;pers tidak perlu diatur dalam undang-undang;bermunculan media massa baru yang lebih segar;kebijakan mengenai pers diperlonggar pemerintah;kebijakan mengenai pers diperlonggar pemerintah;D
12;Pers Indonesia dalam arti pers yang orientasi, sikap, dan tingkah lakunya berdasarkan pada nilai-nilai Pancasila dan UUD 1945 disebut...;harapan pers Indonesia;pengertian pers Pancasila;hakikat pers Pancasila;tujuan pers Pancasila;cita-cita pers Pancasila;B
12;Sikap dan perbuatan kita terhadap pers yang keras dan tajam mengkritik pemerintah negara kita adalah...;secara kritis mencermati semua yang disampaikan pers tersebut;membenci pers, karena merupakan sumber perpecahan bangsa;mendukung upaya tersebut sebagai kontrol positif pada negara;kritis mencermati kritik tersebut dan mendukung secara proporsional;senang terhadap pers yang beraliran keras meskipun kritiknya kurang tepat;C
12;Bagi bangsa Indonesia, menggunakan alat komunikasi yang manapun tidak masalah, sebab yang penting adalah...;tetap mempertahankan nilai luhur bangsa;seoptimal mungkin meskipun dengan segala cara;nilai-nilai kesopanan pada diri kita;kita tetap bangga walaupun bangsa lain lebih maju;kita tidak perlu mengembangkan ilmu pengetahuan;A
12;Berita atau informasi yang lebih cepat dan sangat diutamakan walaupun sedikit mengabaikan tata krama, tetapi dapat diterima masyarakat adalah...;berita tentang kematian seseorang;berita undangan perkawinan;informasi tentang keadaan cuaca;siaran berita radio dan televisi;informasi melalui surat kabar;C
12;Apabila suatu media massa sering membuat kekeliruan berita, yang terjadi dalam masyarakat adalah...;pimpinan redaksinya akan dijatuhi hukuman yang berat;media massa tersebut dinyatakan terlarang untuk terbit;dinilai secara moral tidak layak terbit dalam beberapa bulan;cepat menimbulkan masalah dan konflik dalam kehidupan masyarakat;kehilangan pamor dan kepercayaan publik sehingga ditinggalkan pembacanya;D
12;Hal yang layak dilakukan oleh penulis berita media massa adalah...;pemberitaan yang menuliskan lengkap nama selebritis dengan identitasnya;penyampaian informasi dengan menulis berita sesuai fakta dan data secara proporsional;pemilihan berita yang menguntungkan misi pemerintah;mencari dan mengumpulkan berita konflik dari sumber yang tidak seimbang;menggunakan gaya bahasa yang dilakukan oleh penulis berita lain;B
12;Di Indonesia yang memberikan kebebasan kepada pers sehingga jurnalis mempunyai keleluasaan untuk mengekspresikan informasinya terdapat pada era...;pergerakan nasional;Orde Lama;reformasi;Orde Baru;revolusi;C
12;Media massa yang melakukan investigasi untuk membongkar kecurangan dalam proses pemilihan presiden dan wakil presiden berarti...;memenuhi hak masyarakat untuk mengetahui;menegakkan nilai-nilai dasar demokrasi, mendorong terwujudnya supremasi hukum dan hak asasi manusia, serta menghormati kebhinekaan;mengembangkan pendapat umum berdasarkan informasi yang tepat, akurat, dan benar;melakukan pengawasan, kritik, koreksi, dan saran terhadap hal-hal yang berkaitan dengan kepentingan umum;menunjukkan keadilan dan kebenaran;D
12;Prinsip dasar pandangannya adalah bahwa kemerdekaan pers harus disertai dengan kewajiban-kewajiban, yaitu...;bertanggung jawab kepada keluarganya;bertanggung jawab kepada masyarakat;bertanggung jawab kepada pemerintah;bertanggung jawab kepada masyarakat atau bangsa;bertanggung jawab kepada agama;D
12;Pembatasan terhadap kemerdekaan mutlak pers itu justru perlu diadakan dengan alasan sebagai berikut, kecuali...;untuk melindungi kehormatan dan nama baik individu maupun kelompok;melindungi nilai-nilai yang berlaku dalam masyarakat;meningkatkan ancaman subversi maupun agresi;melindungi ketertiban keamanan, baik yang datang dari dalam maupun datang dari luar;melindungi keamanan, baik yang datang dari dalam maupun datang dari luar;C
12;Di bawah ini merupakan ciri dari sistem pers, kecuali...;integrasi;keutuhan;kesempurnaan;keterhubungan;ketergantungan;C
12;Di bawah ini yang bukan merupakan ciri kebebasan pers di Indonesia adalah...;pers yang bebas dan bertanggung jawab;pers yang sehat;pers melakukan kontrol yang objektif;pers penyebar informasi yang objektif;pers penyebar informasi yang subjektif;B
12;Di bawah ini yang bukan merupakan undang-undang yang berkaitan dengan pers adalah UU No. 40 Tahun 1999...;pasal 18;pasal 134;pasal 154;pasal 281;pasal 283;B
12;Teori terbentuknya negara dimana sebuah daerah bebas kemudian diduduki oleh suatu bangsa yang selanjutnya mendirikan negara di daerah disebut ...;Occupatie;Separatie;Proklamasi;Innovation;Cessie;A
12;Pengadilan yang sehari-hari memeriksa dan memutuskan perkara dalam tingkat pertama dari segala perkara perdata dan pidana untuk semua golongan penduduk adalah...;Pengadilan Tinggi;Pengadilan Negeri;Pengadilan Militer;Mahkamah Agung;Pengadilan Tata Usaha Negara;B
12;Dalam unsur-unsur pembentuk negara, pemerintah yang berdaulat menjadi unsur yang sangat penting karena ...;Kedaulatan negara itu bersifat asli bukan karena berdasarkan kekuasaan lain yang bulat;Tanpa pemerintah yang berdaulat, negara tersebut tidak dapat menerima bantuan dari negara lain;Pemerintah yang berdaulat, dapat mengatur negaranya sendiri tanpa intervensi negara lain;Kedaulatan tidak diperoleh dari negara lain dan tidak dapat dibagi-bagi oleh kedaulatan lain;Pemerintah yang berdaulat dapat mengatur dengan negara mana akan mengadakan hubungan bilateral;C
12;Makna yang terkandung dalam pasal 29 ayat 2 UUD 1945 diantaranya ...;Negara berdasar atas Ketuhanan Yang Maha Esa;Negara yang rakyatnya beriman dan bertaqwa kepada Tuhan YME;Adanya kebebasan bagi rakyat untuk tidak memeluk suatu agama;Adanya jaminan hukum kebebasan dalam beragama;Hanya ada lima agama yang diakui keberadaannya oleh negara;D
12;Hal yang melatarbelakangi suatu negara monarki absolut beralih ke sistem pemerintahan monarki parlementer dimana raja hanya berfungsi sebagai simbol negara, sedangkan kepala pemerintahannya dijalankan oleh perdana menteri adalah dalam rangka ...;Membatasi kekuasaan raja dan perdana menteri oleh konstitusi negara;Peralihan kekuasaan negara dan pemerintahan kepada perdana menteri;Stabilisasi pemerintahan yang dilaksanakan oleh kabinet dan para menteri;Membatasi kekuasaan raja agar tidak bertindak sewenang-wenang;Membatasi kekuasaan raja agar tidak bertindak sewenang-wenang;D
12;Issu kebhinnekaan mencuat disaat terjadinya pemilukada serentak, kita sebagai bangsa harus menerima kenyataan terhadap adanya keberagaman, namun semangat persatuan dan kesatuan harus menjadi prioritas utama. Pernyataan ini memiliki semangat sesuai dengan ...;Pokok pikiran pertama;Pokok pikiran kedua;Pokok pikiran ketiga;Pokok pikiran keempat;Pokok pikiran kedua dan ketiga;A
12;Pentingnya keberadaan partai politik dalam sistem politik di Indonesia adalah ...;Membantu masyarakat dalam memperbaiki kinerja pemerintah;Mampu mempertahankan kelangsungan kehidupan suatu negara;Dapat meningkatkan partisipasi politik warga negara;Memberikan tekanan kepada pemerintah untuk memperbaiki kebijakannya;Memengaruhi proses pembuatan kebijakan sesuai kepentingan masyarakat;C
12;Dalam memberikan grasi, maka Presiden selaku kepala negara harus meminta persetujuan dari ...;Dewan Perwakilan Rakyat;Dewan Pertimbangan Daerah;Mahkamah Konstitusi;Mahkamah Agung;Kejaksaan Agung;D
12;Budaya politik dimana tingkat partisipasi politik masyarakat sangat tinggi, merupakan jenis budaya politik...;Kaula;Pasif;Parokhial;Partisipan;Partisipan;D
12;Dalam pemilu baik legislatif maupun eksekutif, untuk di daerah pedalaman masyarakatnya cenderung melakukan sikap apatis. Hal ini jika ditinjau dari Budaya politik yang berkembang di masyarakat Indonesia sekarang menunjukkan adanya ...;Budaya politik kaula;Budaya politik parokial;Budaya politik pasif;Budaya politik kolonial;Budaya politik partisipan;B
12;Demokrasi Pancasila adalah demokrasi yang lahir dari budaya bangsa, dimana memiliki karakteristik yang membedakan dengan demokrasi liberal maupun sosialis. Adapun karakteristik dari demokrasi Pancasila adalah ...;Adanya semangat kekeluargaan;Adanya semangat kegotongroyongan;Adanya semangat kebersamaan;Adanya musyawarah mufakat;Adanya pemungutan suara;D
12;Orde Baru lahir sebagai upaya menegakkan Pancasila dan UUD NRI Tahun 1945, dalam praktek ketatatanegaraan kehidupan demokrasi berjalan secara ...;Pseudo demokratis;Komunisme;Demokratis;Radikal;Diktator;A
12;Bila seseorang karena partisipasi dan jasanya yang besar, maka dia memperoleh hak atau pendapatan yang lebih besar merupakan sesuatu yang adil. Hal ini sesuai dengan konsep keadilan;Keadilan komutatif;Keadilan kodrat alam;Keadilan konvensional;Keadilan distributif;Keadilan distributif;D
12;Dalam masyarakat demokratis, keberadaan pers menjadi sarana utama dalam meneruskan atau menyambungkan aspirasi masyarakat kepada pemerintah. Hal ini mengandung arti bahwa peran pers adalah ...;Wadah hiburan masyarakat luas;Alat propaganda kebijakan publik;Sarana komunikasi politik;Pendukung propaganda pemerintah;Penyalur kepentingan masyarakat luas;C
12;Contoh keterbukaan dalam kehidupan berbangsa dan bernegara antara lain...;Melaksanakan pemilu dengan aman dan tertib;Menghitung hasil pemilu secara terbuka untuk umum;Menjadikan pemilu sebagai pesta rakyat;Memberi petunjuk tentang cara-cara pemilu;Melaksanakan pemilu berdasarkan undang-undang;B
12;Setiap perjanjian yang telah disepakati harus ditaati dan dilaksanakan oleh peserta perjanjian, merupakan salah satu asas perjanjian internasional yang disebut...;Courtesy;Bonafides;Reciprocity;Pacta sunt servada;Egality rights;D
12;Meningkatkan kerjasama kedua negara di berbagai bidang melalui pengumpulan informasi sebanyak-banyaknya dari negara pengirimnya adalah tugas dari...;Perwakilan konsuler;Duta negara;Perwakilan diplomatic;Perutusan negara;Duta budaya dan seni;C
12;Proses pembukaan dan pengangkatan perwakilan diplomatik di antara kedua negara yang menjalin hubungan diplomatik melalui beberapa tahapan, salah satunya adalah...;Mewakili negara pengirim di negara penerima;Masing-masing pihak mengajukan permohonan persetujuan untuk menempatkan diplomat;Menelaah dengan teliti setiap kejadian atau peristiwa di negara penerima;Mewakili pemerintah negaranya;Meningkatkan persahabatan;B
12;Salah satu penyebab timbulnya sengketa internasional adalah segi politis, yaitu berupa...;Pengaruh ideologi;Batas wilayah;Faktor ekonomi;Lingkungan hidup;Kewarganegaraan;A
12;Suatu teknik hukum untuk menyelesaikan persengketaan internasional dengan menyerahkan putusan kepada lembaga-lembaga peradilan disebut...;Konsiliasi;Good office;Arbitrasi;Ajudikasi;Ajudikasi;D
12;Ideologi Pancasila yang bersifat dinamis memberikan dampak postif terhadap perubahan dan perkembangan bangsa Indonesia. Alasan bangsa Indonesia membutuhkan Pancasila sebagai Ideologi terbuka karena ideologi Pancasila ...;Bersifat terbuka terhadap masuknya pengaruh positif perkembangan jaman;Sangat bersifat statis terhadap perubahan dan perkembangan jaman;Selalu berkembang sesuai dengan kepentingan dan tujuan penguasa;Sangat terbuka terhadap seluruh dampak negatif perkembangan jaman;Bersifat statis dan bersifat dinamis terhadap perubahan dan perkembangan jaman;A
12;Pancasila sebagai ideologi terbuka mengandung makna bahwa...;Nilai-nilai dasar Pancasila tidak dapat dirubah oleh siapapun;Nilai-nilai dasar Pancasila itu dapat dikembangkan susuai dengan dinamika kehidupan bangsa Indonesia dan tuntutan perkembangan jaman;Nilai-nilai dasar Pancasila harus menjadi pegangan para pejabat negara;Nilai-nilai dasar Pancasila dapat di tafsirkan sebagai hukum Tuhan;Nilai-nilai dasar Pancasila hanya merupakan selogan belaka;B
12;Nilai yang merupakan cita-cita, pemikiran-pemikiran, serta nilai-nilai yang dianggap baik, harus memiliki norma yang jelas dan harus mampu direalisasikan dalam kehidupan praktis, sebagai bukti konkrit disebut...;Nilai dasar;Nilai materiil;Nilai vital;Nilai instrumental;Nilai instrumental;D
12;Pancasila sebagai sumber nilai dilaksanakan dalam kehidupan bermasyarakat, berbangsa dan bernegara, dengan demikian sebagai sumber nilai Pancasila memiliki makna ...;Etika dalam kehidupan remaja bangsa Indonesia sebagai generasi penerus bangsa;Etika pergaulan bangsa Indonesia dengan bangsa-bangsa lain didunia yang sederajat;Dasar moral tentang estetika berkaitan dengan sikap dan tingkah laku antar golongan;Dasar moral tentang baik buruk berkaitan dengan sikap dan tingkah laku bangsa Indonesia;Etis moral yang menjadi pedoman pejabat negara dalam menjalankan pemerintahan;D
12;Sikap keikhlasan dan kejujuran seorang pemimpin yang berjiwa Pancasila adalah...;Berwibawa di hadapan bawahannya;Disegani oleh masyarakat banyak;Dapat dipercaya dan bertanggung jawab;Melaksanakan tugas dengan baik;Dapat dijadikan panutan dalam tugasnya;C
12;Berdasarkan UUD 1945, bentuk pemerintahan Indonesia adalah Republik dengan sistem kabinet presidensil. Sedangkan berdasarkan konstitusi RIS 1949 ialah ...;Kesatuan berbentuk republik;Republik dengan sistem kabinet parlementer;Republik berbentuk federasi;Kesatuan dengan sistem demokrasi terpimpin;Serikat dengan sistem konstitusional;B
12;Dalam ketatanegaraan Republik Indonesia, kedudukan Pembukaan UUD Negara RI Tahun 1945 sangatlah penting dalam perjalanan negara RI. Hal ini menunjukkan bahwa Pembukaan UUD Negara RI Tahun 1945 merupakan ...;Cita-cita luhur pemimpin bangsa;Perjanjian luhur bangsa Indonesia;Kristalisasi nilai bangsa Indonesia;Kaidah negara yang fundamental;Nilai praktis perjuangan bangsa Indonesia;D
12;Badan eksekutif dalam arti luas ...;Kepala negara;Kepala pemerintahan;Seluruh lembaga negara;Presiden dan Kabinet;Seluruh bangsa dan Negara;C
12;Menurut UUD Negara RI tahun 1945 hasil amandemen, kekuasaan presiden sebagai kepala pemerintahan, antara lain sebagai berikut ini, kecuali ...;Mengangkat dan memberhentikan menteri-menteri;Membuat rancangan undang-undang;Membuat peraturan pemerintah;Membuat undang-undang bersama DPR;Membuat undang-undang bersama DPR;D
12;Kelemahan sistem pemerintahan Indonesia sebelum amandemen UUD Negara RI tahun 1945 adalah ...;Presiden dan wakil presiden memegang jabatan selama 5 tahun dan dapat di pilih kembali;Lembaga eksekutf produktif menghasilkan UU;Presiden tidak bertanggungjawab kepada MPR;Presiden dan wakil presiden di pilih langsung oleh rakyat dengan pembatasan masa jabatan;Presiden dan wakil presiden di pilih langsung oleh rakyat dengan pembatasan masa jabatan;D
12;Salah satu institusi atau lembaga yang bertugas melakukan perlindungan dan penegakkan HAM di Indonesia adalah Lembaga Bantuan Hukum Indonesia (LBHI), di antara tugas yang diembannya yaitu ...;Melakukan penuntutan atas suatu kasus pelanggaran HAM;Menyelesaikan masalah secara konsultasi maupun negosiasi;Melakukan perdamaian pada kedua belah pihak yang bermasalah;Memberikan bantuan hukum bagi masyarakat yang memerlukannya;Memberikan bantuan hukum bagi masyarakat yang memerlukannya;D
12;Menurut Undang-Undang Pers nomor 40 tahun 1999 pasal 15, dalam rangka pengembangan kemerdekaan pers dan meningkatkan kehidupan pers nasional dibentuk sebuah lembaga...;Persatuan wartawan Indonesia;Dewan pers yg independen;Aliansi jurnalistik Indonesia;Komite wartawan Indonesia;Persatuan jurnalis indepeden Indonesia;B
12;Dalam melakukan liputan dan pemberitaan peristiwa kejahatan asusila terhadap anak anak, sesuai kode etik jurnalistik, seorang jurnalis tidak diperbolehkan ...;Menyebutkan identitas kejahatan asusila;Melakukan wawancara tanpa didampingi orang tua;Melakukan jurnalisme mendalam berupa jurnalisme investigasi;Mengekspose tempat kejadian perkara;Melakukan wawancara tanpa ijin kepolisian;A
12;Pada dasarnya perwakilan diplomatik dan perwakilan konsuler di luar negeri dalam menjalankan tugasnya memiliki kekebalan diplomatik. Hal ini menunjukkan bahwa pentingnya kekebalan diplomatik bagi korps perwakilan diplomatik dan perwakilan konsuler diluar negeri ...;Untuk menjamin pelaksanaan tugas negara yang diwakili;Eksistensi dan profesionalitas keberadaan negara di luar negeri;Perwakilan diplomatik merupakan keberadaan negara di luar negeri;Menjamin keselamatan para pejabat negara di luar negeri;Menunjukan negara pada dasarnya keberadaannya mutlak di luar negeri;D
12;Salah satu dampak penyalahgunaan media massa adalah banyaknya pemberitaan yang sifatnya menyebarkan permusuhan (hate speech), yang harus dilakukan oleh kita sebagai masyarakat pengguna informasi adalah...;Ikut serta menyebarkan berita tersebut;Memblokir situs tersebut;Melaporkan situs atau media sosial tersebut;Melakukan cek and ricek kembali tentang kebenaran berita;Melakukan pembatasan terhadap akses informasi media cetak, media siaran maupun media online;D
12;Salah satu dampak positif globalisasi di bidang sosial budaya adalah...;Masyarakat memiliki akses yg cepat terhadap perkembangan mode yg sedang trend di belahan dunia manapun;Masyarakat dapat dengan mudah mendapatkan kebutuhan pakaian impor dengan harga murah;Masyarakat kita dengan mudah terpengaruh oleh trend dan budaya luar dengan cepat;Membuka peluang kepada kita untuk ikut mempromosikan potensi lokal kita ke kancah internasional seperti batik baduy;Membuka peluang kepada kita untuk ikut mempromosikan potensi lokal kita ke kancah internasional seperti batik baduy;D
12;Di bawah ini adalah dampak negatif globalisasi di bidang ekonomi yang harus diwaspadai oleh bangsa Indonesia adalah...;Penjajahan baru dibidang ekonomi;Pengunaan sistem nilai tukar mata uang yg tidak tetap;Budaya materialisme;Budaya nongkrong di fast food;Etos kerja rendah;A
12;Keikutsertaan Indonesia dalam organisasi Internasional membuka peluang bagi bangsa Indonesia untuk berperan dalam tata pergaulan internasional. Ini menunjukkan pentingnya Indonesia menjadi anggota dari suatu organisasi internasional yaitu ...;Menjadikan Indonesia menjadi negara yang disegani dan ditakuti;Mengembangkan kerjasama internasional antar negara-negara maju;Memperkuat posisi Indonesia dalam hubungan internasional;Menunjukkan pada dunia internasional bahwa Indonesia negara maju;Menumbuhkan pentingnya kerjasama dalam hubungan internasional;C
12;Salah satu faktor determinan dalam era globalisasi yaitu faktor teknologi informasi yang berkembang cepat dan skala masif, namun sering kali di gunakan oleh oknum yang tidak bertanggung jawab untuk menyebarkan faham terlarang seperti komunisme dan radikalisme melalui media sosial maupun lewat netizen jurnalis seperti blog dan web. Hal yang paling efektif untuk menangkal pengaruh negatif penyebaran faham tersebut adalah...;Pengenaan hukum yg berat bagi pelaku penyebaran ajaran terlarang;Edukasi bagi masyarakat akan bahayanya ideolologi komunisme dan radikalisme melalui jalur pendidikan dan keluarga;Membentuk divisi penegakan cyber crime yg handal di lembaga kepolisian;Seminar dan pelatihan bahaya ideologi radikal dan komunisme;Counter Propaganda oleh pemerintah melalui media masa;B
12;Panjang pendeknya susunan nada-nada melodi dari sebuah lagu yang biasa dilihat dari penggalan-penggalan dinamakan...;ritme;birama;tempo;frase melodi;tangga nada;A
12;Kesan permukaan objek yang timbul pada suatu bidang disebut...;ruang;tekstur buatan;gelap terang;nirmana;perspektif;B
12;Berikut yang termasuk teknik/penggunaan warna, kecuali...;harmonis;heraldis;gelap terang;monokromatik;polikkromatik;C
12;Bahan dasar pembentuk spanram adalah...;kayu;besi;batu;karet;plastik;A
12;Hal pertama yang harus dilakukan seniman untuk memodifikasi karya adalah...;penggunaan bentuk;imajinasi;hasil karya;eksperimen;eksperimen;D
12;Applied art disebut juga dengan...;aplikasi seni;penggunaan seni;seni rupa terapan;ekspresi seni rupa;aspek kerupaan;C
12;Alat musik yang menggunakan udara sebagai sumber bunyinya disebut...;membranophone;chordophone;idiophone;aerophone;electrophone;D
12;Alat musik yang menggunakan senar/dawai sebagai sumber bunyinya disebut...;membranophone;chordophone;idiophone;aerophone;electrophone;B
12;Alat musik yang menggunakan badan alat musik itu sendiri dinamakan...;membranophone;chordophone;idiophone;aerophone;electrophone;C
12;Perbedaan intensitas warna, terang-gelap, dan menggunakan teknik menggambar perspektif adalah suatu teknik... Dalam karya dua dimensi.;kesan ruang;komposisi;sisi gelap;perbedaan dimensi;pengolahan unsur;A
12;Rangkaian dari beberapa nada atau sejumlah nada menurut tinggi rendahnya yang berbunyi atau dibunyikan secara berurutan disebut...;ritme;irama;birama;melodi;tangga nada;D
12;Alat musik Jepang berbentuk flute berukuran panjang dinamakan...;mizmar;qin;shamisen;shackuhaci;shornyo;D
12;Musik yang berciri improvisasi, lahir, berkembang, dan populer di kalangan masyarakat kuit hitam Amerika Serikat adalah musik...;R&B;jazz;rap;dansa;rock;B
12;Musik lebih sebagai ungkapan pribadi yang diungkapkan dalam penerapan dinamika. Pernyataan tersebut adalah merupakan ciri-ciri musik pada zaman...;peralihan;romantika;klasik;barok;modern;C
12;Notasi nada yang memperhitungkan panjang nada sesuai dengan proporsi dinamakan...;mensural;monofonik;polifonik;diatonis;pentatonis;A
12;Musik yang sepenuhnya merupakan musik hiburan yang menekankan kenikmatan bagi pendengarnya disebut musik...;jazz;rock;rap;pop;blues;D
12;Alat musik India yang memiliki jangkauan nada 2 oktaf dan bentuknya mirip gitar berlengan panjang adalah...;tabla;vina;ong fu;shahin;mgaudi;B
12;Pentatonis artinya... nada.;2;3;4;5;6;D
12;Diatonis artinya... nada;4;5;6;7;8;D
12;Tiap nada tingginya tetap, tidak berubah, dan mutlak ditulis pada garis paranada yang disebut not...;mutlak;spasi;garis;penuh;tunggal;A
12;Berikut yang termasuk dalam tari kreasi baru berpolkan tradisi adalah tari...;kemong;kupu-kupu;eblas;gembira;garuda nusantara;A
12;Tari kupu-kupu termasuk dalam jenis tari...;kreasi baru berpolakan tradisi;krasi baru nontradisi;tradisional;keraton;baru;B
12;Paduan beberapa ragam gerak tari disebut...;iringan;hitungan;kreasi;ragam gerak;ragam gerak;D
12;Berikut yang termasuk ke dalam teater modern, kecuali...;drama;teater;sinetron;ketoprak;ketoprak;D
12;Perwujudan suatu peran dalam suatu naskah teater disebut...;akting;aktor;sutradara;karakter;permasalahan;A
12;Tokoh seniman Indonesia seorang pelukis dua dimensi yang memperkenalkan seni rupa Barat/Eropa di Indonesia. Kemudian, beliau dikukuhkan menjadi perintis seni rupa Indonesia Modern adalah...;Affandi;Raden Saleh;Basuki Abdullah;Agus Djaja Suminta;Mario Blanco;B
12;Cabang seni yang ada di sekitar Anda dapat dikelompokkan menjadi empat cabang seni. Keempat cabang seni tersebut adalah...;seni rupa, seni tari, seni lukis, dan seni patung;seni rupa, seni musik, seni tari, dan seni drama/teater;seni rupa, seni musik, seni drama, dan seni teater;seni rupa, seni tari, seni musik, dan seni ukir;seni sastra, seni modern, seni tradisi, dan seni matra;B
12;Karya seni rupa berwujud dua dimensi dengan media utama warna dan diwujudkan di bidang datar, serta menggunakan segi ekspresi kreatif disebut...;gambar;mozaik;lukisan;sketsa;patung;C
12;Paduan musik yang baru beda dengan yang lain dibentuk secara cermat dari berbagai alat musik seperti musik gesek, tiup, dan perkusi disebut...;orkestra;opera;band;kontemporer;kontemporer;D
12;Gambaran umum bagian alur yang menggambarkan kehadiran beberapa tokoh yang belum memiliki masalah atau menggambarkan suasana, yaitu bagian...;resolusi;paparan (eksposisi);penggawatan (komplikasi);klimaks;peleraian;B
12;Kegiatan menyederhanakan suatu objek untuk hiasan disebut ...;Transisi;Deformasi;Stilasi;Ekspresi;Akulturasi;C
12;Suatu objek dikatakan mengalami deformasi ketika objek tersebut telah mengalami ...;Perubahan bentuk;Pemindahan posisi;Penggayaan sederhana;Dekorasi garis luar;Perubahan arah;A
12;Apabila suatu benda memiliki sifat hiasan, maka benda tersebut memiliki bentuk ...;Geometris;Keindahan;Ornamental;Deformasi;Motif;C
12;Tujuan dari pembuatan karya deformasi adalah untuk menghasilkan ...;Objek yang modern;Gambar multimedia;Gambar sesuai permintaan pasar;Gambar yang lebih menarik;Gambar hiasan sederhana;D
12;Perbedaan antara karya deformasi dan stilasi terletak pada ...;Prosesnya;Bahannya;Medianya;Sifatnya;Sifatnya;D
12;"Secara umum Istilah ""ornament"" berasal dari kata ...";Orale;Ornarmer;Orare;Ornare;Ornamental;D
12;"Kata asal dari istilah ""ornament"" tersebut berasal dari bahasa ...";Sanskerta;Hindustan;Romawi;Latin;Latin;D
12;"Dalam bahasa Inggris arti dari kata ""perhiasan"" dalam ruang lingkup deformasi dan stilasi berasal dari kata ...";Orealisme;Orale;Ornare;Ornament;Ornament;D
12;Stilasi merupakan perubahan bentuk dari bentuk alami menjadi bentuk ...;Indah;Baru;Instalasi;Ornamental;Ornamental;D
12;Karakteristik gambar stilasi diantaranya ...;Objek tersusun dari perpaduan motif persegi;Terbuat dari objek binatang dan tumbuhan;Terbuat dari objek tumbuhan saja;Berkesan datar;Terdiri lebih dari dua warna;D
12;Bangun luar dalam membuat gambar stilasi disebut ...;Bangun hias;Isen;Bangun dalam;Bangun utama;Bangun utama;D
12;Bidang hias adalah tempat untuk menyusun ...;Bidang hiasan;Bangun hias;Unsur hias;Objek warna;Unsur visual;B
12;"Pada karya stilasi, ""Isen"" fungsinya untuk ...";Memperjelas motif;Mempercepat pewarnaan;Mempermudah pembuatan;Menambah nilai variasi;Menambah nilai variasi;D
12;Langkah ke - tiga dalam membuat gambar stilasi adalah ...;Menentukan pilihan motif;Penggambaran bangun luar;Pemberian isen;Melengkapi bangun luar;Melengkapi bangun luar;D
12;Seni lukis merupakan cabang dari seni rupa yang lebih mengutamakan nilai ...;Guna;Terapan;Praktis;Keindahan;Keindahan;D
12;Suatu benda berbentuk ornamental maksudnya benda tersebut memiliki sifat-sifat sebagai ...;Hiasan;Lukisan;Terapan;Benda pakai;keindahan;A
12;Untuk melengkapi gambar stilasi agar ciri dan sifat khasnya terlihat diperlukan ...;Bangun hias;Isen;Bangun dalam;Motif variasi;Bangun utama;B
12;Dalam membuat gambar stilasi, penggambaran bangun luarnya dapat berbentuk ...;Bebas;Abstrak;Khayalan;Imajinasi;Ekspresi;A
12;Lukisan merupakan karya seni rupa murni dua dimensi yang pada umumnya dituangkan melalui media berupa ...;Kertas;Triplek;Dinding;Kain;Kanvas;A
12;"Contoh objek lukisan beraliran ""neoklasisme"" adalah ...";Pegunungan;Pemulung;Raja-raja;Percintaan;Ekspresi;C
12;"Contoh objek lukisan beraliran ""realisme"" adalah ...";Pegunungan;Pemulung;Raja-raja;Percintaan;Ekspresi;B
12;"Contoh objek lukisan beraliran ""naturalisme"" adalah ...";Pegunungan;Pemulung;Raja-raja;Percintaan;Ekspresi;A
12;"Aliran seni lukis ""realisme"" memandang bahwa lukisan itu pada dasarnya merupakan ...";Karya yang indah;Kreatifitas seniman;Seni yang kongkrit;Hasil ekspresi;Karya pribadi;C
12;Unsur pendukung sebuah karya musik salah satunya adalah...;tempo;irama;bunyi;melodi;harmoni;A
12;Berikut ini yang tidak termasuk alat musik ritmis adalah...;gendang;gong;gitar;simbal;tambur;C
12;Musik mempunyai terapi rekreasif menurut...;John Lennon;Paul Mc C;G. Harrison;Aristoteles;Ringo Starr;D
12;Alat musik tiup yang terbuat dari bambu bernama...;klarinet;saxophon;trombhone;suling;bassoon;D
12;Sebuah lagu dapat dikatakan baik apabila memenuhi sembilan elemen seperti di bawah ini, kecuali...;bentuk;nuansa;sejarah;isi;harmoni;C
12;Musik merupakan sebuah cetusan perasaan dan gagasan yang diwujudkan dalam bentuk...;suara;vokal;instrumentalia;a, b, c benar;a, b, c benar;D
12;Gitar listrik, organ, akordeon merupakan alat musik...;gesek;petik;tiup;modern;pukul;D
12;Panjang pendeknya nada dalam permainan musik disebut...;nada;tempo;birama;irama;irama;D
12;"Gaya bahasa yang digunakan dalam lagu ""Namaku Bento"" yang dinyanyikan Iwan Fals adalah termasuk gaya bahasa...";metafora;personifikasi;ironi;alegori;hiperbola;C
12;Dalam membuat sebuah lagu salah satu hal yang harus kita perhatikan adalah mengatur tinggi rendahnya nada atau sering disebut...;melodi;harmoni;counterpoint;irama;birama;A
12;Suara dua not atau lebih yang dimainkan sekaligus disebut...;melodi;harmoni;counterpoint;irama;birama;B
12;Tempat untuk menuliskan not balok yang terdiri dari lima garis sejajar dengan jarak yang sama disebut...;birama;paranada;trinada;irama;melodi;B
12;Tanda yang digunakan untuk merubah tinggi rendahnya nada disebut tanda...;birama;paranada;kromatis;melodi;notasi;C
12;Apabila media yang digunakan terbuat dari mika, maka lem yang cocok digunakan sebagai perekat adalah...;lem kertas;lem kayu;lem silikon/silen;lem sagu;lem tikus;C
12;Pameran hasil karya seni rupa terapan diperlukan sebagai...;ajang bertukar pikiran;kompetesi dengan produk lainnya;menjajaki pasar;memperkenalkan dan memasarkan hasil karya;menunjukkan keterampilan yang dimiliki;D
12;Dalam membuat sebuah pameran yang pertama kali harus dilakukan adalah membuat...;anggaran dana;undangan untuk pengunjung;surat perizinan;perencanaan dalam bentuk proposal;proses evaluasi kegiatan;D
12;Rencana sebuah kegiatan pameran biasanya berisi, kecuali...;latar belakang;waktu dan tempat pelaksanaan;bentuk kegiatan;perencanaan kegiatan;proses pembuatan hasil karya terapan yang dipamerkan;D
12;Untuk memajang karya seni kriya yang berbentuk dua dimensi dapat kita letakkan di...;meja;box;kursi;sketsel;podium;D
12;Jenis benda yang termasuk ke dalam karya tiga dimensi adalah...;lukisan;mozaik;kartun;patung;karikatur;D
12;Miniatur rumah termasuk hasil karya seni rupa terapan dalam bentuk...;satu dimensi;dua dimensi;tiga dimensi;berdimensi ruang;tidak berdimensi;C
12;Proses cetak dalam seni grafis yang menggunakan klise sehingga hasilnya menjeluk/dalam disebut cetak...;datar;saring;dalam;tinggi;a dan b benar;C
12;Membuat karya seni rupa terapan dengan menggunakan bahan tali-temali yang dibuat simpul adalah...;aplikasi;makrame;batik;tenun;anyaman;B
12;Miniatur atau maket bangunan yang biasa digunakan oleh perusahaan properti dalam pameran adalah contoh dari hasil karya seni terapan proyeksi...;ortogonal;vertikal;horizontal;diagonal;pentagonal;A
12;Berikut ini yang termasuk hasil karya seni kriya yang dibuat dengan teknik makrame, kecuali...;maket rumah/bangunan;gantungan pot;tirai;tas;ikat pinggang;A
12;Benda yang digunakan untuk menggantungkan karya kriya yang perlu penataan khusus dinamakan...;box;meja;sketsel;kawat;paku;D
12;Patung dibuat dalam bentuk yang kecil disebut...;miniatur;cenderamata;hiasan;ukiran;hadiah;A
12;Di bawah ini yang termasuk benda hasil karya seni tiga dimensi adalah...;lukisan;foto;relief;patung;gambar;D
12;Penataan ruang bagian luar dinamakan...;interior;eksterior;proyeksi;desain;makrame;B
12;Berikut ini yang termasuk produk makrame, yaitu...;sketsel;gantungan pot;patung;maket rumah;anyaman;B
12;Permainan musik accordion di Prancis berfungsi sebagai...;upacara keagamaan;upacara perkawinan;pengiring dansa;pesta kemenangan perang;pesta panen raya;C
12;Berikut ini yang bukan termasuk ciri karya musik dari sekolah musik Romawi adalah...;bersifat rohani;menggabungkan polifoni Belanda dan melodis Italia;bergaya acapella;irama menghentak-hentak;irama menghentak-hentak;D
12;Di bawah ini yang dimaksud dengan musik instrumental adalah musik yang...;mengiringi lagu-lagu rohani;dimainkan dengan nada-nada tinggi;bergaya acapella;ritmik tenang mengalir;irama menghentak-hentak;C
12;Penemu sistem not solmisasi dan penulisan nada pada not balok adalah...;Johan Sebastian Bach;Guido van Arezzo;Franz Joseph Hayden;Ludwig van Beethoven;Bola Bartok;B
12;Keindahan terlihat dari objek yang dilihat adalah pandangan dari teori...;objektif;otentik;subjektif;fanatik;fonetik;A
12;Berdasarkan teori subjektif, keindahan dapat terlihat berdasarkan...;benda yang dilihat;cara pandang terhadap suatu objek;diri yang melihat benda tersebut;teknik pembuatan benda tersebut;tingkat kerumitan dari benda tersebut;C
12;Prinsip dari penciptaan karya seni rupa disebut prinsip desain yang meliputi...;komposisi;ekspresi;kreativitas;a, b, dan c benar;a, b, dan c benar;D
12;Berikut ini yang tidak termasuk ke dalam bentuk-bentuk komposisi, yaitu...;bentuk sentral;bentuk diagonal ekspresi;bentuk ortogonal;bentuk geometris;bentuk horizontal;C
12;Untuk menciptakan komposisi yang harmonis dalam pembuatan sebuah desain harus meliputi hal berikut ini, kecuali...;proposi;keunikan;keseimbangan;kontras;irama;B
12;Gagasan atau ide yang baru atau belum pernah ada sebelumnya disebut...;proporsi;ekspresi;kreativitas;kontras;komposisi;C
12;Seni rupa tradisional dilandasi pengaruh kuat dari...;tingkat pendidikan pembuatnya;adat dan budaya masyarakat setempat;tingkat ekonomi masyarakat setempat;pola hubungan sosial masyarakat setempat;aturan atau norma masyarakat setempat;B
12;Berikut ini merupakan pembagian seni rupa pada zaman batu, kecuali...;zaman paleolithikum;zaman meslithikum;zaman perundagian;zaman neolithikum;zaman megalithikum;C
12;Hasil karya seni rupa yang terbuat dari batu-batu kasar disebut zaman...;zaman paleolithikum;zaman mesolithikum;zaman perundagian;zaman neolithikum;zaman megalithikum;A
12;Sarchopagus adalah hasil karya seni rupa pada zaman megalitikum yang berfungsi sebagai...;tempat menyimpan makanan;tempat pemujaan;tempat persembahan korban;tempat penguburan mayat;tempat memasak;D
12;Menhir adalah benda hasil seni rupa yang terbuat dari batu berfungsi sebagai...;tempat menyimpan makanan;tempat pemujaan;tempat memancangkan persembahan korban;b dan c benar;b dan c benar;D
12;Pada zaman logam salah satu hasil karyanya yang berfungsi sebagai perlengkapan upacara meminta hujan dengan bentuk bejana besar dengan dihiasi motif binatang dan tumbuhan adalah...;kapak perunggu;bejana perunggu;nekara;benda perhiasan;menhir;C
12;Karya seni rupa yang merupakan peninggalan sejarah pada masa Hindu-Budha sebagian besar berupa...;tempat ibadah;perhiasan;lukisan;perlengkapan rumah tangga;perlengkapan berburu;A
12;Seni rupa modern Indonesia tidak lagi berupa simbol-simbol yang kaku akan tetapi sudah merupakan...;ekspresi seni yang bebas dari si pencipta;ekspresi seni dari si konsumen;daya kreasi dan imajinasi dari si pencipta;a dan c benar;a dan c benar;D
12;Karya seni hias yang merupakan peninggalan yang terkenal dari zaman Islam adalah berupa...;masjid;makam;istana;seni kaligrafi;rumah adat;D
12;Berita menyerahnya Jepang dapat diketahui oleh seorang tokoh pemuda melalui ...;pengumuman di koran-koran;suart-surat kabar;radio BBC;selembaran dari Sekutu;berita televisi asing;c
12;Kota Nagasaki dijatuhi bom atom oleh Sekutu pada tanggal ...;6 Agustus 1945;8 Agustus 1945;7 Agustus 1945;9 Agustus 1945;10 Agustus 1945;d
12;Berikut kelompok-kelompok para pejuang yang akan menjelang kemerdekaan, kecuali ...;kelompok Sutan Syahrir;kelompok Chaerul Shaleh;kelompok Wikana;kelompok Diponegoro;kelompok Diponegoro;D
12;Nakah Proklamasi yang autentik adalah ...;ditulis tangan oleh Soekarno;ditulis oleh Sayuti Melik;dibuat oleh Soekarno;ditulis oleh Moh. Yamin;disusun oleh Moh. Hatta;b
12;Sebelum para tokoh pulang Moh. Hatta memerintahkan untuk memperbanyak teks proklamasi kepada ...;B. M Diah;Ahmad Subardjo;Sayuti Melik;Sukarni;Sudiro;a
12;Rapat Raksasa di Lapangan Ikada memiliki arti penting, yakni ...;menentang kekuasaan Jepang;sebagai pengakuan kedaulatan suatu negara;menggelorakan semangat mempertahankan kemerdekaan;pamer kekuatan terhadap bangsa asing;menyatukan langkah mengusir Jepang;c
12;Daerah Republik Indonesia pada tanggal 19 Agustus 1945 terdiri atas ...;6 provinsi;7 provinsi;8 provinsi;9 provinsi;10 provinsi;c
12;Sebelum terbentuknya MPR, dalam menjalankan pekerjaannya presiden dibantu oleh ...;komite nasional;wakil presiden;perdana menteri;dewan meteri;kabinet;a
12;"Kalimat pertama pada teks proklamasi yang berbunyi, ""Kami bangsa Indonesia dengan ini menyatakan kemeredakaan Indonesia"", merupakan gagasan dari ...";Ahmad Subardjo;Moh. Hatta;Radjiman Wedyodiningrat;Soekarno;Laksamana Maeda;a
12;Tujuan pembenrukan BKR adalah ...;sebagai persiapan mengahadapi Belanda;sebagai syarat kelengkapan negara;memelihara keamanan dan keselamatan rakyat serta merawat korban perang;untuk mengimbangi tentara Jepang;persiapan menghadapi Sekutu;c
12;KNIP dibentuk pada tanggal ...;18 Agustus 1945;19 Agustus 1945;21 Agustus 1945;22 Agustus 1945;23 Agustus 1945;a
12;Pemerintah menegluarkan maklumat yang meresmikan berdirinya Tentara Keamanan Rakyat (TKR) pada tanggal ...;5 Oktober 1945;6 Oktober 1945;7 Oktober 1945;8 Oktober 1945;9 Oktober 1945;a
12;Tokoh yang pertama kali bercita-cita ingin mendirikan Negara Islam Indonesia ialah ...;Amir Fatah;Kahar Mudzakar;Andi Azis;Kartosuwiryo;Daud Beureuh;d
12;Tiga partai besar pendukung Kabinet Ali Sastriamidjojo II adalah ...;PNI, Masyumi, dan NU;PNI, Parkindo, dan Masyumi;NU, Muhammadiyah, dan PKI;Masyumi, Gerindo, dan PKI;PNI, Masyumi, dan Muhammadiyah;a
12;Setelah dinasionalisasi, De Javasche Bank berubah menjadi ...;Bank Central;Bank Indonesia;Bank Internasional;Bank Tabungan Negara;Bank Rakyat Indonesia;b
12;Pada masa Demokrasi Terpimpin, politik luar negeri Indonesia condong ke ...;Cina;Amerika;Blok Barat;Blok Komunis;Inggris;d
12;Dalam pelaksanaan Dwikora, Pemerintah Indonesia kemudian membentuk Komando ...;Siaga;Militer;Semesta;Merdeka;Garuda;a
12;Tujuan utama diberlakukannya sistem ekonomi Ali-Baba adalah ...;memajukan ekspor;memajukan pengusaha nonpribumi;memajukan sedikit mungkin impor;memajukan pengusaha pribumi;meningkatkan kerja sama antara pengusaha pribumi dan nonpribumi;d
12;Gagasan Presiden Soekarno mengenai Manipolusdek sangat menguntungkan PKI karena ...;berintikan ajaran nasakom;menyisihkan peran Angkatan Darat;konsepnya dibuat oleh orang-orang PKI;berisi ajaran nasionalis;makin besarnya peran ABRI;a
12;Presiden Soekarno menyerahkan kekuasaan kepada Jenderal Soeharto adalah tanggal ...;20 Februari 1967;21 Februari 1967;22 Februari 1967;23 Februari 1967;24 Februari 1967;a
12;Salah satu upaya pemerintah dalam menumpas PRRI adalah ...;menyelenggarakan Munap;melaksanakan otonomi daerah;memisahkan dari Pemerintah RI;menaikkan pangkat para tokoh pemberontak;mengadakan gencatan senjata;a
12;Partai-partai pada masa Demokrasi Liberal lebih cenderung untuk ...;mementingkan kepentingan bangsa daripada kepentingan partainya;meningkatkan kerja sama antarpartai politik;secara bersama-sama mendukung program pemerintah;memeningkan kepentingkan partainya daripada kepentingan bangsa;mengutamakan pembangunan fisik;d
12;Kabinet Ali Sastroamidjojo I merupakan salah satu kabinet yang berhasil memegang pemerintahan Demokrasi Liberal. Prestasi gemilang dari Kabinet Ali Satroamidjojo I adalah ...;pelaksanaan politik luar negeri bebas aktif;berhasil diselenggarakannya Konferensi Asia Afrika (KAA);berhasil ditumpasnya gerakan separatis;berhasil menghancurkan masalah SARA;diselenggarakannya Konferensi Istanbul;b
12;Menurut Prof. Dr. Sumitro Djojohadikusumo, tujuan mengubah struktur ekonomi nasional di bidang perdagangan dapat berhasil jika ...;pemerintah mengatasi impor barang jadi;pemerintah menggalkkan ekspor barang jadi;di Indonesia tumbuh kelas pengusaha;pemerintah memberdayakan ekonomi kerakyatan;adanya persiangan yang sehat antara pengusaha pribumi dan pengusaha nonpribumi;c
12;Berikut ini adalah berbagai persiapan PKI sebelum melancarkan pengkhianatan melalui Gerakan 30 September 1965, kecuali ...;menggalang kekuatan massa;melakukan infiltrasi ke dalam tubuh ABRI;menyebarkan isu Dewan Jendral;menculik para perwira tinggi yang tidak mau tunduk pada PKI;menculik para perwira tinggi yang tidak mau tunduk pada PKI;D
12;Menurut Maltus, deret hitung digunakan untuk mengukur...;angka natalitas;pertumbuhan penduduk;peningkatan produksi pangan;moralitas penduduk;peningkatan hasil industri;c
12;Tata urutan perundang-undangan di Indonesia yang tertinggi adalah...;Perpu;Undang-undang;UUD;PP;Keppress;c
12;Berikut ciri-ciri kehidupan bermasyarakat dan berbangsa pada masa Orde Baru, kecuali...;tiada kebebasan kehidupan pers;lembaga legislatif kurang berfungsi secara maksimal dalam membawa aspirasi rakyat;adanya kebebasan dalam kehidupan berpolitik;kewajiban warga negara Indonesia untuk berperilaku sesuai dengan Pancasila;dwifungsi ABRI dalam pemerintahan dan masyarakat;c
12;Sidang umum II MPRS 1966 menghasilkan beberapa keputusan, salah satunya Tap MPRS No. XXV/MPRS/1966 yang mengatur tentang...;pengesahan dan pengukuhan Supersemar;politik luar negeri yang bebas aktif;pembentukan Kabinet Ampera;pembubaran PKI dan ormas-ormasnya;tata perundang-undangan RI;d
12;Keppres No. 1/3/66 Tanggal 12 Maret 1966 menetapkan bahwa...;mengamankan 15 menteri yang terlibat dalam G-30-S/PKI;menetapkan kedudukan presiden sebagai mandataris MPRS;pembentukan Kabinet Ampera;PKI sebagai organisasi terlarang;pimpinan DPR-GR sebagai lembaga legislatif, bukan sebagai eksekutif;d
12;Sebutan revolusi hijau sering dikenal dengan istilah revolusi...;industri;agrarian;biru;kehutanan;pangan;b
12;Dibawah ini merupakan kriteria dan benih unggul pertanian, kecuali...;umur tanaman panjang/lama;cepat panen;tahan terhadap segala hama penyakit;cepat tumbuh;hasilnya banyak;a
12;Pemicu dari kemiskinan dan kemelaratan adalah...;sulitnya mendapatkan bahan mentah untuk bahan baku industri, terutama di Eropa dan Amerika;cepatnya peningkatan produksi pertanian dibandingkan dengan pertumbuhan penduduk;cepatnya partumbuhan penduduk dibandingkan dengan peningkatan produksi pertanian;merosotnya hasil produksi industri, terutama di Inggris;banyaknya lahan pertanian yang kritis;c
12;Tujuan utama dari pelakasanaan revolusi hijau adalah...;meningkatkan devisa negara, terutama negara berkembanga;menigkatkan produktivitas pertanian dengan varietas unggul;meningkatkan berbagai metode pengolahan lahan kering;meningkatkan upaya penghijauan tanah yang kritis;meningkatkan mekanisme pertanian;b
12;Latar belakang lahirnya Orde Baru sebagai akibat...;banyaknya penyimpangan terhadap UUD 1945;keinginan kembali pada Pancasila dan UUD 1945 secara murni dan konsekuen;adanya usaha subversive dari PKI;instabilitas bidang politik;instabilitas bidang ekonomi;b
12;Tanggal 11 Agustus 1966, Indonesia menormalisasikan hubungan dengan negara Malaysia berdasarkan...;Perjanjian Bangkok;Jakarta Accord;Jakarta Informal Meeting;Deklarasi Bogor;Persatuan New York;a
12;Istilah bagi usaha meningkatkan produksi pertanian dengan pemulihan lahan yang kritis adalah...;diversifikasikan pertanian;konstruksi pertanian;rehabilitasi pertanian;intensifikasi pertanian;ekstentifikasi pertanian;c
12;Pembangunan yang dapat dicapai pada masa Orde Baru, kecuali...;peningkatan investasi dalam negeri dan asing;"penghargaan dari suatu organisasi kependudukan dunia karena keberhasilan Indonesia dalam menayangkan drama bersambung di RRI yang berjudul ""Butir-butir Pasir di Laut""";kondisi sosial politik yang relatif stabil;kehidupan demokrasi yang terbuka dengan berdirinya banyak partai politik;kehidupan demokrasi yang terbuka dengan berdirinya banyak partai politik;D
12;Kekuatan pemerintah Orde Baru adalah sebagai berikut, kecuali...;PWI;PGRI;GOLKAR;ABRI;KOPRI;a
12;Tugas pokok dari Kabinet Ampera adalah...;melaksanakan politik luar negeri bebas aktif untuk kepentingan nasional;menentang segala bentuk imperialisme dan mendukung self determination;memperbaiki perikehidupan rakyat, terutama sandang dan pangan;menciptakan stabilitas pilitik dan ekonomi;melaksanakan pemilu selambat-lambatnya 5 Juli 1968;d
12;Pengertian dari revolusi hijaju adalah...;perubahan dalam upaya pemupukan;perubahan bidang perkebunan dari cara tradisional ke modern;perubahan pertanian dalam cara pengolahan areal pertanian;perubahan bidang pertanian dari cara tradisional ke modern;perubahan dalam penanaman kembali hutan yang gundul;d
12;Dibawah ini yang tidak termasuk ciri-ciri media massa televise adalah...;kurang cepatnya penyiaran berita karena kompleksnya teknologi;dapat dilihat dan didengar oleh kelompok yang relatif banyak;proporsi acara yang bersifat berita dan hiburan lebih banyak;menjangkau seluruh lapisan masyarakat tertentu;penyiar dituntut untuk bersuara dan berpenampilan baik;a
12;Radio sebagai salah satu media yang telah dirasakan manfaatnya oleh masyarakat Indonesia harus bisa berfungsi sebagai...;alat pendidikan dan penerangan yang aktif dan kreatif bagi masyarakat;alat untuk menyiarkan suatu peristiwa secara langsung;satu-satunya wahana hiburan bagi masyarakat;satu-satunya alat untuk penyuluhan masyarakat secara langsung;sarana masuknya budaya asing ke Indonesia;a
12;Indonesia memiliki teknologi pertelevisian sejak tahun 1962 yang ditandai dengan berdirinya TVRI. Tujuan utama berdirinya TVRI pada saat itu adalah...;mendukung kebijakan politik Soekarno yang anti-Barat;mendukung persatuan dan kesatuan bangsa;sebagai sarana informasi penyebarluasan hasil-hasil pembangunan;meliput peristiwa-peristiwa Asian Games IV di Jakarta;siaran hiburan;d
12;Perkembangan yang pesat di bidang teknologi dan komunikasi pada tahun 1969 adalah ditemukannya...;komputer;internet;telepon;fax;handphone;a
12;Hasil teknologi yang secara luas digunakan dalam berbagai bidang untuk mengontrol dari alat yang paling rumit sampai yang paling sederhana disebut...;komputer;internet;telepon;ponogram;handphone;a
12;Statsiun utama pengendali SKSD Palapa terdapat di...;Unggaran;Malang;Tawamangun;Cibinong;Puncak;d
12;Alat subjektif yang mendorong digunakannya satelit komunikasi bagi Indonesia adalah...;untuk meningkatkan harga diri bangsa Indonesia;untuk menunjukkan bahwa pembangunan nasional telah berhasil;menyejajarkan bangsa Indonesia dengan negara-negara maju;jumlah penduduk bangsa Indonesia beranekaragam dan tempat tinggalnya berpencar-pencar;Indonesia merupakan negara kepulauan dengan pulau-pulaunya yang terpencar;a
12;Salah satu program jangka pendek Kabinet Ampera dalam bidang perekonomian adalah...;menciptakan stabilitas ekonomi negara;meningkatkan peredaran jumlah uang rupiah;menghindari masuknya barang-barang dari luar ke Indonesia;mempertinggi nilai ekspor barang ke luar negeri;menjalin hubungan dengan negara-negara maju;a
12;Berkembangnya pertanian modern bertujuan untuk...;memproduksi hasil pertanian dalam jumlah besar;meningkatkan kebutuhan ekspor;meningkatkan kreativitas pertanian;memenuhi kebutuhan pasar;meningkatkan kesejahteraan hidup masyarakat;a
12;Pertumbuhan penduduk yang makin meningkat akan memengaruhi meningkatnya kebutuhan akan pangan karena...;pangan merupakan barang ekspor dan impor yang tinggi nilainya;manusia selalu berupaya untuk meningkatkan produksi pangan;pangan merupakan sumber utama kehidupan manusia;lingkungan kehidupan manusia yang bertambah sempit;pengetahuan manusia yang makin meningkat dalam penanganan lingkungan;c
12;Berikut ini hal-hal yang perlu diperhatikan akibat pengaruh perkembangan industri pertanian terhadap perkembangan perekonomian Indonesia, kecuali...;lokalisasi tanah;kebutuhan akan perbaikan tanah;percobaan pengujian terhadap tanaman;frekuensi jalan;tanaman yang dikembangkan;d
12;Dwifungsi ABRI memiliki peran ganda dalam bidang...;sosial dan budaya;hankam dan nasional;sosial dan ekonomi;ekonomi dan pendidikan;politik dan ekonomi;b
12;Modernisasi pertanian dikenal dengan istilah...;agrobisnis;agrokultural;hortikultural;revollusi hijau;pancausaha tani;d
12;Stabilitas regional dari ancaman komunisme di Asia Tenggara telah melahirkan deklarasi...;Bangkok;Kelantan;Bali;Pangkalpinang;Malino;b
12;Sumber-sumber sejarah masa lampau dapat berupa barang peninggalan tertulis maupun tidak tertulis. Berikut ini peninggalan sejarah yang termasuk inskripsi antara lain ...;tulisan yang ditorehkan pada benda keras seperti batu, logam, dan kayu.;dokumen resmi tentang suatu persetujuan, pengakuan dan pemberian hak.;barang-barang cetakan yang ditemukan di lapisan bumi tertentu.;naskah-naskah yang berisi perjalanan sejarah tokoh-tokoh tertentu.;seluruh peninggalan tertulis maupun gambar yang telah dibukukan.;A
12;Perhatikan ciri-ciri berikut! 1) Cerita dalam tradisi ini dipercayai masyarakat sebagai kisah yang benar-benar terjadi. 2) Menceritakan terjadinya alam semesta, bentuk khas binatang, dan petualangan para dewa. 3) Tokoh utama dalam kisah tradisi ini adalah dewa atau manusia setengah dewa. Ciri-ciri di atas mengacu pada tradisi lisan yang berbentuk ...;dongeng.;legenda.;mitologi.;mitos.;mitos.;D
12;Contoh periodisasi peristiwa sejarah Indonesia yang tersusun secara kronologis adalah...;masa Kerajaan Hindu-Buddha -- masa Kerajaan Islam -- masa pendudukan Jepang -- masa kemerdekaan.;masa Kerajaan Islam -- masa Kerajaan Hindu-Buddha -- masa colonial Belanda -- masa pendudukan Jepang.;masa kemerdekaan -- masa pendudukan Jepang -- masa Kerajaan Hindu-Buddha -- masa Kerajaan Islam -- masa colonial Belanda.;masa Kerajaan Hindu-Buddha -- masa Kerajaan Islam -- masa colonial Belanda -- masa pendudukan Jepang -- masa kemerdekaan.;masa Kerajaan Hindu-Buddha -- masa Kerajaan Islam -- masa colonial Belanda -- masa pendudukan Jepang -- masa kemerdekaan.;D
12;Berikut merupakan bentuk tradisi masyarakat Nusantara pada masa pra-aksara dan masa aksara adalah... .;melakukan perburuan hewan untuk dijadikan bahan makanan dan menyembah benda yang mempunyai kekuatan ghaib.;menumpuk sampah sisa makanan dan menulis setiap peristiwa yang dianggap penting.;melakukan upacara keagamaan untuk memuja nenek moyang dan membuat alat-alat kehidupan berbahan dasar batu.;mendiami gua-gua yang ada di pesisir pantai untuk dijadikan sebagai rumah dan membuat alata-alat dari batu besar.;memilih pemimpin berdasarkan keturunan pemimpin sebelumnya dan sering melakukan perang antar suku.;B
12;Coba perhatikan gambar dan data berikut dengan saksama! Gambar di atas merupakan salah satu sub ras yang terdapat di Indonesia yang diperkirakan memasuki kepulauan Nusantara sejak 1000 SM. Mereka dianggap sebagai penduduk paling awal di wilayah kepualauan Nusantara. Berdasarkan gambar dan data diatas, sub ras tersebut adalah...;Proto Melayu.;Deutro Melayu.;Austronesia.;Melanesoid.;Melayu Muda.;D
12;India merupakan salah satu peradaban yang banyak meninggalkan pengaruhnya di Indonesia. Pengaruhnya dalam bidang sosial dapat dilihat dari... .;sistem kerajaan yang banyak dianut masyarakat, sehingga muncul kerajaan di Indonesia.;berkembangnya ajaran Hindu dan Budha di berbagai wilayah Indonesia.;tradisi ngaben yang biasa dilaksanakan oleh masyarakat Bali.;pemberlakuan kasta dalam kehidupan masyarakat Bali.;banyak bangunan di Indonesia yang dipengaruhi peradaban India.;D
12;Kerajaan-kerajaan Hindu dan Buddha di Indonesia, khususnya yang terletak di wilayah Jawa Tengah dapat hidup berdampingan dan mempunyai rasa toleransi tinggi. Hal ini terbukti dengan ...;rakyat bebas menganut agama dan kepercayaan yang diyakini.;adanya sistem kasta tidak menutup adanya kawin campur.;candi Hindu dibangun atas perintah Raja Sanjaya yang beragama Buddha.;candi Hindu dapat digunakan oleh warga beragama Buddha.;tidak pernah terjadi pertempuran antara kerajaan Hindu dan Buddha.;A
12;Sumber Kerajaan Tarumanegara yang lokasi penemuannya terletak di wilayah Provinsi Banten adalah ...;Munjul;Tugu;Cindanghiang;Ciaruteun;Kebon Kopi;A
12;Pada masa pemerintahan Raden Fatah, Kesultanan Demak pernah melakukan serangan ke Malaka yang sudah dikuasai Portugis. Serangan tersebut didasari oleh alasan...;Portugis terlebih dahulu mengancam menyerang Demak.;Raden Patah ingin memperluas wilayah kekuasaan di Sumatera.;sebagai bentuk solidaritas terhadap sesama muslim sekaligus membebaskan Malaka;Demak ingin membantu kesultanan Banten untuk membebaskan dari Portugis.;ingin menunjukan kejayaan dan keperkasaan kesultanan Demak.;C
12;Pada masa pemerintahan Sultan Agung Mataram mulai dikenalkan sistem penanggalan Jawa. Secara prinsip, sistem kalender Jawa merupakan bentuk akulturasi antara kebudayaan...;Islam -- Hindu.;Indonesia -- Hindu.;Masehi -- Hijriyah.;Hindu -- Budha.;Hindu -- China.;A
12;Jika dibandingkan Kerajaan Spanyol dan Portugis, Belanda lebih akhir datang ke Indonesia. Faktor utama yang menyebabkan kedatangan Belanda ke Indonesia adalah... .;adanya kesepakatan Thordesillas yang membagi pelayaran samudera menjadi dua.;adanya kesepakatan Saragosa yang membagi pelayaran samudera menjadi dua.;Pelarangan Belanda membeli rempah-rempah di Pelabuhan Lisabon Portugis.;Belanda tidak memiliki armada perang sekuat Portugis.;terjadi perang aliansi di Eropa yang melibatkan beberapa Negara Eropa seperti Prancis dan Belanda.;C
12;Untuk menumpas segala macam pembelotan dan pemberontakan yang dilakukan warga pribumi terhadap VOC, dikeluarkan hak istimewa berupa...;hak monopoli perdagangan dari ujung selatan Afrika ke sebelah timur sampai ujung selatan Amerika.;hak memiliki tentara sendiri dan pengadilan.;hak memiliki mata uang sendiri.;hak menguasai dan mengikat perjanjian dengan kerajaan-kerajaan lain di daerah kekuasaan monopoli perdagangan.;hak untuk memungut pajak.;B
12;Hal yang menjadi faktor internal pendorong munculnya nasionalisme Indonesia adalah... .;kebijakan politik etis yang memunculkan kelompok cendikiawan di Indonesia.;perjuangan membangkitkan nasionalisme yang dilakukan oleh Mahatma Gandhi di India.;kemenangan Jepang atas Uni Soviet pada tahun 1905 di Manchuria.;munculnya paham-paham baru di Eropa yang kemudian berkembang di Indonesia.;perjuangan membangkitkan nasionalisme yang dilakukan oleh Jose Rizal di Filiphina.;A
12;Awal abad ke 20 merupakan tonggak awal kebangkitan nasional Indonesia, hal ini ditandai dengan banyak berdirinya organisasi yang bergerak dalam berbagai bidang seperti pendidikan, budaya, agama, bahkan politik. Berikut organisasi pergerakan nasional Islam yang pertama di Indonesia, yaitu... .;Sarekat Dagang Islam.;Nahdatul Ulama.;Muhammadiyah.;Masyumi.;Perti.;A
12;"Faktor yang melatarbelakangi pembubaran organisasi Indische Partij adalah munculnya artikel ""Als Ik eens Nederlander Was"" yang merupakan artikel dari Suwardi Suryaningrat sebagai protes terhadap rencana...";diselenggarakannya Cultuurstelsel.;pemilihan anggota Volksraad.;pemilihan anggota Gemeenteraad.;peringatan 100 tahun kemerdekaan Belanda dari Prancis.;peringatan 300 tahun berdirinya VOC.;D
12;Perhimpunan Indonesia (1916) yang terdiri dari mahasiswa Indonesia yang belajar di negeri Belanda menyadari bahwa mereka harus menjadi penggerak untuk mencapai kemerdekaan Indonesia. Dengan bekerja sama dengan pemuda bangsa lain, mereka menghimpun kekuatan untuk melawan penjajah. Apa yang menjadikan organisasi tersebut dianggap memegang peranan penting bagi perjuangan kebangsaan Indonesia saat itu?;Organisasi tersebut bekerjasama bangsa lain menentang penjajah.;Memperjuangkan terciptanya kesatuan nasional dan solidaritas.;Kembali ke Indonesia dan memimpin perlawanan terhadap Belanda.;Mereka mengirim anggotanya menjadi Dewan Rakyat (Volksraad).;Menerbitkan surat kabar yang berisi ajakan menentang penjajah.;B
12;Dalam menghadapi tuntutan Gabungan Politik Indonesia (GAPI) pemerintah Kolonial Belanda membentuk...;Volksraad.;Komisi Visman.;Komisi Lintas Partai.;Komisi Pertimbangan Pemerintah.;Komisi Lintas Agama.;B
12;Pada masa awal pendudukan Jepang di Indonesia, para tokoh pergerakan nasional bersikap kooperatif terhadap Jepang. Hal ini terbukti dengan dibentuknya organisasi Pusat Tenaga Rakyat (Putera) oleh Jepang yang diketuai oleh Ir. Soekarno. Jepang berharap organisasi tersebut dapat dijadikan alat untuk mendukung perang Jepang di Pasifik. Namun kenyataan sebaliknya, para tokoh memanfaatkan organisasi tersebut untuk ...;menanamkan semangat nasionalisme untuk mewujudkan Indonesia merdeka.;melakukan gerakan di bawah tanah untuk berbalik menyerang Jepang.;mempelajari strategi yang dilakukan Jepang dalam menghadapi Sekutu.;menduduki posisi dalam pemerintahan pendudukan Jepang di Indonesia.;mendapat simpati dalam upaya mempengaruhi kebijakan pemerintah Jepang.;A
12;Pada masa Pendudukannya, Jepang memberlakukan politik non-kooperatif dengan cara membubarkan seluruh organisasi pergerakan Indonesia. Namun terdapat satu organisasi yang tidak dibubarkan oleh Jepang dengan alasan memiliki persamaan pandangan terkait masalah Kolonialisme Barat. Organisasi yang tidak dibubarkan oleh Jepang tersebut adalah... .;Partai Nasional Indonesia.;Majelis Syuro Muslimin Indonesia.;Pusat Tenaga Rakyat.;Majelis Islam A'la Indonesia.;BPUPKI.;D
12;Berikut merupakan pengaruh kebijakan liberalisasi ekonomi yang diberlakukan oleh pemerintah Kolonial Belanda, kecuali...;tanah-tanah di wilayah Sumatera dan Kalimantan berubah menjadi wilayah perkebunan.;berkembangnya sistem pendidikan di Indonesia yang berdampak kepada meningkatnya pendidikan bumi putera.;berkembangnya sistem pendidikan di Indonesia yang membawa dampak kesejahteraan kaum bumi putera.;munculnya aturan-aturan baru mengenai sistem ekonomi, ketenagakerjaan, pengupahan.;meningkatnya kegiatan ekspor hasil perkebunan oleh pemerintah Kolonial Belanda.;C
12;Walaupun pada awalnya secara tersembunyi tujuan Pemerintah Kolonial mengeluarkan kebijakan Politik Etis adalah untuk menciptakan kalangan pegawai yang memiliki keterampilan dan dapat dibayar murah, namun kemudian kebijakan tersebut dapat memberikan dampak positif bagi bangsa Indonesia, yaitu... .;meningkatkan volume ekspor tanaman perkebunan Indonesia.;menciptakan kalangan elit baru yang lebih nasionalis.;memunculkan dukungan dari kelompok-kelompok liberalis Belanda atas usaha kemerdekaan Indonesia.;memunculkan kelompok cendekiawan yang kemudian hari menjadi pelopor perjuangan kemerdekaan Indonesia.;berkembangnya infrastruktur bangunan kolonialisme di Indonesia.;D
12;Kami bangsa Indonesia dengan ini menyatakan kemerdekaan Indonesia. Makna penggalan pernyataan Proklamasi Kemerdekaan Indonesia tersebut bagi bangsa Indonesia adalah ...;masyarakat dapat mengambil alih seluruh persenjataan Jepang di Indonesia.;saatnya membangun kehidupan baru yang merdeka, bersatu, dan berdaulat.;Jepang telah memenuhi janji kemerdekaan kepada masyarakat Indonesia.;Indonesia segera menyusun pemerintahan dan ketatanegaraan yang baru.;proklamasi kemerdekaan merupakan puncak perjuangan bangsa Indonesia.;B
12;Proklamasi Indonesian pada tanggal 17 Agustus 1945 bukan akhir dari perjuangan bangsa. Setelah proklamasi, justru bangsa Indonesia mendapatkan rintangan terkait keutuhan negara dana bangsa. Peranan tokoh Kasman Singodimedjo dalam menjaga keutuhan negara dan bangsa adalah...;menjadi penengah anatara golongan muda dan golongan tua terkait waktu pelaksanaan proklamasi.;menjadi penengah antara golongan muda dan golongan tua terkait pembentukkan Badan Keamanan Rakyat yang banyak menuai protes.;menjadi penengah antar anggota PPKI terkait permasalahan tujuh kata dalam piagam Jakarta.;menjadi penengah antara kelompok Soekarno yang pro diplomasi dengan kelompok Jenderal Soedirman yang pro perjuangan senjata.;menjadi penengah terkait permasalahan hasil dari perjanjian Renville yang dianggap terlalu merugikan Republik.;C
12;Setelah melakukan perdebatan panjang antara Bung Karno dan Para Pemuda pada tanggal 15 Agustus 1945, dimana Bung Karno tetap mempertahankan untuk melaksakan sidang PPKI yang merupakan badan bentukan Jepang pada tanggal 16 Agustus 1945 akhirnya para pemuda memutuskan untuk membawa Bung Karno dan Moh. Hatta ke Rengasdengklok pada tanggal 16 Agustus dini hari. Dasar pertimbangan pemuda yang paling prinsip adalah...;kemerdekaan Indonesia merupakan hak dan soal bangsa Indonesia sendiri.;kemerdekaan Indonesia merupakan peristiwa yang sangat bersejarah.;rakyat sudah begitu lama menantikan kemerdekaan.;Jepang tidak akan menepati janji kemerdekaannya.;Jepang sudah menyerah kepada Sekutu dan tidak bisa memberikan kemerdekaan.;A
12;Dinamika kehidupan politik pada masa awal kemerdekaan diwarnai masa-masa pelaksanaan Demokrasi Liberal. Pada masa ini pemerintahan RI berbentuk parlementer, dimana kedaulatan rakyat disalurkan melalui wakil-wakil partai politik yang menduduki parlemen. Salah satu ciri masa pemerintahan tersebut adalah seringnya terjadi pergantian kabinet yang disebabkan oleh ...;mosi tidak percaya anggota parlemen terhadap kinerja kabinet.;kabinet terdiri dari orang-orang yang tidak ahli dalam bidangnya.;sikap apatis para anggota kabinet terhadap upaya pembangunan.;pemerintah mencurahkan perhatian pada upaya pembebasan Irian Barat.;seringnya terjadi pemberontakan menyita perhatian anggota kabinet.;A
12;Setelah Dekrit Presiden Pemerintah melaksanakan Demokrasi Terpimpin pada periode 1959 -- 1965. Berikut ini kebijakan-kebijakan masa Demokrasi Terpimpin, kecuali ...;kekuasaan negara berada sepenuhnya di tangan presiden.;pembentukan lembaga-lembaga melalui penetapan presiden.;penetapan manipol USDEK menjadi GBHN.;pelaksanaan politik luar negeri yang Bebas dan Aktif.;pelaksanaan politik luar negeri yang Bebas dan Aktif.;D
12;Pada bulan Januari 1966, terjadi aksi demonstrasi besar-besaran yang dilakukan masyarakat yang menuntut pembubaran PKI sebagai dampak terjadinya G30S/PKI pada bulan September 1965. Aksi yang menelan korban jiwa dari pelajar dan mahasiswa di Jakarta dan Yogyakarta tersebut, menimbulkan tekanan yang berat bagi pemerintah saat itu yang segera mengambil sikap antara lain...;menangkap seluruh anggota dan simpatisan PKI yang ada.;melakukan perombakan terhadap susunan Kabinet Dwikora.;menurunkan harga bahan pokok melalui operasi pasar.;mengadakan sidang istimewa MPRS menurunkan presiden.;menugaskan Pangkopkamtib saat itu untuk mengamankan negara.;B
12;Salah satu syarat pembentukan suatu negara adalah berdirinya pemerintahan. Pemerintahan pertama Republik Indonesia ditetapkan dalaml sidang-sidang PPKI. Sidang kedua PPKI menghasilkan keputusan antara lain...;pengangkatan Seokarno dan M. Hatta sebagai Presiden dan Wakil Presiden.;pembentukkan Komite Nasional Indonesia untuk membantu tugas Presiden sebelum terbentuknya parlemen.;penetapan Partai nasional Indonesia sebagai satu-satunya partai yang diakui dalam sistem kepartaian di Indonesia.;pembentukkan 12 kementerian untuk roda pemerintahan Indonesia.;pembentukkan Badan Keamanan Rakyat sebagai alat kelengkapan negara dalam bidang militer.;D
12;Jika dikaitkan dengan kehidupan sekarang, makna terpenting yang dapat diambil dalam peristiwa terpilihnya Soekarno dan Mohammad Hatta menjadi Presiden dan wakilnya pada Sidang PPKI pertama adalah...;pemilihan presiden dan wakil presiden harus memperhatikan keterwakilan wilayah Jawa dan luar Jawa.;mendahulukan musyawarah mufakat dalam pemilihan presiden dan wakil presiden.;memilih pemimpin harus mendengarkan dan memperhatikan aspirasi rakyat sebagai pemegang kedualatan tertinggi.;dalam memilih pemimpin harus mendahulukan kepentingan bangsa dan negara.;dalam memilih pemimpin harus mendahulukan kepentingan bangsa dan negara.;D
12;Pada masa Demokrasi Terpimpin, Indonesia keluar dari keanggotaan PBB. Kebijakan ini terjadi sebagai dampak politik luar negeri RI yang bersifat anti imperialisme/kolonialisme. Hal ini menyebabkan Indonesia terkucil dari dunia internasional. Salah satu upaya yang dilakukan pemerintah Orde Baru untuk mengembalikan citra Indonesia di mata dunia antara lain dengan ...;menyetujui pembentukan negara federal Malaysia.;mencari dukungan dari negara-negara di Asia Tenggara.;memulihkan hubungan diplomatik dengan Malaysia.;memutuskan hubungan dengan negara berhaluan kiri.;mempererat hubungan diplomatik dengan negara-negara lain.;C
12;Bukti bahwa Indonesia sebagai anggota ASEAN telah melaksanakan politik luar negeri yang bebas aktif antara lain turut serta berpartisipasi dalam meredakan pertikaian antarfaksi di Kamboja pada tahun 1988 dengan cara ...;memberi bantuan senjata kepada kelompok independen;mengirim pasukan Garuda sebagai pasukan Dewan Keamanan PBB;memberi bantuan ekonomi dan obat-obatan bagi rakyat Kamboja;menyediakan tempat untuk pelaksanaan Jakarta Informal Meeting;menjadi penengah antara keempat faksi yang sedang bertikai;D
12;Pada masa Orde Baru peranan negara terus menguat. Hal tersebut tercermin pada hal-hal berikut, kecuali...;kelompok oposisi dikendalikan dan dibatasi ruang geraknya.;organisasi massa berada di bawah kendali penuh pemerintah.;adanya keterlibatan secara langsung militer dalam sistem pemerintahan.;partai politik diberi kekuasaan untuk melaksanakan aktivitas politiknya.;pembredelan beberapa media karena dinilai tidak sejalan dengan pemerintah.;D
12;Stabilisasi dalam bidang politik dan keamanan sangat diperlukan untuk pembangunan ekonomi bagi kesejahteraan rakyat. Untuk menjaga stabilitas politik dan keamanan pemerintah melaksanakan program ...;Pelita (pembangunan lima tahun).;Dwi Fungsi ABRI.;Politik luar negeri bebas aktif.;Penanaman Modal Asing.;Wamil (Wajib Militer).;D
12;Pada masa peralihan sistem pemerintahan dan politik dari Orde Baru menuju pemerintahan Reformasi, muncul beberapa tokoh nasional yang menamakan diri sebagai kelompok Ciganjur. Berikut adalah nama-nama yang tergabung dalam kelompok Ciganjur, kecuali...;Abdurrachman Wahid.;Akbar Tanjung.;Megawati Soekarno Putri.;Amin Rais.;Sri Sultan Hamengkubuwono X.;B
12;Pada masa pemerintahan Orde Baru, terdapat sekolempok tokoh yang menyerahkan sebuah dokumen yang dikenal dengan Petisi 50. Hal yang menjadi tuntutan utama Petisi 50 adalah...;pencabutan aturan yang bersifat diskriminasi terhadap kelompok etnis Tionghoa.;pencabutan aturan tentang pelarangan Partai Komunis Indonesia.;protes penggunaan ideologi Pancasila untuk kepentingan politik praktis.;pencabutan ajaran Eka Prasetya Pancakarsa.;pencabutan ajaran Nasakom.;C
12;Gerakan Reformasi di Indonesia tahun 1998 merupakan gerakan untuk memperbaiki tatanan bermasyarakat, berbangsa dan bernegara sesuai dengan nilai-nilai Pancasila dan UUD 1945. Penyebab utama terjadinya gerakan ini adalah ...;presiden yang terlalu lama berkuasa.;utang luar negeri yang semakin banyak.;ketidakadilan di berbagai bidang kehidupan.;keinginan mengganti kedudukan presiden.;munculnya golongan-golongan oposisi.;C
12;Tujuan pembentukan Badan Keamanan Rakyat adalah ...;persiapan dalam menghadapi Belanda;syarat untuk kelengkapan negara;memelihara keamanan dan keselamatan rakyat serta merawat korban perang;untuk menghadapi tentara Jepang;persiapan mengahadapi Sekutu;C
12;Pihak oposisi menilai Kabinet Sukiman dalam menjalankan politik luar negerinya condong ke ...;China;Blok Timur;Blok Komunis;Blok Barat;Netral;D
12;Alasan Pemerintahan RI membentuk Badan Keamanan Rakyat dan tidak segara membentuk tentara nasional adalah ...;Indonesia masih harus berjuang mempertahankan kemerdekaan;pembentukan tentara nasional dapat menimbulkan kecurigaan Sekutu;pembentukan tentara nasional membutuhkan biaya besar;Indonesia belum memiliki biaya untuk TNI;tentara belum perlu untuk saat itu;B
12;Dewan Banteng di Sumatra Barat dibentuk oleh ...;Kartosuwiryo;Letkol. H. N. Ventjel Sumual;Letkol Berlian;Letkol Achmad Husein;Letkol Achmad Husein;D
12;Berikut ini yang tidak termasuk tindakan-tindakan sambutan rakyat Indonesia untuk menegakan kedaulatan Indonesia setelah memproklamasikan kemerdekaan adalah ...;merebut senjata dari Jepang;membangun pemerintahan;pembunuhan terhadap tentara Jepang yang masih ada di Indonesia;mengambil alih gedung-gedung yang masih dikuasai Jepang;menuliskan yel-yel di tempat-tempat yang strategis;C
12;Latar belakang peristiwa Pertempuran Lima Hari di Semarang adalah adanya desas-desus Jepang...;meracuni cadangan air minum;membunuh dr. Karyadi;menangkapi para pemuda BKR;menghalangi para pemuda menyebarkan berita proklamasi;akan berkuasa kembali di Indonesia;A
12;Keuntungan rakyat Indonesia dengan diadakannya Rapat Raksasa di Lapangan Ikada adalah ...;untuk mempersiapkan rakyat dalam mempertahankan kemerdekaan;mempersiapkan rakyat dalam melucuti tentara Jepang;memperkuat pertahanan rakyat dengan senjata seadanya;meyakinkan rakyat bahwa pemimpinnya masih berwibawa;menunjukan kekuatan rakyat yang besar;A
12;Berikut ini yang tidak menyebabkan inflasi pada awal kemerdekaan adalah ...;tidak terkendalinya jumlah mata uang penduduk Jepang;dikuasai bank-bank oleh tentara Sekutu;diedarkannya uang cadangan untuk membiayai operasi-operasi Sekutu;sistem autarki lokal warisan Jepang;sistem autarki lokal warisan Jepang;D
12;Demi perkembangan demokrasi, BP-KNIP menganjurkan rakyat untuk mendirikan partai-partai politik sebagai pembuktian bahwa demokrasi rakyat dijamin eksistensinya oleh Pemerintah RI. Hal ini diusulkan dalam sidang BP-KNIP dan disetujui oleh presiden maka keluarlah ...;Dekrit Presiden 5 Juli 1959;Maklumat Presiden No. X Tahun 1945;Maklumat Wakil Presiden No. X Tanggal 16 Oktober 1945;Maklumat Pemerintah tanggal 3 November 1945;Maklumat Pemerintah tanggal 3 November 1945;D
12;Berikut ini yang tidak termasuk latar belakang penolakan Bung Karno dan Bung Hatta atas desakan para pemuda untuk memproklamasikan Kemerdekaan Indonesia secepatnya adalah ...;cita-cita bangsa Indonesia harus disesuaikan dengan cita-cita Pemerintah Jepang;meunggu dahulu pembahasan melalui sidang PPKI;Bung Karno dan Bung Hatta sudah mempunyai rencana lain setelah mendapat panggilan dari Jendral Terauchi;kekhawatiran terjadinya pertumpahan darah dengan bala tentara Jepang;kemerdekaan Indonesia perlu dipersiapkan secara matang;A
12;Sistem ekonomi Gerakan Benteng, yakni kebijakan yang dicetuskan oleh ...;Dr. Sumitro Djojohadikusumo;Mr. Iskaq Cokrohadisuryo;Syarifuddin Prawiranegara;Ali Satroamidjojo;Burhanudin Harahap;A
12;Kebijakan pemerintah dalam bidang ekonomi, yakni Rencana Produksi Lima Tahun oleh Menteri Urusan Bahan Makanan pada Kabinet Hatta yang disebut ...;Surachman Plan;Kasimo Plan;Sumitro Djojohadikusumo Plan;Iskaq Cokrohadisuryo Plan;Gerakan Benteng Plan;B
12;PRRI adalah pemberontakan yang berkobar di Sumatra Utara dipimpin oleh ...;Kolonel Simbolon;Letkol Barlian;Letkol Ahmad Husein;Letkol Vence Sumual;Kapten Andi Azis;A
12;Pasukan ekspedisi yang menumpas pemberontakan Andi Azis dipimpin oleh ...;Kolonel Soeharto;Kolonel Alex Kawilarang;Kolonel Slamet Riyadi;Kolonel Ahmad Husein;Kolonel Ahmad Yani;B
12;Pemberontakan Permesta mendapat dukungan dari ...;Kahar Mudzakar;Daniel Alexander Maukar;Raymond Westerling;Letkol Vence Sumual;Letkol Vence Sumual;D
12;Pada masa Demokrasi Terpimpin, PKI merupakan partai politik yang cukup disegani karena ...;menjadi partai pemegang pemilu 1955;menjadi partai politik yang radikal;menjadi partai politik yang paling didukung oleh rakyat;menjadi partai politik yang terdepan mendukungan kebijakan presiden;menjadi partai yang terkaya;D
12;Menteri Panglima Angkatan Darat yang menjadi korban penculikan dan pembunuhan G-30-S/PKI adalah ...;Letjen Ahmad Yani;Brigjen Katamso;Mayjen S. Parman;Mayjen M. T. Haryono;Brigjen D. I. Panjaitan;A
12;Operasi penumpasan G-30-S/PKI di Blitar dilakukan operasi Trisula, dipimpin oleh ...;Brigjen Suryo Sumpeno dan Kolonel Witarmin;Brigjen . Yusuf dan M. Yasin;Brigjen Suryo Sumpeno dan Mayjen M. Yasin;Mayjen M. Yasin dan Kolonel Witarmin;Kolonel Witarmin dan M. Yusuf;D
12;Faktor yang melatarbelakangi konfrontasi Indonesia dengan Malaysia pada masa Demokrasi Terpimpin adalah ...;Malaysia bersekutu dengan negara-negara Blok Barat;perluasan wilayah Sabah dan Serawak oleh Malaysia;keikutsertaan Malaysia dalam SEATO;Indonesia menentang pembentukan Federasi Malaysia;Malaysia dikuasai Inggris;D
12;Setelah dinasionalisasi, De Javasche Bank berubah menjadi ...;Bank Central;Bank Indonesia;Bank Internasional;Bank Tabungan Negara;Bank Rakyat Indonesia;B
12;Langkah utama pada tahap pengolah data kuantitatif dalam penelitian sosial adalah...;deskripsi dan menarik kesimpulan;klasifikasi dan menghitung frekuensi;menentukan mean, persen, dan modus;membuat tabel data dan menghitung angka statistik;membuat tabel data dan menghitung angka statistik;D
12;Penulisan/penyusunan laporan penelitian sosial bagi peserta didik berfungsi untuk...;mendapatkan data tentang kehidupan sosial;melatih mengembangkan ilmu pengetahuan;melatih mengomunikasikan hasil penelitian;mengajar teknik penulisan laporan penelitian;memberikan pengetahuan mengenai penelitian;c
12;"Judul penelitian: ""Tingkat pendidikan wali murid SMA Manggala tahun 2008"". Variabel yang menjadi objek penelitian dari judul tersebut adalah...";tingkat pendidikan;peserta didik SMU;wali murid;pendidikan menengah;pendidikan dasar;c
12;Suatu penelitian mempunyai populasi dalam jumlah besar dan terdiri dari beberapa jenis profesi/pekerjaan. Teknik pengambilan sampel yang sesuai adalah...;proporsional sampling;purposive sampling;stratified sampling;cluster sampling;areal sampling;c
12;Peserta lomba penelitian ilmiah remaja banyak mendapat data dari pengalaman langsung. Ia sengaja meneliti masyarakat sendiri. Teknik pengumpulan data yang digunakan peserta tersebut adalah...;angket;wawancara;observasi;dokumentasi;analisis media massa;c
12;Dalam pengumpulan data dengan teknik wawancara, supaya lancar seorang peneliti dapat menggunakan alat bantu...;alat pemotret;alat perekam;daftar responden;pedoman interview;pedoman observasi;b
12;Jika sampel penelitian diambil dari peserta didik kelas yang jauh lebih banyak maka penelitian tersebut menggunakan jenis sampel...;random;berstrata;wilayah;kelompok;proporsi;b
12;Petugas sensus penduduk mendatangi setiap rumah tangga dan menayakan tentang jumlah keluarga, mata pencharian, agama, pendidikan, dan sebagainya. Berdasarkan cara memperolehnya data tersebut tergolong jenis...;sekunder;primer;kualitatif;kuantitatif;eksternal;b
12;Untuk mendapatkan hasil yang dapat dipertanggungjawabkan, seorang peneliti menggunakan statsitik dalam menganalisa data. Penelitian tersebut memakai pendekatan...;normatif;kualitatif;kuantitatif;subjektif;objektif;c
12;Data yang diperoleh seorang peneliti secara langsung dari objek penelitian disebut...;data lisan;data tertulis;data pribadi;subjektif;objektif;d
12;Bentuk rumusan masalah agar memperoleh hasil yang diharapkan adalah...;perumusan masalah dalam bentuk pertanyaan;masalah yang diteliti tidak terlalu luas atau sempit;masalah harus jelas mengandung nilai kebenaran;rumusan permasalahan terdiri dari satu kalimat;perumusan harus menggambarkan gejala-gejala yang kompak;a
12;Ilmu yang membahas metode penelitian ilmiah dalam mencari, mengembangkan, dan menguji kebenaran suatu pengetahuan disebut...;ilmu penelitian;penelitian sosial;metode penelitian;metode penelitian;metode penelitian;D
12;Sebelum melaksanakan observasi seorang peneliti membuat daftar yang berisi catatan setiap faktor yang diteliti secara sistematis. Hal itu disebut...;daftar chek;skala penilaian;daftar sampel;catatan anekdot;skala bertingkat;c
12;Salah satu bagian terpenting dalam laporan bagian isi/inti yang terdiri dari...;pendahuluan, uraian, kesimpulan;pendahuluan, pengantar, penutup;permasalahan, pendahuluan, penutup;permasalahan, pemecahan masalah, penutup;kata pengantar, hasil penelitan, kesimpulan;d
12;Istilah asing untuk penelitian adalah...;science;technology;knowledge;research;inquiry;d
12;Departemen Pendidikan Nasional melalui Panitia Ujian Nasional mengumpulkan data peserta didik yang mengikuti UN 2017, berupa nama peserta didik, jenis kelamin, nomor induk, tangal lahir, dan jumlah peserta. Data tersebut merupakan jenis data...;kualitatif;kuantitatif;eksternal;primer;sekunder;a
12;Seorang peneliti ikut terlibat dalam kegiatan yang sedang diamati, dinamakan...;wawancara;observasi;observasi partisipasi;observasi simulasi;kuesioner;c
12;Jenis angket yang jawabannya telah tersedia adalah...;angket terbuka;angket semi terbuka;angket tertutup;angket semi tertutup;angket acak;c
12;Angket dan wawancara termasuk dalam...;instrumen pengumpul data;sumber data;ukuran data;dokumen;subjek penelitian;a
12;Perbedaan pedoman wawancara berstruktur denga pedoman wawancara tidak berstruktur terletak pada...;besar dan kecilnya biaya;luasnya area penelitian;lama dan singkatnya waktu berwawancara;batasan dan kebebasan menjawab;banyak dan sedikitnya jumlah pertanyaan;d
12;Alat bantu yang paling efektif dalam pengumpulan data melalui observasi adalah...;kamera;blangko wawancara;peta;instrumen pengamatan;alat rekam;d
12;Tahap pengorganisasian data dilakukan setelah...;tabulasi data;pembuatan instrumen;membuat tabel frekuensi;menyusun kerangka hipotesis;pemecahan masalah;a
12;Berikut yang dilakukan peneliti dalam kegiatan tabulasi adalah...;mengecek keterbacaan tulisan;mengecek kejelasan makna jawaban;mengecek kelengkapan identitas pengisi;merumuskan suatu kesimpulan;memberi skor terhadap item-item;b
12;Seorang penulis memperoleh data dari kegiatan mengunjungi perpustakaan dan museum. Teknik pengumpulan data yang dilakukannya adalah...;angket;wawancara;dokumentasi;observasi;analisis media massa;d
12;Jika unsur-unsur yang ada dalam masyarakat dapat saling menyesuaikan maka akan terwujud ...;konflik sosial;interaksi sosial;organisasi sosial;integrasi sosial;disorganisasi;d
12;Faktor yang memengaruhi terjadinya mobilitas sosial adalah ...;struktur dan individu;individu dan kelompok;struktur dan lembaga;kelompok dan struktur;kelompok dan individu;d
12;Perubahan sosial adalah perubahan pada lembaga sosial dalam masyarakat yang memengaruhi hal-hal di bawah ini, kecuali ...;sistem sosial;sistem nilai;sikap;agama;agama;D
12;Perubahan sosial dalam masyarakat biasanya diawali dengan ...;pengenalan unsur-unsur baru;interaksi sosial;konflik;integrasi;disintegrasi;a
12;Proses penyebaran unsur-unsur kebudayaan dari satu individu lain disebut ...;akulturasi;asimilasi;difusi;amalgamasi;akomodasi;c
12;Perkawinan campuran antara kebudayaan yang berbeda disebut ...;akulturasi;asimilasi;sosialisasi;amalgamasi;interaksi;d
12;Jika dalam suatu proses asimilasi tidak terjadi penyesuaian maka akan yang timbul adalah ...;interaksi sosial;kontak sosial;konflik sosial;sosialiasi;amalgamasi;c
12;Berikut ini adalah faktor-faktor penghambat asimilasi, kecuali ...;terisolirnya kehidupan kelompok;sikap toleransi yang rendah;in group feeling yang kuat;amalgamation;amalgamation;D
12;Jika suatu perubahan sosial menimbulkan konflik maka yang diperlukan adalah proses ...;akulturasi;asimilasi;difusi;akomodasi;akomodasi;D
12;Gerakan sosial dalam arti social movement merupakan suatu kegiatan kelas sosial tertentu dengan maksud kedudukan sosial yang mereka inginkan dengan cara yang diwarnai hal-hal berikut ini, kecuali ...;kekacauan;emosi;pengawasan;protes;unjuk rasa;c
12;Perubahan sosial yang harmonis dan serasi kemungkinan besar akan terjadi pada peristiwa berikut, yaitu ...;pembagian kerja yang terspesialisasi mengakibatkan tenaga kerja tanpa keterampilan bekerja di sektor formal;pendidikan yang tinggi mengubah anggota masyarakat ke arah pola hidup modern;mekanisasi pertanian mengakibatkan kelompok masyarakat pemilik tanah kaya, sedangkan buruh tani makin miskin;urbanisasi mengakibatkan angka pengangguran yang tinggi di kota-kota;kemajuan teknologi meningkatkan pendapat masyarakat, tetapi tidak menjamin pemerataan;b
12;Secara sosiologi, terjadinya kenakalan remaja disebabkan oleh faktor-faktor berikut ini, kecuali...;perasaan sense of value yang kurang ditanamkan oleh orang tua;timbulnya organisasi-organisasi nonformal yang berperilaku menyimpang;timbulnya usaha-usaha untuk mengubah keadaan yang disesuaikan dengan youth value;adanya pengaruh budaya luar yang menyimpang dari norma;semua jawaban salah;c
12;Berikut ini yang bukan merupakan contoh kenakalan remaja adalah ...;pemakaian obat terlarang;pornografi;seks bebas;perampokan;perampokan;D
12;Keadaan di mana kita dengan mudah dapat menerima segala informasi dari luar yang menyebabkan seseorang tidak mungkin mengisolasi diri akibat kemajuan ilmu dan teknologi disebut ...;globalisasi;urbanisasi;reboisasi;westernisasi;sosialisasi;a
12;Berikut unsur-unsur budaya positif yang masuk sebagai akibat dari globalisasi, kecuali ...;ilmu pengetahuan;cara berpikir yang kritis;cara berpikir yang sistematis dan rasional;budaya pergaulan bebas;budaya pergaulan bebas;D
12;Berikut ini gejala-gejala terjadinya disintegrasi sosial, kecuali ...;tindakan masyarakat yang tidak lagi sesuai dengan norma;sanksi yang dikenakan pada pelanggar norma tidak lagi konsekuen;terjadinya pertentangan antara norma-norma yang ada;terciptanya kehidupan yang serasi dan selaras;terciptanya kehidupan yang serasi dan selaras;D
12;Berikut ini merupakan ciri integrasi sosial adalah ...;sistem pertanian beralih ke industrialisasi;penerapan teknologi modern yang tidak sesuai dengan kebudayaan masyarakat;adanya usaha mengadopsi nilai-nilai baru;masyarakat meninggalkan nilai lama dan beralih ke nilai baru;masyarakat meninggalkan nilai lama dan beralih ke nilai baru;D
12;Di dalam proses perubahan sosial, disintegrasi dapat terjadi jika ...;masyarakat sulit menerima perubahan sosial yang terjadi;perubahan tidak memengaruhi kehidupan masyarakat;perubahan memengaruhi kehidupan masyarakat;semua unsur-unsur kebudayaan mengalami perubahan;unsur-unsur kebudayaan mengalami perubahan tidak mampu menyesuaikan;c
12;Pada arbitrase, untuk mencapai kompormi dengan cara ...;penyelesaian di pengadilan;penghentian pertikaian pada satu titik tertentu karena sama kuat;tanpa persetujuan formal;menghadirkan pihak ketiga untuk menyelesaikan masalah;paksaan;d
12;Di bawah ini adalah contoh konkret adanya perubahan kebudayaan yang tidak berpengaruh pada masyarakat setempat, kecuali ...;perubahan mode pakaian bagi masyarakat di perkotaan;perubahan seni tari tradisional ke modern;perubahan seni patung dari klasik ke modern;perubahan industrialisasi dalam masyarakat agraris;perubahan model potongan rambut yang menjamur pada anak-anak muda;d
12;Faktor yang dapat menghambat terjadinya perubahan sosial adalah ...;penduduk yang heterogen;sistem lapisan masyarakat yang terbuka;kontak dengan budaya lain;sikap masyarakat yang tradisional;ketidakpuasan masyarakat dalam bidang kehidupan tertentu;d
12;Perubahan pada salah satu unsur kebudayaan tanpa diikuti oleh perubahan unsur kebudayaan lain yang saling berkaitan dapat mengakibatkan disintegrasi. Pendapat ini termasuk teori ...;demonstration effect;anomie;cultural focus;cultural lag;perubahan negatif;d
12;Perubahan yang sedang dilaksanakan oleh bangsa Indonesia dalam mengkatkan kehidupan masyarakat adalah perubahan yang ...;menerima unsur kebudayaan asing;terarah dan terencana;menerima unsur budaya baru dan meninggalakan unsur budaya lama;berorientasi pada unsur budaya barat;semua jawaban benar;b
12;Perubahan yan mewujudkan kesinambungan masayrakat Indonesia akan dapat terlaksana jika ...;melaksanakan Pancasila dan UUD 1945 secara murni dan konsekuen;perubahan itu berlanadasa Pancasila dan UUD 1945;nilai-nilai luhur bangsa tetap dilestarikan;semua jawaban benar;semua jawaban benar;D
12;Dalam kehidupan sosial terdapat banyak unsur-unsur yang saling berbeda sehingga terjadilah suatu proses penyesuaian yang sesuai dengan fungsinya bagi masyarakat setempat. Proses penyesuaian ini disebut ...;stratifikasi sosial;interaksi sosial;isolasi sosial;integrasi sosial;norma-norma social;d
12;Perubahan sosial dapat terjadi karena ...;perubahan struktur, discovery, dan invention;perubahan seni dan budaya;perubahan pendukung kebudayaan;perubahan jumlah penduduk;perpindahan penduduk;a
12;Berikut ini syarat-syarat terjadinya revolusi, kecuali ...;ada keinginan masyarakat untuk berubahan;ada pemimpin;ada tujuan konkret;ada modal yang cukup;ada modal yang cukup;D
12;Perubahan yang berisfat progress adalah perubahan yang ...;terjadi hanya dalam bidang ilmu teknologi;membawa kemunduran bagi masyarakat yang bersangkutan;membawa keuntungan bagi kehidupan masyarakat;menuju pada perilaku kehidupan masyarakat Barat;tidak dikehendaki dan tidak direncanakan;c
12;Sikap pasrah terhadap nasib, kurang disiplin, tidak jujur, serta pemboros merupakan...;tanda-tanda kehancuran kesatuan keluarga;tanda-tanda disintegrasi bangsa;gejala-gejala terjadinya disintegrasi;faktor penghambat pembangunan;kritik terhadap laju pembangunan;d
12;Dua masyarakat atau lebih yang mempunyai kebudayaan yang berbeda, hidup bertetangga, selalu mengadakan kontak yang kontinu, tetapi masing-masing masyarakat tetap mempertahankan kepribadian kebudayaannya dan hidup berdampingan secara damai serta saling menguntungkan. Hal ini disebut dengan ...;simbiotik;asimilasi;akulturasi;penetration pacifique;penetration violente;a
12;Salah satu faktor ekternal yang menyebabkan perubahan sosial budaya adalah ...;perubahan struktur sosial;perubahan lingkungan alam;perubahan nilai dan sikap;bertambahnya penduduk;konflik dan revolusi;b
12;Salah satu contoh perubahan yang tidak dikehendaki oleh masyarakat adalah ...;Masuknya TV swasta dipedesaan menambah hiburan masyarakat.;Pemasangan listrik di pedesaan, meningkatkan home industri.;Munculnya pusat-pusat hiburan menambah kepercayaan diri.;Penggunaan traktor dalam mengolah tanah pertanian menurunkan nilai-nilai gotong royong.;Masuknya surat kabar dipedesaan meningkatkan pengetahuan masyarakat.;d
12;Kemampuan manusia untuk memahami rahasia-rahasia alam dan mengaplikasikan dalam berbagai kegiatan manusia merupakan pengertian dari ...;evolusi sosial budaya;revolusi sosial budaya;modernisasi;westernisasi;akomodasi;a
12;Fungsi keluarga yang berkaitan dengan fungsi sosialisasi adalah ...;mendapatkan keturunan untuk kelanjutan identitas keluarga;kewajiban orang tua untuk memenuhi kebutuhan;melakukan kontrol agar tidak terjadi hal-hal yang tidak diinginkan;membentuk kepribadian anak agar sesuai dengan harapan orang tua;memberikan perlindungan bagi setiap anggota keluarga;d
12;Perubahan struktur adalah ...;perubahan mendasar yang menyebabkan timbulnya reorganisasi dalam masyarakat;perubahan mendasar yang menyebabkan kehancuran masyarakat;perubahan pada proses pertumbuhan masyarakat;perubahan pada anggaran dasar sebuah negara;perubahan pada undang-undang dasar sebuah masyarakat atau Negara;a
12;Apabila unsur yang baru dapat menyesuaikan dengan unsur yang lama maka keadaan ini disebut dengan ...;integrasi kebudayaan;inkulturisasi;asimilasi;adjustment;maladjustment;a
12;Pengertian agent of change adalah ...;seseorang yang menjadi agen kebijakan;masyarakat yang berubah;anggota masyarakat yang dipercaya untuk memimpin perubahan;anggota masyarakat yang merubah anggota masyarakat lainnya;perubahan yang terjadi pada agen-agen;c
12;Perubahan budaya yang berlangsung secara cepat dan besar pengaruhnya dinamakan ...;progress;regress;revolusi;intended;evolusi;c
12;Perubahan yang bersifat regress adalah perubahan yang ...;membawa kemunduran bagi masyarakat yang bersangkutan;menuju pada perilaku kehidupan masyarakat Barat;membawa keuntungan terhadap kehidupan masyarakat;dikehendaki dan direncanakan;terjadi hanya pada bidang ilmu dan teknologi;a
12;Adanya ketidaksesuaian di antara unsur-unsur kebudayaan yang saling berbeda sehingga tercapai keadaan yang tidak serasi fungsinya bagi kehidupan, merupakan pengertian dari ...;perubahan sosial;perubahan kebudayaan;disorganisasi sosial budaya;integrasi kebudayaan;revolusi sosial budaya;c
12;Pengertian dasar dari aksi protes adalah gerakan atau tindakan yang dilakukan bersama-sama untuk menyampaikan pernyataan tidak setuju dengan sebuah kebijakan dengan cara ...;persuasif dan damai;mengecam secara pedas;mengalihkan situasi politik;mengajak kepada kebenaran;berontak dengan perusakan;a
12;Salah satu faktor yang berasal dari luar yang menyebabkan perubahan sosial budaya adalah ...;konflik dan revolusi sosial;perubahan jumlah penduduk;perubahan lingkungan alam (bencana);perubahan status dan struktur sosial masyarakat;pergeseran nilai dan norma yang berlaku di masyarakat;c
12;Pola pembangunana yang berlaku di Indonesia dilaksanakan secara bertahap. Hal ini menggambarkan bahwa pembangunan tersebut merupakan suatu proses perubahan ...;planned of change;agent of change;intended of change;unintended change;social change;a
12;Dalam sebuah proses perubahan sosial ada golongan orang-orang tertentu yang menghalangi terjadinya perubahan karena mempunyai kepentingan tertentu, yaitu ...;apatis;dinamis;reformis;status quo;key people;d
12;Berikut ini yang bukan termasuk faktor yang menghalangi terjadinya perubahan sosial adalah ...;perkembangan ilmu pengetahuan dan teknologi yang lambat;vested interest;sikap fatalisme;kondisi masyarakat yang heterogen;perasaan primordialisme yang sempit;d
12;Sistem perangsang yang besar atas suatu penemuan akan mendorong timbulnya ...;asimilasi;inovasi;akulturasi;discovery;difusi;d
12;Perbuatan-perbuatan di bawah ini merupakan pelanggaran terhadap usage, kecuali ...;mencuri;berbicara pada saat makan;menyela percakapan orang lain;memakai rok mini bagi wanita;makan dengan mengeluarkan suara;a
12;Sebagai anak dari keluarga yang baik, Dony taat dalam menjalankan agama dan dikenal baik dalam bertingkah laku. Faktor yang memengaruhi kepribadian atau perilaku Dony adalah ...;lingkungan;warisan biologis;lingkungan sosial;struktur sosial;tradisi masyarakat;c
12;Untuk menciptakan suatu kehidupan masyarakat yang harmonis, tertib, dan aman diperlukan suatu perangkat pendukung agar hal tersebut dapat terwujud, yaitu ...;adat istiadat;nilai-nilai sosial;nilai-nilai tradisional;norma social;norma social;D
12;Peranan sosialisasi primer bagi individu dalam lingkungan keluarga adalah ...;penanam nilai dan norma umum;pewarisan budaya nenek moyang;pengenalan diri sendiri dan lingkungan;memantapkan kepribadian anak;memantapkan kepribadian anak;D
12;Jika norma-norma sosial sudah menjiwai dan mendarah daging dalam diri setiap anggota masyarakat maka proses pelembagaan norma ini sudah mencapai tahap ...;asimilasi;enkulturasi;akulturasi;internalisasi;kulturasi;b
12;Proses disintegrasi berlangsung dalam waktu yang lama jika ...;tidak ada orang yang menjadi mediator;terjadi peristiwa koersion atau penduduk;sudah terjadi pertentangan fisik dan senjata;pihak yang bertentangan mempunyai kekuatan seimbang;pihak yang bertentangan mempunyai kekuatan seimbang;D
12;Berikut ini merupakan sebab-sebab terjadinya perubahan yang bersumber dari masyarakat, kecuali...;terjadinya peperangan;bertambah atau berkurangnya jumlah penduduk;penemuan-penemuan baru;pertentangan atau konflik dalam masyarakat;terjadi revolusi dalam masyarakat itu sendiri;a
12;Salah satu faktor internal yang menyebabkan terjadinya perubahan sosial budaya adalah ...;kebudayaan masyarakat lain;peperangan;penemuan-penemuan baru;lingkungan alam;lingkungan fisik di sekitar;c
12;Perubahan yang sudah direncanakan terlebih dahulu oleh pihak-pihak yang hendak mengadakan perubahan di dalam masyarakat disebut ...;intended of change;agent of change;role of change;planned of change;planned of change;D
12;Penemuan ide atau alat baru yang sebelumnya belum pernah ada dinamakan ...;discovery;invention;seleksi;inovasi;tradisi;d
12;Timbulnya gejala-gejala kehidupan sosial yang tidak normal, seperti munculnya problema-problema sosial, merupakan akibat dari adanya ...;disintegrasi sosial;organisasi sosial;disorganisasi sosial;integrasi sosial;diskualifikasi social;a
12;Perubahan sosial di kota lebih cepat dibandingkan di desa karena di kota ...;penduduk homogen;mobilitas sosial kecil;apatis;cepat menerima pengaruh luar;keyakinan agamanya berlainan;d
12;Pranata sosial adalah himpunan norma dari segala tingkatan yang berkisar pada suatu kebutuhan pokok dalam kehidupan bermasyarakat. Pendapat ini dikemukakan oleh ...;Soerjono Soekanto;Selo Soemardjan dan Soelaeman Soemardi;W. G. Summer;Robert Mac Iver dan C. H. Page;Loepold von Wiese dan Howard Backer;a
12;Pada awalnya norma terbentuk secara tidak sengaja, namun lama-kelamaan norma-norma tersebut dibuat secara bersama-sama untuk tujuan tertentu. Berikut ini adalah beberapa macam norma yang tumbuh dalam masyarakat, kecuali ...;norma cara (usage);norma kebiasaan (folkways);norma tata kelakuan (mores);norma tindakan (action);norma tindakan (action);D
12;Norma tata kelakuan sangat penting dalam masyarakat hal-hal berikut ini, kecuali ...;tata kelakuan memberikan batas-batas pada kelakuan individu;tata kelakuan mengidentifikasikan individu dengan kelompoknya;tata kelakuan menjaga solidaritas antaranggota masyarakat;tata kelakuan mempunyai sanksi yang paling berat dan mengikat;tata kelakuan mempunyai sanksi yang paling berat dan mengikat;D
12;Keluarga merupakan salah satu media sosialisasi yang penting karena keluarga ...;menjamin kesehatan anak;memenuhi kebutuhan fisik anak;menjamin perlindungan terhadap anak;perantara pertama pengenalan nilai dan norma terhadap anak;memberikan rasa aman bagi anggotanya;d
12;Fungsi pengendalian sosial dalam kehidupan bermasyarakat adalah mencegah untuk mencegah ...;penyimpangan dan mengarahkan anggota masyarakat;perselisihan dan persaingan para anggota masyarakat;timbul kesalahpahaman di antara warga masyarakat;kemaksiatan dan persaingan dalam mendapatkan kekayaan;terjadinya benturan kepentingan di antara warga masyarakat;a
12;Berikut ini ciri-ciri sebuah lembaga sosial, kecuali ...;adanya tingkat kekekalan tertentu;mempunyai satu atau beberapa tujuan;mempunyai alat perlengkapan yang digunakan untuk mencapai tujuan lembaga yang bersangkutan;mempunyai pemimpin dan aparatur;mempunyai pemimpin dan aparatur;D
12;Pengendalian sosial dilaksanakan karena ...;pesatnya kemajuan ilmu pengetahuan;ketegangan dalam proses sosial;heterogenitas warga masyarakat;masuknya pengaruh budaya barat;homogenitas warga masyarakat;b
12;Tujuan pemberian hukuman bagi pelanggaran nilai dan norma adalah ...;menjadikan sanksi agar mempunyai makna dalam masyarakat;mengembalikan penyimpangan sosial menjadi normal;menunjukkan betapa ketatnya sebuah nilai dan norma;melanggengkan suatu sistem pengendalian sosial;menyelenggarakan aturan-aturan khusus dari norma social;b
12;Menurut Soerjono Soekanto, himpunan manusia baru dapat disebut sebagai kelompok sosial apabila memenuhi persyaratan sebagai berikut, kecuali ...;setiap anggota sadar bahwa dia merupakan bagian dari kelompok;pemimpin kelompok dipegang secara turun-menurun;ada hubungan timbal balik antara anggota yang satu dengan anggota lainnya;adanya faktor yang dimiliki bersama, seperti nasib, kepentingan, tujuan, dan ideologi politik;memiliki struktur, aturan-aturan, dan pola perilaku;b
12;Lembaga sosial yang sengaja dibentuk untuk memenuhi tujuan tertentu, misalnya lembaga keuangan, lembaga pendidikan, dan lembaga perdagangan disebut ... Intitutions.;enacted;crescive;subsidiary;general;operative;a
12;Suatu keluarga yang terdiri atas beberapa keluarga inti yang dipimpin oleh seorang kepala keluarga disebut ...;keluarga inti;keluarga batih;polygamous;keluarga meluas;keluarga besar;c
12;Berikut ini beberapa fungsi keluarga, kecuali ...;menentukan dasar-dasar sosialisasi;tempat terselenggaranya pendidikan formal;merupakan wadah pendidikan informal, baik umum maupun agama;tempat terselenggaranya trasmisi kebudayaan dari generasi ke generasi;tempat rekreasi, kehangatan, dan control;b
12;Pola menetap sesudah pernikahan di mana pasangan pengantin mempunyai kebiasaan bertempat tinggal dalam kelompok termasuk dengan orang tua kedua belah pihak pasangan suami istri dinamakan...;komonlokal;utrolokal;bilokal;natalokal;avunkulokal;a
12;Sebuah susunan keluarga yang menarik garis keturunan hanya dari pihak ayah atau pihak laki-laki dinamakan ...;matrilineal;ambilineal;patrilineal;bilineal;bilateral;c
12;Untuk mengatur hubungan manusia dengan Tuhannya, manusia membuat norma-norma yang diyakini sebagai wahyu dari Tuhan. Hubungan ini diatur dalam sebuah pranata, yaitu pranata ...;politik;pendidikan;ekonomi;agama;agama;D
12;Berikut ini adalah fungsi lembaga pemerintahan sebagai pranata politik, kecuali ...;pelembagaan norma melalui undang-undang yang disampaikan oleh lembaga legislatif;melaksanakan undang-undang yang telah disetujui;membuat norma-norma baru yang akan diterapkan ke masyarakat;menyelesaikan konflik yang terjadi di antara para anggota masyarakat;melindungi warga negara dari serangan bangsa-bangsa lain;c
12;Suatu analisis dilakukan untuk meneliti sejarah dan perkembangan suatu lembaga sosial tertentu. Misalnya, diselidiki asal mula serta perkembangan lembaga ekonomi, lembaga agama, dan sistem kekerabatan. Analisis ini dinamakan ...;analisis secara historis;analisis kelembagaan;analisis masa lalu;analisis sistem kekerabatan;analisis pranata social;a
12;Suatu kegiatan untuk menyalurkan barang dan jasa dari produsen kepada konsumen dalam sebuah pranata ekonomi dinamakan ...;konsumsi;produksi;distribusi;rehabilitasi;penjualan;c
12;Berikut ini beberapa fungsi lembaga keagamaan, kecuali ...;bantuan terhadap pencarian identitas moral;memberikan penafsiran-penafsiran untuk membantu menjelaskan keadaan lingkungan fisik dan sosial seseorang;membantu meningkatkan kadar keramahan bergaul;membantu menaikkan lapisan sosial dalam kelompok;membantu menaikkan lapisan sosial dalam kelompok;D
12;Perkawinan yang terjadi antara anak-anak dari ayah mereka bersaudara kandung atau ibu-ibu mereka bersaudara kandung disebut perkawinan ...;cross causin;parallel causin;connubium simetris;connubium asimetris;heterogami;b
12;Keluarga merupakan lembaga yang mempunyai fungsi untuk mempertahankan kelangsungan hidup manusia, yaitu salah satu fungsi keluarga untuk fungsi ...;ekonomi;reproduksi;afeksi;perlindungan;pengawasan;b
12;Respon masyarakat Indonesia terhadap globalisasi cenderung ...;banyak yang menerima positifnya;banyak yang menerima negatifnya;banyak yang mengadakan seleksi;menerima secara utuh;menolak secara keseluruhan;d
12;Penyimpangan terhadap norma ini tidak akan mengakibatkan hukuman yang berat, tetapi hanya sekedar cemoohan dari individu yang lain. Norma tersebut adalah ...;norma hukum;norma agama;norma kesusilaan;norma cara;norma kesopanan;d
12;Suatu proses, baik yang direncanakan maupun tidak direncanakan yang bertujuan untuk mengajak, membimbing, atau bahkan memaksa warga masyarakat agar mematuhi nilai dan norma yang berlaku dalam masyarakat merupakan pengertian dari ...;stratifikasi sosial;pengendalian sosial;pranata sosial;mobilitas sosial;realitas social;b
12;Bentuk pengendalian sosial yang dilakukan sebelum terjadinya pelanggaran yang bertujuan untuk mencegahnya, dinamakan pengendalian sosial secara ...;regulatif;spekulatif;preventif;subsidiary;negatif;c
12;Lembaga sosial yang dianggap kurang penting, misalnya kegiatan sosial, rekreasi, dan sebagainya dinamakan tipe lembaga sosial ...;crescive institutions;basic institutions;unsanctioned institutions;subsidiary institutions;subsidiary institutions;D
12;Fungsi lembaga sosial yang disadari dan menjadi harapan semua orang, misalnya lembaga keluarga, lembaga keluarga, lembaga ekonomi, lembaga kemasyarakatan, dan sebagainya dinamakan ...;fungsi laten;fungsi manifest;kesesuaian;fungsi regulatif;fungsi deskriptif;b
12;Kelompok yang mempunyai hubungan darah atau hubungan perkawinan yang terdiri atas ayah, ibu, dan anak dinamakan ...;keluarga inti;keluarga kerabat sedarah;keluarga luar;keluarga polygamous;keluarga besar;a
12;Bentuk perkawinan yang tidak memperbolehkan terjadinya perkawinan dengan lapisan sosial yang berbeda dinamakan perkawinan ...;endogami;eksogami;homogami;heterogen;monogami;c
12;Pasangan pengantin bebas menentukan tempat tinggal setelah menikah, disebut ...;komonlokal;utrolokal;neolokal;avunkulokal;natalokal;b
12;Seperangkat norma dan status yang mengkhususkan diri pada pelaksanakan kekuasaan dan wewenang adalah fungsi dari ...;pranata politik;pranata agama;pranata pendidikan;pranata sosial;pranata ekonomi;a
12;Perkawinan antara dua klan dan saling tukar menukar jodoh dinamakan ...;connubium symetris;homogami;heterogami;eleutherogami;eksogami;a
12;Lembaga sosial yang berkaitan dengan simbol memiliki kegunaan untuk ...;mengatur segala bentuk aktivitas manusia;mencapai suatu tujuan yang telah ditentukan;memberikan identitas bagi anggota masyarakat;memberi acuan kepada masyarakat dalam berinteraksi;melindungi setiap anggota masyarakat;c
12;Kegiatan pemakaian terhadap sejumlah barang dan jasa disebut ...;produksi;distribusi;konsumsi;kegiatan ekonomi;kegiatan reproduksi;c
12;Perwujudan dari lembaga yang sifatnya lebih konkret dinamakan ...;asosiasi;institusi;wadah;laboratorium;hukum;b
12;Istilah lain untuk lembaga sosial adalah ...;social institution;social engineering;social contact;social revolution;social movement;a
12;Analisis yang mengkaji hubungan antara lembaga-lembaga yang ada dalam suatu masyarakat tertentu dinamakan ...;kesesuaian;kesetaraan;komparatif;fungsional;secara historis;d
12;Fungsi manifet dalam lemabaga sosial adalah ...;yang tidak disadari oleh masyarakat;yang sewaktu-waktu akan muncul kembali;yang sifatnya temporer;yang disadari oleh banyak orang di masyarakat;yang menjadi tujuan utama;d
12;Untuk membuka dokumen yang baru menggunakan...;menu file;menu edit;menu view;menu layout;menu text;a
12;Pembatas pada area gambar yang kan dibuat pada CorelDraw disebut...;docker;page flipper;page border;page tab;drawing window;a
12;Sekumpulan peralatan yang digunakan untuk mendesain gambar atau objek, termasuk editing objek, dan pengaturan tampilan objek, disebut...;toolbar;fill tool;interactive fill tool;toolbox;file;a
12;Berikut ikon yang terdapat pada menu toolbar, kecuali...;New;Redo;Open;Picktool;Save;d
12;Ikon yang memiliki fungsi sama dengan mengklik menu edit lalu klik paste, disebut...;Save;Paste;Undo;Redo;Copy;b
12;Suatu jendela yang berisi pengaturan dari suatu perintah, disebut...;Ruler;Drawing Page;New Document;Docker;Docker;D
12;Program grafis berorientasi pada pengolahan gambar digital, misalnya foto, disebut...;CorelDraw;Paint;Adobe Photoshop;Inkscape;Powerpoint;d
12;Berikut merupakan kotak dialog new yang harus diisi pada aplikasi Adobe Photoshop adalah...;Preset Size;Toolbox;Marquee Tool;Menu Bar;Mode Bitmap;a
12;Salah satu bagian yang terpenting dalam Photoshop yang sangat membantu dalam pengolahan gambar adalah...;Layer;Save as;Screen Mode;Channel;History;a
12;Program aplikasi desain grafis untuk membuka dan mengolah gambar vector adalah...;CorelDraw;Ms. Word;Adobe Photoshop;Inkscape;Ms. Excel;a
12;Berikut merupakan prinsip dasar dari sebuah desain grafis, kecuali...;keseimbangan;ritme;tekanan;instuisi;instuisi;D
12;Ciri utama dari grafis berbasis vektor adalah...;tidak resolutin dependent;resolution dependent;bertumpu pada pixel;bertumpu pada dot;pecah jika diperbesar;b
12;Roughen Brush berfungsi untuk;mengedit objek;menghapus objek;memotong objek;mencacah objek;menyimpangkan objek;a
12;Perintah yang dapat dilkaukan untuk membuat salinan objek agar posisi penempatannya tepat secara mateamtis adalah...;Arrange -> Transformation -> Position;Arrange -> Transformation -> Convert to Curve;Arrange -> Transformation -> Save as;Arrange -> Transformation -> Skew;Arrange -> Transformation -> Save;a
12;Untuk memberikan warna pada objek dapat dilakukan dengan cepat yaitu...;pada color Pallets klik kanan untuk garis luar objek dan klik kiri untuk untuk isi objek;pada color palette klik kanan untuk isi objek dan klik kiri untuk garis luar objek;pada toolbox aktifkan flyout fill tool;pada toolbox aktifkan flyout pattern fill;pada toolbox aktifkan flyout crop tool;a
12;Cyan, Magenta, Yellow, Black adalah warna dari...;CMYK;Grayscale;Black and White;Alpha Channel;RGB;a
12;Cara memunculkan garis grid pada tampilan layar kerja CorelDraw adalah...;Menu File -> Grid;Menu View -> Grid;Menu Text -> Fit Text to Path;Menu Arrange -> Convert to Curve;Menu File -> Line -> Grid;b
12;Gambar yang tersusun dari koordinat-koordinat disebut...;grafis;objek;bitmap;vektor;shape;a
12;Berikut yang bukan merupakan program yang digunakan dalam berbagai macam desain grafis...;CorelDraw;PowerPoint;Adobe Photoshop;Inkspace;Paint;b
12;Kelompok ikon yang lebih kecil yang muncul bila pada sisi pojok kanan bawah sebuah ikon di klik disebut...;flyout;semikon;subikon;bezier;spiral;a
12;Diantara nama ikon-ikon berikut ini yang merupakan flyout dari Shape Tool, kecuali...;Knife;Bezier tool;smudge tool;roughen Brush;eraser;b
12;Tampilan disebelah kanan pada CorelDraw disebut...;taskpane;docker;shaping;tools menu;menu edit;a
12;Aplikasi untuk membuat file grafis berbasis bitmap adalah...;Adobe Photoshop;CorelDraw;Adobe Ilustrator;Macromedia Freehand;Micrografx Designer;a
12;Tombol pada toolbox CorelDraw yang digunakan untuk membuat garis lurus atau kurva adalah...;Freehand tool;Artistic Media tool;Interactive Connector tool;rectangle tool;dimension tool;a
12;Berikut ini adalah kelebihan dari CorelDraw, yaitu...;Dapat digunakan untuk membuat animasi;Mampu membuat surat perkantoran;Mampu mengolah gambar-gambar bitmap dengan maksimal;Fasilitas penulisan teks dan desain yang rumit;Mengolah foto, gambar hasil scan yang bagus;d
12;Flyout merupakan bagian dari...;toolbox;toolbar;menu bar;titile bar;text;c
12;Tool yang digunakan untuk memotong area objek adalah...;step and repeat;smart fill;effect bevel;cropping;cropping;D
12;Berikut ini adalah submenu yang terdapat pada layout, kecuali...;insert page;delete page;go to page;transform;transform;D
12;Fungsi ruler adalah...;membantu meletakkan objek gambar pada suatu lokasi dengan akurasi yang tinggi;menambah lembar kerja;memilih objek gambar;menghapus objek gambar;memutar objek dengan akurasi yang tinggi;a
12;Berikut ini merupakan ekstensi file grafis berbasis bitmap, kecuali...;.bmp;.jpg;.gif;.ppt;.pic;d
12;Seseorang yang ahli dalam bidang desain disebut...;actor;desainer;ikon;legenda;desainator;b
12;Dibawah ini software pengolah gambar vektor/digital illustrator adalah...;CorelDraw;Photoshop;Paintbrush;Adobe After Effect;Adobe Flash;a
12;Di bawah ini software pengolah gambar raster/digital imaging adalah...;CorelDraw;Paintbrush;Adobe Photoshop;Adobe After Effect;Adobe Flash;c
12;Element gambar seperti image, bentuk, garis, teks, kurva, symbol, atau layer adalah...;object;gambar;grafik vektor;bitmap;palette;a
12;Image yang terbentuk dari rajutan atau sebarang sejumlah pixel atau titik adalah...;object;gambar;grafik vektor;bitmap;palette;d
12;Jenis teks yang dapat diberi efek khusus, misalnya efek emboss, lens, extrude pada CorelDraw adalah...;artistic text;paragraph text;grafik text;bitmap vektor;Extrude text;a
12;Image yang dibentuk berdasarkan deskripsi matematis yang menentukan posisi, panjang dan arah dari garis yang digambarkan adalah...;object;gambar;grafik vektor;grafik raster;bitmap;c
12;Jenis teks yang dapat diberi opsi format dan dapat diedit dalam blok yang besar pada CorelDRAW adalah...;artistic text;paragraph text;grafik text;bitmap vektor;bitmap;b
12;Salah satu representasi gambar di dalam komputer adalah...;object;image;bitmap;vektor;raster;d
12;Gambar yang dipresentasikan dengan kurva dan garis yang didefinisikan dalam persamaan matematis disebut ...;raster;vektor;bitmap;objek;creation;b
12;Salah satu software berbasis vektor dalam kategori program image creation untuk proses cetak adalah...;Adobe Illustrator;Adobe Dreamweaver;CorelView;Adobe Firework;Adobe Flash;a
12;Software berbasis vektor dalam kategori program image creation untuk web adalah..;Adobe Illustrator;Adobe Freehand;CorelDRAW;Macromedia firework;Adobe Flasher;d
12;Software berbasis vektor dalam kategori program animation creation untuk web adalah...;Adobe Illustrator;Adobe Freehand;CorelDRAW;Adobe Flash;Adobe Flash;D
12;Software berbasis vektor dalam kategori program modeling adalah..;AutoCAD;Microstation;3D Studio (MAX dan Viz);Maza;Formze;c
12;Untuk keluar dari program aplikasi CorelDRAW dapat menggunakan shortcut...;Alt + F1;Alt + F2;Alt + F3;Alt + F4;Alt + F5;d
12;Untuk dapat menghapus seluruh warna yang sama pada Adobe Photoshop maka Anda dapat menggunakan tool...;Background erase tool;Erase tool;Magic Erase tool;Color Erase tool;The same erase tool;c
12;Segala kegiatan yang terkait dengan pemrosesan, manipulasi, pengelolaan transfer informasi antar media disebut...;teknologi informasi;teknologi komunikasi;teknologi informasi dan komunikasi;system komunikasi;system informasi;C
12;Urutan proses siklus informasi dalam sebuah perangkat adalah...;proses - output - input;proses - input - output;output - proses - input;output - input - proses;input - proses - output;B
12;Beberapa aplikasi yang terdapat dalam operating system diantaranya...;paint, calculator, notepad;bahasa pemrograman;program utility;program aplikasi;program paket;A
12;Adobe photoshop, Adobe PageMaker, Ventura, CorelDraw dan GIMP adalah kelompok perangkat lunak yang dirancang khusus untuk kebutuhan...;Word processing;Spreadsheet;Database;Dekstop publishing;Multimedia;D
12;Komponen Komputer yang berfungsi untuk melakukan suatu proses data yang berbentuk angka dan logika seperti matematika dan statistika adalah...;CPU;CU;ALU;ROM;Register;C
12;Kecepatan transfer data pada jaringan nirkabel adalah...;0,23 Mbps;1 s.d. 2 Mbps;10 Mbps;4 s.d. 16 Mbps;100 Mbps;B
12;Perangkat komputer yang bekerja menggunakan sinyal digital yang diterjemahkan menjadi sinyal analog dan sebaliknya menerjemahkan sinyal analog menjadi sinyal digital adalah...;Router;Modem;Bridge;Repeater;HUB;B
12;Teknologi jaringan internet yang menggunakan teknologi satelit adalah...;PDA;ADSL;CDMA;VSAT;ATM;D
12;Dibawah ini adalah UU Hak Cipta yang pernah diberlakukan di Indonesia, kecuali...;UU Nomor 6 Tahun 1982;UU Nomor 7 Tahun 1987;UU Nomor 9 Tahun 1992;UU Nomor 12 Tahun 1997;UU Nomor 19 Tahun 2002;C
12;Pertanyaan berikut merupakan dampak dari pelanggaran hak cipta, kecuali...;Programer enggan berkarya;Merugikan programmer secara finansial;Merugikan negara dalam penerimaan pajak;Menimbulkan pandangan, bahwa pembajakan merupakan hal biasa dan melanggar hukum.;Menimbulkan pandangan, bahwa pembajakan merupakan hal biasa dan melanggar hukum.;D
12;Sanksi atas pelanggaran hak cipta yang berkaitan dengan pasal 72 UU Hak Cipta No. 19 tahun 2002 adalah dipidana penjara atau denda paling banyak;Rp. 1.000.000.000,00;Rp. 2.000.000.000,00;Rp. 3.000.000.000,00;Rp. 5.000.000.000,00;Rp. 5.000.000.000,00;D
12;Tindakan-tindakan yang dikategorikan tidak melanggar hak cipta dalam bidang teknologi informasi dan komunikasi adalah...;Menduplikasi tanpa seizin sang pemilik;Memodifikasi sesuai keinginan;Menggunakan software yang asli;Menggunakan untuk tindak kejahatan;Menduplikasi untuk tujuan komersil;C
12;Nyeri otot timbul karena bekerja tidak memperhatikan prinsip K3 dalam penggunaan Teknologi Informasi dan Komunikasi diantaranya dalam menggunakan...;Meja;Kursi;Monitor;gabungan dari a,b,c dan d;gabungan dari a,b,c dan d;D
12;Posisi yang baik antara lengan dan tangan ketika jari diletakkan pada keyboard membentuk sudut...;Kurang dari 60 derajat;Kurang dari 90 derajat;90 derajat;Lebih dari 90 derajat;150 derajat;D
12;Posisi kaki ketika menggunakan computer yang benar adalah...;bebas;menggantung;dilipat di atas kursi;menapak pada lantai;lurus di bawah meja;D
12;Negara yang pertama kali menggunakan HAKI adalah...;Amerika Serikat;Inggris;Perancis;Itali;Itali;D
12;Perangkat computer yang termasuk dalam peripheral adalah...;Harddisk;Flashdisk;Monitor;RAM;ROM;C
12;Sebuah antarmuka grafik di sebuah data yang digambarkan oleh gambar kecil yang menggambarkan program komputer ataupun berkas komputer dalam pengelola berkas sebuah system operasi, yang bisa dijalankan fungsinya oleh pengguna dalam program itu dengan mengklik, dinamakan...;Toolbar;Menu;Ribbon;Ikon;Toolbox;D
12;Gambar yang terdapat pada salah satu kelompok ribbon page layout, yang tidak termasuk dalam fungsi gambar tersebut adalah...;membuat tulisan remang-remang dibelakang teks;untuk memberikan pesan tertentu di halaman latar;untuk membuat dokumen sebagai contoh dari dokumen aslinya;untuk membuat banner satu halaman penuh;untuk membuat banner satu halaman penuh;D
12;Bila anda sedang bekerja dengan Microsoft Word toolbar ribbon tersembunyi, maka perintah untuk menampilkan ribbon kembali adalah...;pilih salah satu menu - klikkanan - customize the ribbon;pilih salah satu menu - klikkanan - minimize the ribbon;pilih salah satu menu - klikkanan - maximize the ribbon;pilih salah satu menu - klikkanan - show the ribbon;pilih salah satu menu - klikkanan - view the ribbon;B
12;Langkah untuk membuat dokumen baru pada perangkat lunak pengolah kata adalah...;home - new - blankdocumen - create;edit - new - blanckdoumen - create;file - new - blanckdoumen - create;tools - new - blanckdoumen - create;add ins - new - blanckdoumen - create;C
12;Sub menu pada menu Format yang dipilih untuk mengatur jarak antar baris kalimat (spasi) dalam naskah yaitu...;open;save;page setup;paragraph;paragraph;D
12;Langkah awal dalam pengaturan nomor halaman yang berbeda adalah...;home - page number - bottom page - design - difference number;insert - page number - bottom page - design - difference number;page layout - page number - bottom page - design - difference number;references - page number - bottom page - design - difference number;view - page number - bottom page - design - difference number;B
12;Langkah awal untuk membuat surat dengan isi dan format yang sama (mail merge) adalah...;mailings - start mail merge;mailings - select recepient;mailings - insert merge field;mailings - adress block;mailings - edit individual document;A
12;Berikut ini beberapa perangkat minimal yang digunakan agar kita dapat terkoneksi diri ke internet adalah...;komputer, modem, dan ISP;komputer, modem dan jaringan telepon;modem, jaringan telepon dan ISP;jaringan telepon, ISP dan software;komputer, modem, jaringan telepon dan software;A
12;Perangkat lunak aplikasi yang memungkinkan pengguna menayangkan dan berinteraksi dengan tulisan, gambar, video, music dan berbagai informasi lainnya yang terdapat pada halaman web di sebuah situs di Internet atau di jaringan local, adalah...;web browser;search engine;word wide web;mirc;URL;A
12;Fasilitas untuk menjawab e-mail dengan alamat tujuan otomatis ada dan isi e-mail dapat kita ikut sertakan kembali adalah...;compose;trash;backward;reply;forward;D
12;Merupakan kumpulan perintah yang sudah dikelompokkan menjadi satu berdasarkan fungsinya masing-masing adalah...;toolbar;grup;quick access;menu;menu;D
12;Untuk format angka dengan menggunakan opsi jumlah angka desimal, separator, symbol mata uang dan format bilangan negative menggunakan...;general;number;currency;accounting;decimal;A
12;Grafik computer selalu berkaitan dengan . . . .;Movie;Audio;Video;Gambar;Animasi;D
12;Untuk ukuran dan kualitas yang sama, di antara format-format file berikut ini memiliki ukuran file paling kecil adalah. . . .;Bmp;Jpg;Psd;Tif;Tiff;B
12;Tipe/format berikut yang biasanya merupakan grafik vector adalah. . . .;*.doc;*.crt;*.eps;*.xp;*.jpg;C
12;Pembuatan buku pada industry percetakan biasanya menggunakan perangkat lunak yang mampu mengatur layout teks dan gambar. Program aplikasi semacam itu dikenal dengan istilah program aplikasi. . . .;Layouting;Deskjet;Imaging;Desktop publishing;Desktop combining;D
12;Berikut ini adalah format-format file yang mampu ditangani oleh CorelDRAW, kecuali. . . .;Psd;Jpg;Pdf;Wmv;Bmp;D
12;File-file grafik vector dapat diperoleh dari sumber berikut, kecuali. . . .;Aplikasi adobe FreeHand;Aplikasi CorelDRAW;Aplikasi Swift 3D;Kamera digital;Aplikasi Photoshop;D
12;Berikut ini yang bukan merupakan program aplikasi grafis adalah. . . .;CorelDRAW;Corel Photo-Paint;Windows paint;Microsoft power point;Adobe illustrator;D
12;Gambar yang diperoleh dari perangkat scanner merupakan grafik bertipe. . . .;Animasi;Bitmap;Vector;Metaldata;Metalife;B
12;Istilah publish dalam CorelDRAW dapat berarti menghasilkan file untuk publikasi di Internet, yaitu file berekstensi. . . .;Doc;Reg;Int;Html;Html;D
12;Menu flyout dalam CorelDRAW merupakan menu-menu di bawah menu. . . .;Pulldown;Close;Window;Toolbox;Toolbox;D
12;Format file standar aplikasi CorelDRAW adalah. . . .;Jpg;Cdr;Bmp;Psd;Fh 10;B
12;Efek bayangan pada objek grafis sering disebut sebagai efek . . . .;Eye shadow;Drop shadow;Quick shadow;Black shadow;Shadow puppet;B
12;Fasilitas zoom pada program aplikasi grafis digunakan untuk memperbesar atau memperkecil. . . .;Resolusi gambar;Ukuran gambar;Kualitas gambar;Ukuran tampilan gambar;Ukuran tampilan gambar;D
12;Gambar dalam aplikasi CorelDRAW dapat disimpan sebagai file standar Adobe Acrobat Reader, yaitu file berekstensi. . . .;Psd;Pdf;Pcx;Acr;Cdr;B
12;CorelDRAW memiliki fasilitas memunculkan kode batang berdasarkan karakter tertentu yang disiapkan melalui menu bar Edit -> . . .;Cut;Copy;Paste;Insert barcode;Insert barcode;D
12;Untuk membuat bentuk segi banyak dalam CorelDRAW, pada toolbox kita pilih menu. . . .;Grid tool;Text tool;Spiral tool;Polygon tool;Freehand tool;D
12;Untuk membuat bentuk table dalam CorelDRAW, pada toolbox kita pilih menu. . . .;Grid tool;text tool;spiral tool;polygon tool;freehand tool;A
12;salah satu flyout pada CorelDRAW yang berfungsi memberikan tampilan 3 dimensi dari objek geometris adalah. . . .;extrude;envelope;distortion;blend tool;transparency;A
12;untuk memotong suatu bentuk bidang menggunakan bentuk bidang yang lain dalam CorelDRAW digunakan fasilitas. . . .;cut;trim;weld;group;intersect;B
12;untuk mencetak gambar dalam CorelDRAW dapat digunakan fasilitas. . . .;print;publish;print out;print set up;print preview;A
12;adobe photoshop merupakan produk dari perusahaan . . . .;adobe system inc;macromedia crop;adobe acrobat inc;adobe designer inc;adobe pagemaker corp;A
12;salah satu cirri pengelolah grafis adalah kemampuannya mengatur. . . .;resolusi gambar;ukuran gambar;posisi gambar;warna gambar;teks;A
12;istilah flatten image dalam photoshop terkait dengan suatu property gambar, yaitu. . . .;layer;filter;warna;kanvas;resolusi;A
12;untuk mesin cetak yang menggunakan separasi warna (4 warna), mode warna full color sesuai pada grafis yang akan dicetak adalah. . . .;RGB;CMYK;Duotone;Grayscale;Lab color;B
12;Untuk menghilangkan komponen warna merah pada gambar dengan mode warna RGB dapat dilakukan melalui . . . .;Navigator panel;Channels panel;History panel;Layer panel;Styles panel;B
12;Untuk menyatuka seluruh layer yang ada menjadi satu layar dalam aplikasi photoshop, digunakan fasilitas. . . .;Layer deleting;Flatten image;Transparency;Blending;Filtering;B
12;Efek seperti butiran pada gambar bitmap yang merupakan hasil cetak foto pada kertas bertekstur dapat diperoleh dari salah satu bentuk filter, yaitu. . . .;Blur;Grain;Liquefy;Sharpen;Distortion;B
12;Dalam aplikasi photoshop, suatu area gambar yang rusak dapat diperbaiki menggunakan bentuk dan warna area gambar di dekatnya. Dalam hal ini, fasilits yang digunakan adalah. . . .;Dodge tool;Shape tool;Pencil tool;Healing brush tool;Healing brush tool;D
12;Model pewarnaan gradasi untuk bitmap dalam aplikasi photoshop dapat dilakukan menggunakan. . . .;Fill color;Gradient tool;Navigator tool;Paint bucket tool;Tranparency tool;B
12;Fasilitas free transform untuk mengatur ukuran objek, posisi, maupun rotasi objek dapat dimunculkan menggunakan shortkey. . . .;Ctrl + O;Ctrl + D;Ctrl + S;Ctrl + T;Ctrl + V;D
