Kelas;Soal;A;B;C;D;E;Jawaban
7;This animal lives in the sea and has 8 tentacles. What animal is it?;Octopus;Elephant;Zebra;Tiger;#;A
7;Lisna : Give me the chilli sauce, please. Zul : ........;Here you are;Never mind;No, thanks;It is so nice;#;A
7;Ani : ..........? Ida : I think it's great!;Have you read this book?;What do you think about this book?;What is it?;Do you know this?;#;B
7;Kate : we'll have a long holiday next month. What are you going to do in this holiday? Yani : ......... Kate : I hope you have a nice trip.;I'm thinking of going to Bali;Sorry, I can't tell you;It's not your business;I don't know what to do;#;A
7;Bowo : I feel tired and I feel dizzy. Sri : I think.... and don't leave the bed if it is not necessary.;You must sing;You should lie down and have some rest;I will take you to the hospital;I must take some rest too;#;B
7;Cathrine : Do you like watching movies? Nadine : .......... Cathrine : What is your favorite movie? Nadine : My favorite movie is Ayat -- Ayat Cinta;I love watching movies;I dislike watching movie;I hate watching movie;It's not my favorite one;#;A
7;Alex : How do you feel about this omelet? Bram : It is very tasty. I like this food. Alex : I agree with you.;Alex dislike the omelet;Bram doesn't like omelet;Bram loves omelet, while Alex hate it;Bram and Alex likeS omelet;#;D
7;Alice : Hi Adam! Do you know where my mother is? Adam : She's ... The theatre;Under;At;In;On;#;B
7;Joko : I had five pounds ... my pocket Riana : Poor you. Then, should I treat you for this time?;In;At;On;Below;#;A
7;Dilan : Where did you go? I couldn't find you. Milea : I'm sorry, I went home to put our pictures ... the wall;Above;On;In;At;#;B
7;Sinta : Do you need any help mom? Mother : Yes, please. I can't find my glasses.;Preference;Apology;Offering help;Asking opinion;#;C
7;Marta : It's very hot here. ......? Lina : Sure, No problem.;Could you close the door?;Would you mind if I turn on the fan?;May I leave now?;Would you turn off the fan?;#;B
7;Rina : Finally, It's break time. ..... a cup of tea? Rama : That's very nice of you.;Shall I have;May you get me;Would you like;May you help me get;#;C
7;She .... her cat everyday;To feed;Feed;Feeds;Feeding;#;C
7;I .... always .... to the dentist;Do not, go;Does not, go;Do not, went;Does not, went;#;A
7;Gina : Do you like to sing? Ulfah : ........;Yes, I likes to sing;Yes, I like to sing;Yes, I am liking to sing;Yes I liked to sing;#;B
7;Mom : Do you enjoy playing in the park? Me : ...........;No, I does not enjoy playing in the park;No, I no enjoy playing in the park;No, I don't enjoy playing in the park;No, I don't enjoys playing in the park;#;C
7;Jane : Roxy, what do you think of the cake I made for you? Roxy : It's really delicious! I love it! Jane : Thank you.;Asking for an opinion;Asking for help;Requesting an attention;Giving an item;#;A
7;This animal lives in the sea and has tentacles. What animal is it?;Octopus;Elephant;Zebra;Tiger;#;A
7;A rabbit has two long ears, a small tail and ...;Shell;Horns;Fur;Claws;#;C
7;Mrs. Nuris always ... to her school.;driving her car;is driving her car;drive her car;drives her car;#;D
7;(+) She reads a magazine everyday. (-) .........;She doesn't read a magazine everyday.;Does she read a magazine everyday?;She don't read a magazine everyday.;She didn't read a magazine everyday.;#;A
7;My pet likes to eat so it is very...;thin;short;funny;fat;#;D
7;My father is a doctor. He examines ... carefully.;Patients;Fashions;Students;Books;#;A
7;I have a lot of...;moneys;monies;a money;money;#;D
7;I have ... orange in my bag.;a;an;some;any;#;B
7;There are three ... in the classroom.;box;boxs;boxes;boxies;#;C
7;There are five students in the classroom. ... Dania, Vida, Rani, Jihan and Firya.;She is;He is;I am;They are;#;D
7;Mr. Anwar is a pilot. ... a kind man.;She is;He is;We are;They are;#;B
7;... thirty five students in my classroom.;There are;There is;That is;This is;#;A
7;My mother has two...;baby;babys;babyes;babies;#;D
7;There are pencil, pen, eraser and sharpener in the ...;pencil case;kitchen;toilet;book;#;A
7;The students are sitting on the ...;table;flag;chair;pen;#;C
7;The students borrow the books in the ...;toilet;library;canteen;school yard;#;B
7;There are tomato and chili trees in the ...;kitchen;bathroom;dining room;garden;#;D
7;This is a ... It comes from Africa. It has black and white stripes. It has four legs and long tail. It eats grass.;lion;tiger;zebra;cow;#;C
7;Shiva meets Lia, her old friend, on her way walking to her office. Shiva greets her. Shiva : You are Lia, aren't you? Hi ... Lia : Hi, Shiva. Oh I am just fine. How about yourself? Shiva : I am fine, too. I am working for that office now. Lia : Really? How lucky you are!;Where do you live now?;How have you been?;Do you remember me?;Do I look great?;#;B
7;Mr. Handoyo is eager to know about Anton's condition. He is not cheerful as usual. Mr. Handoyo : Anton, what is the matter with you? You do not look well this morning. Anton : You are right, Sir. ... I think I get cold. Mr. Handoyo : You'd better take a rest at home, then.;I am okay;I am just fine;I do not feel too well this morning;I do not feel bad;#;C
7;The following expressions are commonly used to greet someone, except ...;How's life?;How are you doing?;What are you doing?;How are things with you?;#;C
7;Mrs. Rossy : Good afternoon, students. Students : Good afternoon, Ma'am. Mrs. Rossy : Well, I cannot teach you this afternoon. I have a meeting with the headmaster. Students : That is alright. We will study by ourselves, Ma'am.;Greeting;Leave-taking;Introduction;Prohibition;#;B
7;Ruly : Hello, I am Ruly. ... ? Adi : Hello. My name is Adi. Pleased to meet you. Ruly : Pleased to meet you too, Adi.;What is the matter with you;What is your name;How are you;Are you a new student;#;B
7;Ferly : Romy, this is my sister, Vivian. Romy : ... ? Vivian : How do you do. I have heard so much about you.;How do you do;How are you;How is your life;What is up;#;A
7;Below are the expressions of introducing ourselves to others, except ...;Hello, I am Any;It is the first time to meet you. I am Shelly;Let me introduce myself to you;I would like to introduce you to my friend, Franda;#;D
7;Excuse me, everybody. I would like to introduce Mr. Hakim to you all. He is a new employee in our office.;Self-introducing;Introducing someone to others;Greeting;Leave-taking;#;B
7;My father is a science teacher. He specialized in teaching living things. For example, he explains parts of a flower to his students.;Menyanyikan;Menyebutkan;Menyimpan;Menjelaskan;#;D
7;Lisna : Give me the chili sauce, please. Zul : ...;Here you are;Never mind;No, thanks;It is so nice;#;A
7;Saskya : Don't play the music too loud, Dila. It disturbs me. Dila : Sorry, I don't mean it. Saskya : ... Dila : O.K, no problem.;Turn it down.;Please put it here.;Don't play outside.;Come in, please.;#;A
7;Berikut ini yang merupakan besaran vektor yaitu ...;Panjang;Massa;Waktu;Kecepatan;#;D
7;Sebuah bus melaju dengan kecepatan 72 km/jam ke arah timur. Jika dinyatakan dalam SI yaitu ...;72 m/s;7200 m/s;20.000 m/s;20 m/s;#;D
7;Air raksa sering dipakai sebagai pengisi tabung termometer lantaran mempunyai kelebihan ...;Membasahi dinding kaca;Harga relative murah;Titik didihnya rendah;Warnanya mengkilap;#;D
7;Termometer yang dipakai Andre untuk mengukur suhu ruangan mengatakan 59 derajat Fahrenheit. Jika suhu tersebut dinyatakan dalam SI mengatakan ...;273 K;288 K;300 K;332 K;#;B
7;Sebuah kubus logam panjang sisi-sisinya 20 cm, sesudah ditimbang massanya 150 kg. Massa jenis kubus tersebut yaitu ...;0,05 kg/m^3;18.750 kg/m^3;18,750 kg/m^3;1,8750 kg/m^3;#;B
7;Ani mengumpulkan cinderamata koleksinya yang terbuat dari logam. Setelah ditimbang dengan neraca, Ani mencatat urutannya sebagai berikut : 500 gram, 1 kg, 100 gram, dan 55 gram. Massa keseluruhan dari cinderamata Ani yaitu ...;1,065 kg;1,605 kg;1,650 kg;1,655 kg;#;D
7;Berikut ini yaitu zat yang mempunyai pH = 7 yaitu ...;Air hujan;Air murni;Air sabun;Air jeruk;#;B
7;Suatu larutan diuji dengan kertas lakmus. Kertas lakmus biru yang dicelupkan ke dalam larutan tersebut tetap berwarna biru, sedangkan kertas lakmus merah yang dicelupkan ke dalam larutan tersebut berkembang menjadi biru. Maka larutan tersebut kemungkinan yaitu ...;Air aki;Air sari buah tomat;Air sabun;Air suling;#;C
7;Senyawa yang bersifat basa akan menghasilkan ion ...;H+;OH-;Cl-;Na+;#;B
7;Symbol unsur tembaga, besi, dan timah berturut-turut yaitu ...;Cu, Fe,Pb;Ag, Be, Ti;Cu, Fe, Sn;Fe, Cu, Pt;#;C
7;Nama senyawa dengan rumus molekul NaOH yaitu ...;Natrium klorida;Nitrogen oksida;Nitrogen hidroksida;Natrium hidroksida;#;D
7;Jumlah atom oksigen dalam senyawa kalsium hidroksida (Ca(OH)2)adalah ...;1;2;3;4;#;B
7;Rumus kimia urea yaitu CO(NH2)2. Maka setiap molekul urea mengandung ...;1 atom karbon, 1 atom oksigen, 1 atom nitrogen, dan 2 atom hidrogen;1 atom karbon, 1 atom oksigen, 1 atom nitrogen, dan 4 atom hidrogen;1 atom karbon, 1 atom oksigen, 2 atom nitrogen, dan 2 atom hidrogen;1 atom karbon, 1 atom oksigen, 2 atom nitrogen, dan 4 atom hydrogen;#;D
7;Di bawah ini yang merupakan teladan unsur yaitu ...;Garam dapur;Karbohidrat;Besi;Air;#;C
7;Perubahan wujud zat berikut ini yang menyerap kalor yaitu ...;Air membeku menjadi es;Uap air di atmosfer mengalami kondensasi menjadi titik-titik air;Uap air di udara mengembun di dinding luar gelas yang berisi es;Es watu melebur pada suhu nol derajat celcius;#;D
7;Air tidak sanggup membasahi daun talas lantaran ...;Kohesi molekul air lebih besar dari adhesi molekul air dengan molekul daun talas;Kohesi molekul air lebih kecil dari adhesi molekul air dengan molekul daun talas;Adhesi molekul air dengan molekul daun talas lebih besar dari kohesi molekul air;Adhesi molekul air dengan molekul daun talas sama dengan kohesi molekul air;#;A
7;Faktor yang menimbulkan gas mempunyai sifat selalu memenuhi ruangan yang ditempatinya yaitu ...;kohesi sangat besar;adhesi sangat besar;gaya ikat antarpartikel sangat lemah;gaya ikat antarpartikel sangat kuat;#;C
7;Meniskus air di dalam pipa beling berbentuk cekung lantaran ...;adhesi antara molekul-molekul air dan beling lebih besar daripada kohesi antara molekul-molekul air tersebut;adhesi antara molekul-molekul air dan beling lebih kecil daripada kohesi antara molekul-molekul air tersebut;adhesi antara molekul-molekul air lebih besar daripada kohesi antara molekulmolekul air dan kaca;adhesi antara molekul-molekul air lebih kecil daripada kohesi antara molekulmolekul air dan kaca;#;A
7;Sebatang besi yang panjangnya 10 m dipanaskan dari 25°C menjadi 100°C. Jika koefisien muai panjang besi 0,000012/°C, maka pertambahan panjang batang besi tersebut yaitu ...;6 mm;12 mm;9 mm;18 mm;#;C
7;Kalor yang diharapkan untuk menaikkan suhu bergantung pada hal-hal berikut ini, kecuali ...;tekanan pada zat;kenaikan suhu zat;massa zat;jenis zat;#;A
7;Kalor yang dilepaskan secangkir air panas dengan massa 10 kg dan suhunya 90°C yaitu 84 kJ. Pada air tersebut ditambahkan kopi dengan suhu 10°C. Suhu simpulan adonan air dan kopi 50°C. Jika kalor jenis air sama dengan kalor jenis kopi, maka massa kopi dalam dalam cangkir, yaitu ...;16 kg;10 kg;12 kg;9 kg;#;A
7;Banyak kalor yang harus diberikan pada 500 g es supaya suhunya naik dari -10°C menjadi 40°C yaitu ... (kalor jenis es = 2.100 J/kg°C, kalor lebur es = 336.000 J/kg, dan kalor jenis air = 4.200 J/kg °C);262.500 J;252.000 J;178.500 J;94.500 J;#;A
7;Peristiwa berikut ini yang mengatakan adanya perpindahan kalor secara konduksi yaitu ...;terjadinya angin darat dan angin laut;sampainya energi panas dari Matahari ke bumi;mencairnya es di kawasan kutub;memanaskan setrika listrik;#;D
7;Sepotong besi mempunyai massa 0,2 kg dan kalor jenis 0,11 kal/g°C. Jika suhunya turun 75°C menjadi 25°C, maka banyaknya kalor yang dilepaskan ...;0,22 kkal;1,10 kkal;0,55 kkal;1,65 kkal;#;B
7;Perpindahan kalor secara konveksi disebabkan lantaran ...;Perbedaan ketinggian;Perbedaan massa jenis;Persamaan jenis;Pertukaran benda;#;B
7;Peristiwa terpancarnya sinar matahari hingga ke bumi termasuk ...;konveksi;konduksi;radiasi;asas Black;#;C
7;Zat berikut yang sanggup dipisahkan dari zat pengotornya melalui sublimasi yaitu ...;gula pasir;minyak goreng;kapur barus;garam;#;C
7;Kelemahan pengolahan air dengan cara penyaringan yaitu ...;partikel-partikel tanah yang berukuran besar akan ikut tersaring;partikel-partikel tanah yang berukuran kecil tidak tersaring;partikel-partikel tanah yang berukuran besar tidak tersaring;partikel-partikel tanah yang berukuran kecil akan tersaring;#;B
7;Untuk menciptakan air murni dari air maritim sanggup dilakukan dengan metode ...;penguapan;penyaringan;sublimasi;distilasi;#;D
7;Pada distilasi terjadi proses ...;penguapan dan sublimasi;pengembunan dan sublimasi;penguapan dan pengembunan;peleburan dan penguapan;#;C
7;Bensin yang dibakar di dalam mesin menimbulkan kendaraan beroda empat sanggup bergerak. Proses pembakaran bensin di dalam mesin merupakan teladan reaksi ...;eksoterm;adisi;endoterm;eliminasi;#;A
7;Kembang api yang menyala indah termasuk perubahan ...;fisika;bentuk;kimia;buatan;#;C
7;Perubahan yang terjadi ketika kuliner masuk ke dalam badan diproses dengan cara pembakaran yaitu ...;materi kuliner dan air dibakar menjadi oksigen, karbon dioksida, dan energi;materi kuliner dan oksigen dibakarmenjadi karbon dioksida, air, dan energi;materi kuliner dan karbon dioksida dibakar menjadi oksigen, air, dan energi;materi kuliner dan oksigen dibakar menghasilkan energi saja;#;B
7;Mentega akan mencair ketika dipanaskan. Peristiwa tersebut termasuk perubahan ...;fisika;alami;kimia;bentuk;#;A
7;Berikut ini merupakan ciri-ciri terjadinya reaksi kimia, kecuali ...;timbulnya endapan;terjadinya perubahan suhu;terjadinya perubahan warna;selalu mengakibatkan gas;#;D
7;Dari perubahan materi berikut ini, yang tergolong perubahan kimia yaitu ...;air menguap;apel membusuk;es mencair;lilin yang meleleh;#;B
7;Hal-hal yang menghipnotis laju reaksi yaitu ...;ukuran zat dan suhu;ukuran zat dan warna zat;warna zat dan suhu;suhu dan jenis pengaduk;#;A
7;Berikut ini yang merupakan teladan reaksi kimia yang ditandai dengan perubahan warna yaitu ...;Kapur tohor dicampur dengan air;Buah apel dibiarkan sesudah dibelah;Kertas dibakar;Deterjen dicampur dengan pemutih;#;A
7;Pada ketika seseorang menghembuskan nafas ke dalam air kapur, maka air kapur akan berkembang menjadi keruh. Hal ini terjadi lantaran ...;Udara yang dikeluarkan dari pernafasan kotor;Udara yang dikeluarkan dari pernafasan mengandung oksigen dan karbondioksida;Terjadi reaksi kimia antara air kapur dan udara pernafasan yang menghasilkan endapan kapur;Terjadi reaksi kimia antara air kapur dan udara pernafasan yang menghasilkan gas karbondioksida;#;C
7;Sebuah kendaraan beroda empat melaju dengan kecepatan 72 km/jam kemudian direm hingga berhenti selama 10 sekon. Pelambatan kendaraan beroda empat tersebut yaitu ...;3,0 m/s^2;2,0 m/s^2;1,0 m/s^2;0,5 m/s^2;#;B
7;Budi pergi ke sekolah naik sepeda. Jarak dari rumah ke sekolah 1,8 km dan kecepatan sepedanya konstan sebesar 3 m/s. Jika masuk sekolah jam 07.00, paling lambat Budi harus berangkat ke sekolah pukul ...;06.54;06.30;06.45;06.50;#;A
7;"Pada sebuah penelitian diambil rumusan duduk kasus : ""Bagaimana efek cahaya terhadap pertumbuhan perkecambahan biji"". Hipotesis dari duduk kasus tersebut yaitu ...";Cahaya tidak kuat terhadap perkecambahan biji;Cahaya kuat terhadap perkecambahan biji;Cahaya mempercepat perkecambahan biji;Cahaya memperlambat perkecambahan biji;#;B
7;Pada pengamatan obyek dengan mikroskop memakai perbesaran lensa okuler 15 X dan lensa obyektif 40 X, maka perbesaran mikroskop pada ketika dipakai yaitu ...;200 X;400 X;300 X;600 X;#;D
7;Pada pengamatan sel bawang merah, diperoleh diameter bidang pandang pada lensa obyektif 1,3 mm dan gambar sel yang tampak menempati 0,25 bidang pandang. Jika 1 mm=1000 m, ukuran sel yang bahwasanya yaitu ...;192 m;325 m;250 m;520 m;#;B
7;Salah satu ciri hidup makhluk hidup yaitu peka terhadap rangsang. Pernyataan berikut yang menggambarkan dengan benar ciri tersebut yaitu ...;Biji kacang berkecambah ketika ditanam;Bunga pukul empat mekar di sore hari;Daun putri aib menutupsaat mendapatkan sentuhan;Ujung batang membengkok ke arah datangnya cahaya;#;C
7;Urutan takson pada dunia binatang dari urutan takson yang paling tinggi ke rendah (dari kiri ke kanan) yaitu ...;Divisio -- kelas -- ordo -- familia -- genus -- spesies;Divisio -- familia -- kelas -- ordo -- genus -- spesies;Filum -- kelas -- familia -- ordo -- genus -- spesies;Filum -- familia -- kelas -- ordo -- genus -- spesies;#;C
7;Seekor binatang mempunyai ciri-ciri : kulit tertutup bulu, suhu badan tidak berubah-ubah, bernafas dengan paru-paru dan berkembang biak dengan cara bertelur. Hewan tersebut termasuk kelas ...;pisces;reptile;amfibi;aves;#;D
7;Kelompok hewan-hewan yang digolongkan dalam avertebrata antara lain ...;ikan, katak, nyamuk, laba-laba;cacing, ular, siput, cicak;cacing, siput, laba-laba, bintang laut,;bintang laut, ular, kerang, siput;#;C
7;Penulisan yang benar nama spesies menurut hukum binomial nomenklatur yaitu ...;Oryza Sativa;oryza sativa;Oryza sativa;Oryza sativa;#;C
7;Kelompok flora yang termasuk flora berbiji terbuka yaitu ...;Pinus, melinjo, padi;Kedelai, melinjo, cemara;Pinus, damar, pakis haji;Kedelai, damar, pakis haji;#;C
7;Sel flora bentuknya tetap lantaran mempunyai ...;Plastida;Klorofil;Membran sel rangkap dua;Dinding sel dari selulosa;#;D
7;Berikut ini yang merupakan organ, kecuali...;jantung, hati, usus;mata, paru-paru, lambung;xilem, floem, daun;batang, bunga, akar;#;C
7;Pada ketika kita flu hidung kita tersumbat, sistem organ yang paling terganggu yaitu ...;pencernaan;peredaran darah;pernafasan;sirkulasi;#;C
7;Hewan, flora dan insan termasuk organisme. Dalam organisasi kehidupan yang dimaksud dengan organisme yaitu ...;beberapa sistem organ yang bekerja sama dan saling terkait;kumpulan beberapa sel yang mempunyai bentuk dan fungsi yang sama;suatu sistem organ yang bekerja sama dengan sistem organ lain;kolaborasi antara dua sistem organ;#;A
7;Besaran dikelompokkan menjadi dua, yaitu ...;Besaran pokok dan besaran baku;Besaran baku dan besaran turunan;Besaran nasional dan internasional;Besaran pokok dan besaran turunan;#;D
7;Dahulu orang sering menggunakan anggota tubuh sebagai satuan pengukuran, misalnya seperti dibawah ini, kecuali ...;Jari, hasta, kaki;Jengkal, depa, langkah;Meter, Kilogram, Liter;Depa, hasta dan kaki;#;C
7;Besaran yang dapat diukur dan memiliki satuan disebut besaran ...;Bilogi;Kimia;Fisika;Matematika;#;C
7;Besaran yang merupakan besaran yang dijabarkan dari besaran-besaran pokok dinamakan besaran ...;Internasional;Turunan;Standar;Panjang;#;B
7;Besaran panjang memiliki satuan SI berupa...;Depa;Kilogram;Meter;Kubik;#;C
7;Ampere adalah satuan SI dari besaran pkok ...;Panjang;Massa;Waktu;Kuat arus listrik;#;D
7;Satuan SI dari besaran waktu adalah ...;Detik;Meter;Ampere;Candela;#;A
7;Berikut ini yang termasuk besaran pokok adalah ...;Waktu;Luas;Volume;Massa Jenis;#;A
7;Kecepatan merupakan salah satu besaran turunan yang mempunyai satuan ...;m/s;Kg;Newton;Km;#;A
7;Besaran massa jenis dapat dijabarkan dari besaran ...;Massa : Waktu;Massa : Kecepatan;Massa : Volume;Massa : Percepatan;#;C
7;Satuan Watt merupakan satuan dari besaran ...;Gaya;Volume;Tekanan;Daya;#;D
7;Satuan Sistem Internasional (SI) digunakan di ...;Indonesia;Asean;Amerika;Seluruh dunia;#;D
7;Berikut ini yang bukan merupakan satuan panjang adalah ...;Meter;Kiloliter;Centimeter;Kilometer;#;B
7;Massa standar satu kilogram didefinisikan sebagai massa satu liter air murni pada suhu ...;4⁰C;5⁰C;6⁰C;7⁰C;#;A
7;Berikut ini yang tidak termasuk Satuan Internasional adalah ...;Yard;Sekon;Ampere;Meter;#;A
7;Jarak 2.000 m jika dinyatakan dalam satuan cm adalah ...;2 cm;200 cm;20.000 cm;200.000 cm;#;D
7;Massa 20 Kg jika dinyatakan dalam satuan mg adalah ...;2.000 mg;20.000 mg;20.000.000 mg;2.000.000 mg;#;C
7;Jarak pundak sampai ujung jari tangan orang dewasa dinamakan ...;1 mil;1 kaki;1 yard;1 ons;#;C
7;1 inci sama dengan ...;3 cm;2,54 cm;5,5 cm;3,5 cm;#;B
7;Sebuah mobil melaju dengan kecepatan 36 km/jam. Kecepatan tersebut sama dengan ... m/s;72;12;60;10;#;D
7;Satuan jengkal merupakan satuan yang tidak baku dipakai di berbagai negera. Karena contohnya adalah...;Ukuran jengkal orang Indonesia dengan orang Amerika panjangnya sama;Ukuran jengkal orang Indonesia dengan orang Amerika lebarnya sama;Ukuran jengkal orang Indonesia dengan orang Amerika panjangnya berbeda;Ukuran jengkal orang Indonesia dengan orang Amerika warnanya berbeda;#;C
7;Mistar adalah alat yang digunakan untuk mengukur ...;Massa;Volume;Panjang;Kecepatan;#;C
7;Mistar memiliki ketelitian ...;1 mm;1 dm;1 m;1 cm;#;A
7;Alat ukut yang memiliki ketelitian 0,01 mm adalah ...;Jangka sorong;Mistar;Mikrometer Sekrup;Neraca;#;C
7;Berikut ini adalah alat-alat untuk mengukur waktu, kecuali ...;Jam analog;Neraca dua lengan;Stopwacth;Jam digital;#;B
7;Setiap benda yang mempunyai massa bergerak dengan kecepatan tertentu sehingga memiliki energi ...;Kinetik;Listrik;Massa;Kimia;#;A
7;Ukuran derajat panas dan dingin suatu benda tersebut dinyatakan dengan besaran;Gaya;Suhu;Daya;Kuat arus;#;B
7;Dalam Sistem Internasional (SI) terdapat 7 besaran pokok yaitu ...;Panjang, Massa, Waktu, Kuat arus listrik, Suhu, Jumlah zat dan Intensitas cahaya;Panjang, Massa, Waktu, Volume, Suhu, Jumlah zat dan Intensitas cahaya;Panjang, Massa, Waktu, Kuat arus listrik, Suhu, Luas dan Intensitas cahay;Panjang, Massa, Waktu, Kuat arus listrik, Suhu, Kecepatan dan Intensitas cahaya;#;A
7;Satuan yang apabila digunakan oleh siapa pun akan menghasilkan hasil pengukuran yang sama dinamakan satuan ...;Resmi;Fisika;Baku;Panjang;#;C
7;Alat untuk mengukur suhu adalah ...;Termometer;Mikrometer;Dinamometer;Jangka sorong;#;A
7;Di dalam fisika besaran dengan satuan kilogram (kg) adalah besaran massa. Sedangkan berat (w) mempunyai satuan ...;Joule;Newton;Kelvin;Ampere;#;B
7;Contoh satuan tidak baku adalah ...;Jengkal, kaki, depa;Meter, Kilogram, Sekon;Sekon, Ampere, Watt;Liter, meter, gram;#;A
7;Termometer Fahrenheit Titik tetap bawah diberi angka 32 dan titik tetap atas diberi angka ...;100;357;212;75;#;C
7;Termometer yang umum digunakan adalah termometer zat cair dengan pengisi pipa kapilernya adalah ...;Air atau minyak;Raksa atau alkohol;Minyak atau air keras;Raksa atau bensol;#;B
7;Diantara syarat sebuah satuan bisa menjadi satuan Internasional adalah ...;Bersifat tetap dan berlaku dimana saja;Bersifat tetap dan berlaku di negara tertentu;Berubah-ubah sifatnya dan mudah diingat;Berlaku dimana saja dan bersifat mudah diubah-ubah nilainya;#;A
7;Suhu suatu benda saat diukur dengan termometr Celcius adalah 10°C. Maka jika diukur dengan termometer Fahrenheit adalah menjadi ...;50°F;60°F;70°F;80°F;#;A
7;Volume merupakan besaran turunan, yang disusun oleh besaran pokok ...;Massa;Waktu;Berat;Panjang;#;D
7;Doni mengukur suhu suatu benda menggunakan termometer Celcius sebesar 80°C. Suhu benda itu jika diukur menggunakan termometer Reaumur adalah ...;70°R;65°R;64°R;84°R;#;C
7;Perbandingan skala antara temometer Celcius, termometer Reaumur, dan termometer Fahrenheit adalah ...;01:02:03;04:05:09;05:04:09;09:05:04;#;C
7;Satuan struktural dan fungsional terkecil mahluk hidup disebut...;Gen;Kromosom;Sel;Jaringan;#;C
7;Ilmuwan yang berjasa dalam penemuan sel adalah...;Edward Jenner;Robert Hooke;Dr. Cristian Eijkman;Louis pasteur;#;B
7;Perbedaan antara sel hewan dengan tumbuhan dapat dilihat dari keberadaan...;Dinding sel dan sentriol;Sentriol dan nukleus;Nukleus dan plastida;Plasma sel dan sentriol;#;A
7;Jaringan epitel dapat dibedakan dari bentuk sel -- sel penyusunnya, yang tidak merupakan sel penyusunnya adalah...;Pipih;Kkus ( bola );Kuboid ( Kubus );Kolumnar ( Balok );#;B
7;Gen yang merupakan faktor keturunan terdapat dalam kromosom, sedangkan kromosom terdapat dalam...;Vakuola;Sitoplasma;Nukleus;Mitokondria;#;C
7;Bagian terluar sel hewan berupa...;Dinding sel;Mitokondria;Membran sel;Nukleus;#;C
7;Jaringan ikat bersifat kuat dan berfungsi sebagai...;Pemberian bentuk dan pelindung;Pelindung dan penggerak psif;Pelindung dan penguat;Penguat dan penyangga;#;D
7;Pengatur keluar masuknya zat -- zat pada sel dilakukan oleh...;Vakuola;Dinding sel;Sentrosom;Membran;#;D
7;Salah satu contoh plastida yang hanya terdapat pada sel -- sel tumbuhan adalah...;Klorofil;Lisosom;Ribosom;Badan golgi;#;A
7;Zat yang menjadikan tumbuhan bisa membuat makanan mereka sendiri (autotrof) dinamakan;Kloroplas;Lisosom;Vakuola;Dinding sel;#;A
7;Sekumpulan semut di dalam liang tanah membentuk...;Individual;Komunitas;Populasi semut;Keluarga semut;#;C
7;Sebatang pohon kelapa di kebun merupakan contoh dari...;Individu;Komunitas;Populasi;Ekosistim;#;A
7;Pada ekosistem terdapat beberapa jenis makhluk hidup .  tanaman jagung, bakteri, ulat burung, alang -- alang, belalang dan tikus. yang berfungsi sebagai produsen adalah...;Tanaman jagung dan alang - alang;Alang -- alang dan tikus;Bakteri dan ulat;Alang -- alang dan tikus;#;A
7;Ilmu yang mempelajari hubungan timbal balik antara makhluk hidup dengan lingkungannya disebut...;Ilmu lingkungan;Saling ketergantungan;Ekosistem;Ekologi;#;D
7;Peranan pengurai dalam ekosistem adalah...;menghancurkan mineral;Mengubah mineral menjadi humus;Menguraikan senyawa organik;Menguraikan mineral dalam tanah;#;C
7;Tanaman tanduk rusa yang menempel pada pohon -- pohon sebagai tempat hidupnya disebut...;Mutualisme;Parasitisme;Komensalisma;Ansimbiosis;#;C
7;Energi matahari sebelum sampai ke konsumen terlebih dahulu di simpan berupa makanan oleh...;Tumbuhan hijau;Semua hewan;Tumbuhan dan hewan;Semua tumbuhan;#;A
7;Fotosintesis pada tumbuhan pada hakekatnya pengubahan energi...;Kimia menjadi gerak;Cahaya menjadi gerak;Panas menjadi kimia;Cahaya menjadi kimia;#;D
7;Pada percobaan fotosintesis, daun direbus dalam air yang mendidih, tujuannya ntuk...;Melarutkan klorofil;Membuat daun lemas;Mematikan bakteri yang menempel di daun;Mematikan sel - sel;#;A
7;Larutan iodium untuk menguji hasil fotosintesis berupa...;Zat gula;Zat asam;Amilum;Asam arang;#;C
7;Peristiwa makan dan dimakan menurut urutan tertentu dalam dunia kehidupan disebut...;Jaring -- jaring kehidupan;Rantai kehidupan;Jaring -- jaring makanan;rantai makanan;#;D
7;Interaksi antara dua makhluk hidup berbeda spesies dalam hubungan yang berlangsung dan erat disebut...;Ansimbiosis;Komensolisme;Parasitisme;Simbiosis;#;D
7;Kawasan yang berisi flora dan fauna langka disebut...;Taman bunga;Taman langka;Cagar alam;Kebun raya;#;C
7;Perubahan sususnan gen yang bersifat menurun disebut...;reproduksi;Mutasi;Seleksi;Rekombinasi;#;B
7;Variasi pada suatu spesies lebih dikarenakan karena faktor...;Reproduksi seksual;Mutasi;Reproduksi aseksual;Rekombinasi;#;A
7;Radiasi dapat menyebabkan terjadinya...;Reproduksi;Mutasi;Rekombinasi;Replikasi DNA;#;B
7;Berikut ini penyebab berkurangnya keanekaragaman makhluk hidup, kecuali...;Tingkat reproduksi tinggi;kurangnya cagar alam;Eksplorasi berlebihan;Pencemaran lingkungan;#;A
7;Perubahan susunan gen dapat disebabkan oleh beberapa hal dibawah ini, kecuali...;Kesalahan replikasi DNA;Suhu;Sinar x;Pemanasan global;#;D
7;Dibawah ini merupakan fungsi hutan, kecuali...;Habitat bagi tumnuhan;penghasil oksigen;Mencegah erosi dan banjir;Penghasil bahan baku mebel;#;D
7;Pencemaran udara oleh bahan pendingin ruangan disebabkan oleh suatu polutan berupa gas...;CH4;CFC;NO2;CO;#;B
7;Limbah berikut yang paling sulit di uraikan oleh bakteri adalah...;Kertas;Seng;Plastik;kayu;#;C
7;Efek rumah kaca mengakibatkan suhu rata -- rata permukaan bumi...;Stabil;Meningkat;Tidak stabil;Menurun;#;B
7;Dalam teori kependudukan. Thomas Robert Malthus berpendapat bahwa...;Pertambahan penduduk seperti deret ukur;Pertambahan penduduk seperti deret hitung;Pertambahan jumlah bahan makanan seperti deret ukur;Pertambahan penduduk berbanding terbalik dengan jumlah makanan;#;A
7;Dinamika penduduk suatu negara dipengaruhi oleh faktor berikut, kecuali...;Angka kematian;Angka kelahiran;Migrasi;Urbanisasi;#;D
7;Salah satu akibat yang timbul dari kepadatan penduduk yang tinggi terhadap sumber daya alam yang tersedia adalah...;Air dan tanah makin sulit diperoleh;makin banyaknya pohon -- pohon yang ditanam;Iklim dan suhu stabil;Terjaminnya keseimbangan rantai makanan;#;A
7;Pembangunan apartemen di kota -- kota besar dilakukan untuk mengatasi ketersediaan...;Lahan;Air bersih;Pangan;Udara bersih;#;A
7;Jumlah penduduk suatu negara dapat diketahui dari...;Daftar pemilih tetap;Jejak pendapat;Polling;Sensus penduduk;#;D
7;Gas berikut yang memiliki daya afinitas yang tinggi terhadap Hb dan dapat menyebabkan keracunan adalah...;Hidrogen;Nitrogen;Karbondioksida;Karbon monoksida;#;D
7;Bagian sel yang merupakan pusat pengatur kegiatan dan perkembangan sel adalah...;Vakuola;Nukleus;Protoplasma;Sitoplasma;#;B
7;Bagian sel yang berfungsi untuk proses oksidasi adalah...;Sitoplasma;Mitokondria;protoplasma;Vakuola;#;B
7;Sel yang intinya memiliki selaput inti disebut...;Prokarion;eukarion;Nukleus;Nukleolus;#;B
7;Organisme yang memperoleh energi dengan mendapatkan makanan dari organisme lain disebut...;Organisme autotrof;Organisme heterotrof;Organisme fotoautotrof;Karnivora;#;B
7;Suatu bentuk interaksi dua organisme dan hanya salah satu saja yang beruntung, sedangkan lainnya juga tidak diragukan disebut...;Komensalisme;Mutualisme;Kompetisi;Parasitisme;#;D
7;Vegetasi yang mengurangi tingkat abrasi adalah...;Rumput;Pandan;Bakau;Kelapa;#;C
7;Jaringan yang berfungsi sebagai penghantar rangsang adalah...;Otot;lambung;Miofibril;Saraf;#;D
7;Sistem organ yang tidak terdapat pada tumbuhan yaitu...;Sistem pengangkutan;Sistem ekskresi;Sistem pernapasan;Sistem indra;#;D
7;Kelompok hewan Omnivora dibawah ini adalah...;Tikus, babi dan kelinci;Tikus, ayam dan musang;Tikus, ayam dan babi;Ayam, babi dan luwak;#;C
7;Orang yang membuat peta disebut...;ahli peta;kartografi;kartografer;fatografer;#;C
7;Peta yang berskala 1:100 s.d. 1:5.000 disebut peta;skala menengah;skala besar;skala kecil;iskala kadaster;#;B
7;Lima syarat pokok peta adalah...;judul, skala, indeks, legenda, dan orientasi;inset, skala, legenda, orientasi, dan indeks;legenda, judul, tahun pembuatan peta, garis tepi, dan garis bujur;judul, skala, legenda, orientasi, dan tahun pembuatan peta;#;D
7;Dasar laut yang menjorok ke bawah dibanding daerah sekitarnya disebut...;lereng benua;lubuk laut;palung laut;punggung laut;#;B
7;Apabila di jakarta pukul 21.00 WIB, di Jayapura pukul ...;20.00 WIT;21.00 WIT;22.00 WIT;23.00 WIT;#;D
7;Berikut ini yang tidak termasuk dalam aktivitas aliran sungai adalah...;erosi;pelapukan;pengendapan;transportasi;#;B
7;Dibawah ini yang bukan merupakan manfaat danau adalah...;tempat rekreasi;tempat sedimentasi;tempat perikanan darat;pembangkit tenaga listrik;#;B
7;Siklus air berikut ini yang merupakan siklus pendek adalah...;air laut menguap-awan-hujan dilaut;air laut menguap-hujan-meresap ke tanah;air laut menguap-gletser-kondensasi-awan-hujan di laut;air laut menguap-awan-kondensasi-hujan di laut;#;D
7;Aliran air di bagian hilir sungai lebih lambat karena...;lereng landai;lerengnya curam;debit airnya kecil;material yang diangkut besar;#;A
7;Pengerukan sedimentasi didasar sungai merupakan salah satu upaya ...;mencegah erosi;mencegah banjir;mencegah kekeringan;menahan luapan sungai;#;B
7;Peradaban Hindu mudah diterima oleh masyarakat Indonesia karena...;telah lama ada hubungan antara India dan Indonesia;adanya persamaan antara peradaban Hindu dengan peradaban Indonesia;dasar dasar peradaban Hindu telah lama dimiliki oleh bangsa Indonesia;bangsa Indonesia termasuk bangsa yang mudah menerima pengaruh luar;#;C
7;Menurut teori waisya, pengaruh Hindu ke Indonesia dibawa oleh...;kaum brahmana;kaum pedagang;para bangsawan;para kesatriya;#;B
7;Pengaruh hindu Budha di bidang politik adalah...;adanya sistem kasta;adanya sistem kerajaan;adanya sistem ke masyarakatan;munculnya berbagai karya sastra;#;B
7;Menurut salah satu yupa,Raja Kutai yang pertama adalah...;Kudungga;Mulawarman;Purnawarman;Asmawarman;#;A
7;Dibawah ini adalah sumber sejarah Tertulis kerajaan taruma negara yang ditemukan di bogor Kecuali...;prasasti tugu;prasasti pasir awi;prasasti ciaruteun;prasasti muara cianten;#;D
7;Berkembanya Sriwijaya sebagai kerajaan maritim disebabkan oleh...;rakyat hidup dari perdagangan;besarnya hasil bumi sriwijaya;letaknya strategis di tepi selat malaka;keberhasilan sriwijaya mengalahkan kerajaan- kerajaan sekitarnya;#;C
7;"Kalimat ""Bhineka Tunggal Ika"" yang tertulis pada lambang negara RI sebenarnya dimbil dari hasil karya sastra masa majapahit. Kalimat tersebut tertulis dalam kitab ...";negara kertagama karya Mpu prapanca;sotasoma karya Mpu tantular;bharatayudha karya Mpu sedah;arjunawiwaha karya Mpu kanwa;#;B
7;Sumpah palapa yang diucapkan oleh Gajah Mada pada tahun 1331 bertujuan untuk ...;menakhlukan kerajaan sunda;menata sistem pemerintahan;mengangkat derajat kerajaan majapahit;mempersatukan seluruh nusantara di bawah payung majapahit;#;D
7;Agama islam dibawa ke indonesia oleh para pedagang yang berasal dari ...;persia, cina, dan gujarat;india, iran, dan cina;arab, cina, dan persia;arab, persia, gujarat;#;D
7;Islam lebih cepat diterima oleh masyarakat indonesia, karena...;penyebarannya dilakukan dengan jalan damai;penyebarannya melalui jalan peperangan;penyebarannya dilakukan dengan menaklukan kerajaan-kerajaan besar;membangun hubungan yang bersifat politik;#;A
7;Raja islam di indonesia yang pertama kali memakai gelar sultan adalah...;sultan malik al saleh;sultan agung hanyakrakusuma;sultan ali mughayat syah;sultan trenggono;#;A
7;Rempah-rempah yang banyak dihasilkan dari daerah maluku adalah ...;cendana dan kopi;cengkeh dan lada;teh dan kopi;jahe dan cendana;#;B
7;Menara masjid yang bentuknya seperti bangunan candi hindu terdapat di...;cirebon;jakarta;demak;kudus;#;D
7;Salah satu faktor yang mendorong bangsa eropa melakukan ekspedisi pelayaran adalah mencari kekayaan. Faktor ini biasa disebut dengan istilah...;gold;glory;gospel;glorius;#;A
7;Armada pertama belanda yang mendarat di pelabuhan Banten pada tahun 1596 di pimpin oleh...;van necle;van mook;ferdinand magellan;cornelis de houtman;#;D
7;Untuk menguasai perdagangan di nusantara,bangsa eropa melakukanya dengan cara...;monopoli;blackmarket;pasar bebas;kapitalisme;#;A
7;Penjelajahan bangsa barat ke dunia timur di pelopori oleh bangsa...;portugis;jerman;inggris;belanda;#;A
7;Bangsa pertama eropa yang berhasil berlayar mengelilingi dunia untuk pertama kalinya adalah...;portugis dibawah pimpinan bartholomelus dias;belanda dibawah pimpinan cornelis de hotman;portugis dibawah pimpinan vasco de gama;spanyol dibawah pimpinan magenhaes dan del cano;#;D
7;Untuk mencegah timbulnya pelanggaran monopoli oleh rakyat maluku,VOC melakukan...;kerja paksa;tanam paksa;kerja rodi;pelayaran hongi;#;D
7;Jatuhnya malaka ke tangan Portugis mengakibatkan ...;malaka tumbuh sebagai kota pelabuhan yang ramai;selat malaka tumbuh menjadi jalur perdagangan yang ramai;para pedagang islam memindahkan kegiatanya ke daerah lain;para pedagang islam kehilangan mata pencaharianya dan beralih ke nelayan;#;C
7;Kelompok-kelompok pemukiman penduduk didaerah pegunungan terpencar karena mereka berusaha dekat dengan...;hutan;lembah;jalan raya;sumber air;#;D
7;Para nelayan dapat bekerja sebagai nelayan apabila berada di ...;pantai yang indah;pantai yang dangkal;pantai yang subur;pantai yang landai;#;B
7;Di daerah pantai dapat di lakukan pertanian persawahan dengan sistem...;pasang surut;intensifikasi;ekstensifikasi;tumpang sari;#;A
7;Tanaman jati banyak di tanam di pulau jawa bagian utara karena ...;pegunungan yang tinggi;pegunungan yang datar;pegunungan kapur;dekat pantai;#;C
7;Sistem persawahan terasering dapat dilakukan di daerah ...;pegunungan;dataran rendah;daerah pantai;rawa-rawa;#;A
7;Di daerah dataran rendah orang dapat melakukan kegiatan ekonomi sebagai berikut, kecuali...;bertani atau sawah;berdagang;beternak;nelayan;#;D
7;Batang korek api yang biasa kita gunakan berasal dari batang ...;cemara;randu;pinus;jati;#;C
7;Pertambahan penduduk lebih cepat dari pada pertambahan bahan makanan pendapat ini di kemukakan oleh ...;adam smith;david ricardo;H.H.gossen;T.R. Malthus;#;D
7;Diantara barang-barang hasil produksi berikut ini,yang dapat dikonsumsikan secara langsung ialah...;beras;kelapa sawit;singkong;tepung gandum;#;A
7;Kegiatan penyaluran barang atau jasa dari tangan produsen sampai ke tangan konsumen akhir di sebut...;industri;eksplorasi;distribusi;renovasi;#;C
7;Gejala gerakan kerak bumi dinamakan ...;vulkanisme;tektonisme;seisme;diastropisme;#;B
7;Daerah ini rawan gempa bumi, kecuali ...;Kalimantan;Papua;Jawa;Bali;#;A
7;Kota ini rawan bencana tsunami, kecuali ...;Padang;Meulaboh;Calang;Bukittinggi;#;D
7;Jenis gas yang keluar dari gunung berapi yang berupa belerang dinamakan ...;mofet;solfatara;fumarol;geyser;#;B
7;Pusat timbulnya gempa dinamakan ...;seismogram;tsunami;episentrum;hiposentrum;#;D
7;Ciri-ciri masyarakat pra aksara adalah, kecuali:;Tidak mengenal tulisan;Hidup secara nomaden;Tidak memiliki kebudayaan;Hidup bergantung pada alam;#;C
7;Fosil adalah:;Peninggalan sejarah yang telah membatu;Sisa tengkorak manusia purba;Sisa-sisa kebudayaan masyarakat pra aksara;Tanda-tanda kehidupan masyarakat pra aksara;#;A
7;Zaman batu dibagi menjadi beberapa zaman. Zaman batu yang tertua disebut:;Megalithcum;Mesolithicum;Neolithicum;Palaelithicum;#;D
7;Pithecanthropus Erectus merupakan salah satu jenis manusia purba yang ditemukan di:;Ngandong;Wajak;Trinil;Sangiran;#;C
7;Kebudayaan Bascon-Hoabin ditemukan di gua-gua di Asia Tenggara. Peninggalan kebudayaan ini ditemukan di daerah Indonesia, yaitu:;Kalimantan Barat;Sumatera Timur;Sulawesi Selatan;Nusa Tenggara Timur;#;C
7;Dolmen dan menhir merupakan peninggalan kebudayaan dari zaman:;Batu tua;Batu tengah;Batu muda;Batu besar;#;D
7;Zaman logam di Indonesia dimulai pada:;Zaman Tembaga;Zaman Perunggu;Zaman Besi;Zaman Megalitikum;#;B
7;Belati Dongson ditemukan di daerah:;Makassar;Sumatera Selatan;Jawa Timur;Flores;#;D
7;Masyarakat pra aksara hidup secara nomaden. Nomaden artinya:;Bergantung pada alam;Berpindah dari satu tempat ke tempat lain;Mengumpulkan bahan makanan;Berburu binatang;#;B
7;Kebudayaan kapak lonjong masuk ke Indonesia melalui:;Semenanjung Malaka ke Sumatera;Semenanjung Malaka ke Kalimantan;Filipina ke Kalimantan;Filipinan ke Sulawesi;#;D
7;Manusia tidak bisa hidup tanpa orang lain. Pernyataan ini menunjukkan bahwa manusia adalah ;mahluk sosial;mahluk bergantung;mahluk berkelompok;mahluk tidak mandiri;#;A
7;Proses di mana orang-orang yang menjalin kontak dan berkomunikasi saling pengaruh mempengaruhi dalam pikiran dan tindakandinamakan;komunikasi;pertemuan;interaksi sosial;komunikasi sosial;#;C
7;Agar interaksi dapat berlangsung dibutuhkan dua syarat yaitu:;adanya kontak sosial dan komunikasi.;Adanya individu dengan individu;Antara individu dengan kelompok;Antara kelompok dengan kelompok;#;A
7;Yang termasuk kontak sosial secara tidak langsung adalah;berkenalan di depan kelas;bersalaman ketika saling bertemu;surat menyurrat;bersapaan ketika bertemu;#;C
7;Komunikasi dengan menggunakan bahasa-bahasa isyarat disebut dengan;komunikasi non-verbal.;komunikasi verbal;komunikasi tidak langsung;komunikasi isyarat;#;A
7;Kedudukan atau posisi seseorang dalam kelompok atau masyarakat disebut;kedudukan;status;posisi;harga diri;#;B
7;Suatu proses mempelajari kebiasaan dan tata kelakukan untuk menjadi bagian dari suatu masyarakat, disebut;belajar hidup;sosialisasi;interaksi sosial;belajar sosial;#;B
7;Yang menjadi media sosialisasi adalah;orang tua;keluarga;lingkungan;tempat tinggal;#;B
7;Ciri atau watak yang khas dan konsisten sebagai identitas seorang individu, disebut;karakter;ciri khas;kepribadian;identitas;#;C
7;Proses sosial di mana suatu kebudayaan menerima unsur-unsur dari suatu kebudayaan lain tanpa menyebabkan hilangnya bentuk kepribadian sendiri dinamakan;akulturasi;akomodasi;kontroversi;interaksi;#;A
7;Ciri-ciri manusia sebagai makhluk sosial (homosocious) adalah ...;Menaati aturan;Suka berkelompok;Mencari kesejahteraan;Suka menolong;#;B
7;Ciri manusia sebagai makhluk ekonomi (homoeconomicus) adalah ...;Menaati aturan;Suka berkelompok;Mencari kesejahteraan;Suka menolong;#;C
7;Berikut ini yang bukan merupakan ciri manusia sebagai makhluk sosial yang bermoral adalah ...;suka menghargai prestasi orang lain.;menghargai hak-hak orang/kelompok lain.;menganiaya orang yang dianggap melanggar hukum.;menghindarkan diri dari pergaulan bebas yang tak terbatas.;#;C
7;Berikut ini yang bukan merupakan ciri manusia sebagai makhluk ekonomi yang bermoral adalah .;mencari nafkah dengan jalan yang khalal.;memperdagangkan lukisan hewan yang dilindungi pemerintah.;membudidayakan hutan lindung untuk kepentingan penelitian.;melakukan penebangan kayu hutan secara illegal untuk menghidupi keluarga.;#;D
7;Makhluk ekonomis artinya ...;hemat;pelit;murah hati;rasional;#;D
7;Apa yang dipersoalkan dalam ilmu ekonomi?;Apa yang diproduksi;Bagaimana memproduksi;Untuk siapa memproduksi;Bagaimana memenuhi kebutuhan;#;D
7;Kata ekonomi berasal dari kata oikonomia yang berasal dari bahasa ...;Inggris;Latin;Yunani;Sansekerta;#;C
7;Arti sempit dari ilmu ekonomi adalah ...;Aturan;Rumah Tangga;Aturan Rumah Tangga;Ilmu tentang Aturan Rumah Tangga;#;C
7;"Dari berbagai pernyataan berikut, yang bukan menunjukkan arti kata ""terbatas"" adalah ...";Kemampuan membeli;Kemampuan menyediakan;Tidak mampu melakukan;Daya beli;#;C
7;Pernyataan ini sesuai dengan prinsip ekonomi, kecuali ...;dengan korban sekecil-kecilnya, diperoleh hasil sebesar-besarnya.;dengan korban tertentu, diperoleh hasil sebesarnya.;untuk hasil tertentu, diupayakan korban sekecil-kecilnya.;dengan korban tertentu, dicapai kepuasan maksimal.;#;D
7;Dengan berprinsip-ekonomi, kegiatan manusia akan menjadi ...;efisien.;efektif.;ekonomis.;produktif.;#;A
7;Pernyataan yang bukan merupakan contoh penerapan prinsip ekonomi bagi konsumen diantaranya adalah ...;mencari informasi adanya promosi yang benar;menyusun skala prioritas kebutuhan;mengetahui jumlah barang serupa yang beredar;membandingkan harga barang di beberapa tempat;#;C
7;Menekan biaya bahan dan tenaga kerja merupakan penerapan prinsip ekonomi bagi ...;Produsen;Konsumen;Distributor;Pedagang;#;A
7;Pak Hadi bekerja dengan keras sehingga menjadi orang yang terpandang dan disegani banyak orang di kampungnya. Motif yang dimiliki Pak Hadi adalah ...;keuntungan;kekuasaan;penghargaan;kedudukan;#;C
7;Pengelola rumah jompo melayani dengan penuh kasih setiap manula yang ada. Motif yang dimilikinya adalah ...;pendidikan;kedamaian;kedudukan;penghargaan;#;B
7;Memilih lokasi yang strategis merupakan contoh penerapan ...;tindakan ekonomi;motif ekonomi;prinsip ekonomi;konsep ekonomi;#;C
7;Tindakan ekonomi yang didasari prinsip ekonomi akan menghasilkan ...;pemborosan;efisiensi;efektifitas;ekonomis;#;B
7;Dari berbagai kegiatan dibawah ini yang termasuk penerapan prinsip ekonomi adalah ,...;menawar;tidak berbelanja;memasak;berolahraga;#;A
7;"Pak Burhan berusaha membuka ""bengkel sepeda motor"" di rumahnya Kegiatan Pak Burhan tersebut didorong oleh keinginannya untuk menambah penghasilan/pendapatan keluarganya. Di samping itu, ia juga ingin mendidik anaknya agar mampu mengelola usaha secara mandiri. Pak Burhan juga ingin membantu menciptakan lapangan kerja bagi warga masyarakat di sekitarnya";ekonomi, penghargaan, kekuasaan;ekonomi, sosial, kedamaian;sosial, kedamaian, pendidikan;ekonomi, sosial, pendidikan;#;D
7;Warna hijau pada peta menggambarkan daerah...;Danau;Laut;dataran rendah;pegunungan;#;C
7;Daerah pegunungan, pada peta digambarkan dengan warna:;biru;coklat;kuning;hijau;#;B
7;Berikut ini sajian informasi dari globe, kecuali:;menunjukkan sitem garis lintang dan bujur;memperlihatkan gambaran sebagian permukaan bumi;memperagakan gerak rotasi bumi;menunjukkan bentuk bumi;#;B
7;Negara berikut ini termasuk pada Bujur Barat, kecuali:;Libya;Kanada;Brasil;Maroko;#;A
7;Negara berikut ini berada pada garis LU, kecuali:;Ethiopia;Korea Selatan;Zaman Selatan;Suriname;#;C
7;Setiap anak SMP Indonesia punya mental map bahwa:;Kalimantan Timur terletaka disebelah barat Sulawesi;Kalimantan Timur terletak disebelah timur Jawa timur;Kalimantan Timur terletak disebelah utara Madura;Kalimantan Timur terletak disebelah barat Kalimantan Selatan;#;B
7;Keterangan berikut ini yang biasanya menggunakan simbol geometrik adalah:;danau;sungai;gunungapi;hutan;#;A
7;Peta Dusun Sukoharjo berskala 1: 2000, berarti 1 cm di peta sama dengan ...;2000 meter;2 km;200 meter;20 meter;#;D
7;Peta Pulau Bali berskala 1: 450.000, berarti 1 cm di peta sama dengan ...;4,5 km;45 km;450 km;450 m;#;A
7;Jarak pada peta 1 cm = 0,75 km berarti peta berskala 1:;75.000;7500;750;750.000;#;A
7;Indonesia terletak disebelah Timur kota Greenwich, maka dari itu jika di Indonesia bagian tengah pukul 10 pagi, berarti di Greenwich pukul;02.00;12.00;03.00;05.00;#;C
7;Selisih Bujur Timur garis bujur di Indonesia adalah;45 0;400;460;350;#;C
7;"Indonesia diakui dunia internasional sebagai negara kepulauan disebut ""Archipelago State"" dalam konvensi hukum laut internasional di kota:";Boinos Aires;Brasilia;Montego Bay;Paramaribo;#;C
7;Berdasarkan konvensi tersebut batas wilayah teritorial laut Indonesia menjadi ;13 mil dari pantai;12 mil dari garis dasar;14 mil dari batas pasang;15 mil dari garis dasar;#;B
7;Demi kepentingan perdamaian dunia, Indonesia harus menyediakan jalur pelayaran untul lalu lintas damai yang disebut ALKI, singkatan dari:;Alternatif Laut Kepulauan Indonesia;Alur Lalu lintas Kepulauan Indonesia;Alur Luar Kepulauan Indonesia;Alur Laut kepulauan indonesia;#;D
7;Musim penghujan di Indonesia dipengaruhi oleh peredaran matahari semu tahunan, karena itu musim penghjan di Indonesia dipengaruhi oleh ;angin musim utara;angin muson timur;angin muson barat;angi musim selatan;#;C
7;Fauna Indonesia yang tergolong Asiatis, meliputi Pulau Sumatra, Kalimantan, Jawa dan Bali, berada di;Paparan Natuna;Paparan Sahul;Paparan Sunda;Paparan Karimun;#;C
7;Hutan di Indonesia berdasarkan kondisi iklim ,relief dan kesuburan tanahnya dibagi menjadi hutan Tropis, Musim, Sabana, dan Bakau. Ciri-ciri hutan musim yang paling menonjol adalah:;daun selalu hijau;pohonnya tinggi;pada musim kemarau meranggas;pada musim penghujan banyak berbunga;#;C
7;Perbandingan komponen tanah yang baik yang dibutuhkan tanaman terdiri dari sebagai berikut, komponen yang tidak baik adalah:;mineral 45%,;bahan organik 5%,;air 25%, dan;udara 35%;#;B
7;Penduduk kabupaten Samarinda tahu 2000 berjumlah 300.000 jiwa. Kelahiran pada periiode 2000 -2003 tercatat 225. Penduduk pindah masuk 70 orang, pindah keluar 30 orang, meninggal dunia 80 orang. Persentase pertumbuhan penduduk Samarinda adalah;0,01%;0,01%;0,06%;0,60%;#;C
7;Indeks Pembangunan Manusia yang dikenal dengan HDI digunakan untuk mengetahui kesuksesan pembangunan suatu negara. Nilai HDI Indonesia adalah sebesar:;0,711;0,9;0,7;0,6;#;A
7;Proses cuaca terjadi pada lapisan :;Troposfer;Stratosfer;Mesosfer;Termosfer;#;A
7;Lapisan ozon terdapat pada lapisan :;Troposfer;Stratosfer;Mesosfer;Termosfer;#;B
7;Wilayah perairan laut yang memiliki kedalaman kurang dari 200 m dinamakan:;zone neritik;zone bathial;zone abissal;zone litoral;#;A
7;Hujan yang terjadi sebagai akibat adanya pertemuan dua massa udara panas dan dingin disebut hujan :;zenital;orografis;frontal;siklonal;#;C
7;ZEE adalah kawasan perairan laut yang diukur sepanjang:;12 mil dari garis dasar pantai;12 km dari garis dasar pantai;200 mil dari garis dasar pantai;200 km dari garis dasar pantai;#;C
7;Pekerjaan utama masyarakat di daerah dataran tinggi adalah...(Petani);pemandu pendaki;buruh;petani;pedagang;#;C
7;Keaneka ragaman pekerjaan penduduk karena ketersedian fasilitas kehidupan dan kondisi alamnya yang mendukung dapat dijumpai didaerah...;daerah pantai;dataran rendah;dataran tinggi;pegunungan;#;B
7;Jenis pertanian yang diusahakan secara intensif untuk menghasilkan produk tanaman yang bisa dijual atau diperdagangkan disebut...;perikanan;kehutanan;perkebunan;pertanian rakyat;#;C
7;Penggunaan lahan di perdesaan sebagian besar dimanfaatkan untuk...;lahan pertanian;lahan perdagangan;lahan industri;lahan perladangan;#;A
7;Pola permukiman yang berada di sepanjang garis pantai, jalan, dan alur sungai adalah pola...;memusat;menyebar;radial;linier;#;D
7;Teori Waisya mengenai masuknya Hindu Budha ke Indonesia dikemukakan oleh sarjana ...;J.C. Van Leur;N.J Krom;Coedes;R.C. Majumdar;#;B
7;Contoh pengaruh Hindu di Indonesia dalam bidang pemerintahan adalah ...;masyarakat mulai mengenal kepercayaan;mulai dikenal sistem kerajaan;dikenal adanya sistem kasta;kekuasaan Raja bersifat mutlak;#;B
7;Berdasarkan prasasti kerajaan Kutai dapat diketahui adanya tempat suci yang disebut ...;Kunjarakunja;Striangga;Waprakeswara;Dapunta;#;C
7;Salah satu usaha yang dilakukan Kertanegara dalam memperkuat kedudukannya sebagai Raja Singosari adalah ...;mengadakan hubungan persahabatan dengan Raja Campa;memberi jabatan kepada Jayakatwang sebagai Raja Kediri;mengangkat Raden Wijaya sebagai menantunya;mengangkat Mahesa Rangkah sebagai penasihat kerajaan;#;A
7;Perang antara Majapahit dengan kerajaan Pasundan sebagai akibat tindakan Gajah Mada yang mempolitisir semua permasalahan terkenal dengan peristiwa ...;Crada;Bubat;Badender;Sadeng;#;B
7;Tarumanegara yang terletak di Jawa barat adalah kerajaan tertua ke dua setelah kerajaan Kutai yang ada di Kalimantan Timur. Penetapan Tarumanegara sebagai kerajaan tertua ke dua didasarkan ...;perbandingan gaya huruf;angka tahun yang tertera;berita cina;sumber sastra;#;B
7;Candi Prambanan merupakan peninggalan kerajaan dari dinasti Sanjaya. Bangunan suci ini didirikan pada msa pemerintahan ...;Sanjaya;Panankaran;Pikatan;Balaputradewa;#;C
7;Pada masa perkembangannya Majapahit juga banyak karya sastra yang ditulis. Beberapa karya sastra yang ditulis pada zaman Majapahit antara lain ...;Sutasoma, Arjunawijaya.;Arjunawijaya, Arjunawiwaha.;Arjunawiwaha, Smaradahana.;Smaradahana, Gatotkacasraya.;#;A
7;Pada masa kerajaan Singasari berkembang aliran Tantrayana. Aliran ini dimaksudkan untuk menandingi aliran Hewajra yang dianut oleh ...;Kertanegara;Ken Arok;Anusapati;Tohjaya;#;A
7;Majapahit bertekad untuk mempersatukan seluruh Nusantara di bawah kekuasaannya. Banyak cara dilakukan untuk mencapai tujuan itu. Salah satunya melakukan perkawinan politik dengan kerajaan Pasundan, yang kemudian berakhir dengan peristiwa...;Bubat;Sadeng.;Kudadu.;Badander.;#;A
7;Yang membawa masuk ajaran Islam ke Indonesia adalah;Para pedagang;Para ulama dari Gujarat;Para Wali (Wali Songo);Para Santri yang belajar agama Islam di Persia;#;A
7;Bandar-bandar pelabuhan di seluruh Nusantara memiliki peranan yang penting dalam penyebaran agama Islam di Indonesia, karena:;Bandar pelabuhan merupakan penghubung antar pulau;Bandar pelabuah nmerupakan tempat bertemunya saudagar muslim;Bandar pelabuhan merupakan tempat untuk menurunkan dan memuat barang dagangan;Bandar pelabuhan merupakan pintu masuk ajaran Islam di Indonesia;#;D
7;Wali tertua dari Wali Songo adalah:;Sunan Bonang;Sunan Drajat;Maulana Malik Ibrahim;Fatahillah;#;C
7;Kerajaan Islam tertua di Indonesia adalah:;Malaka;Aceh;Samudera Pasai;Perlak;#;D
7;Masjid Demak dibangun oleh:;R. Patah;Adipati Unus;Sultan Trenggono;Pangeran Sabrang Lor;#;A
7;Yang dikenal sebagai Pangeran Sabrang Lor adalah:;R. Patah;Adipati Unus;Sultan Trenggono;Fatahillah;#;B
7;Setelah berhasil mengalahkan Arya Pangiri, maka yang berhak atas Kerjaan Pajang adalah:;Sultan Hadiwiajaya;Sutawijaya;Pangeran Banowo;Arya Penangsang;#;A
7;Kerjaaan Islam di Sulawesi Selatan yang didirikan oleh suku Makassar adalah:;Bone;Sppeng;Gowa;Bugis;#;C
7;Malaka jatuh ke tangan bangsa Portugis pada tahun:;1509;1511;1512;1515;#;B
7;Peninggalan Islam terbesar dalam bidang ilmu pengetahuan adalah:;Ilmu Perbintangan;Arsitek;Seni Sastra;Aljabar;#;A
7;Kedatangan bangsa-bangsa Eropa ke kawasan Indonesia didorong oleh paham kebijakan politik dan ekonomi suatu negara dengan tujuan memupuk hasil kekayaan (berupa emas) sebanyak-banyaknya sebagai standar kesejahteraan dan kekuasaan untuk negara itu sendiri. Hal ini disebut sebagai;merkantilisme;ekonomisme;semangat reconguista;semangat kejayaan;#;A
7;Pergantian atau perubahan secara menyeluruh dalam memproduksi barang yang dikerjakan oleh tenaga manusia atau hewan menjadi tenaga mesin, sering disebut;modernisasi;industrialisasi;revolusi alat;revolusi industri;#;D
7;Untuk mengatasi masalah sosial akibat urbanisasi, maka diambil kebijakan untuk mengirim dan mempekerjakan kaum pengangguran di daerah baru yang dijadikan koloni. Di samping itu, daerah baru juga akan dijadikan sebagai daerah memasarkan kelebihan produk industrinya, daerah pensuplai bahan mentah dan tenaga murah. Pernyataan di atas merupakan faktor pendorong kedatangan bangsa Eropa ke Nusantara, dari;merkantilisme;revolusi industri;semangat 3 G;gold;#;B
7;Dikuasainya perdagangan di Laut Tengah oleh pedagang-pedagang Islam telah mendorong para pedagang Eropa mencari jalan lain di luar kawasan Laut Tengah untuk mencapai penghasil rempah-rempah (Indonesia). Pernyataan di atas merupakan faktor pendorong kedatangan bangsa Eropa ke Nusantara, dari;merkantilisme;revolusi industri;semangat 3G;Jatuhnya Konstantinopel ke tangan Kekaisaran Turki Utsmani;#;D
7;Ambisi bangsa Eropa ke Nusantara terkait dengan upaya mencari untung yang sebesar-besarnya melalui kegiatan perdagangan, terutama rempah-rempah. Hal ini merupakan faktor pendorong kedatangan bangsa Eropa dari faktor;gold;gospel;glory;good;#;A
7;Ambisi bangsa Eropa ke kawasan Timur (Nusantara) berkaitan dengan adanya semangat bangsa-bangsa Barat untuk melanjutkan Perang Salib dan sekaligus menyebarkan agama Kristen. Hal ini merupakan faktor pendorong kedatangan bangsa Eropa dari faktor;god;good;glory;gospel;#;D
7;Kedatangan orang-orang Eropa ke negara-negara di Timur berkaitan dengan hobi berpetualang dari tempat yang satu ke tempat yang lain sebagai wujud mencari kemuliaan, keharuman atau kejayaan. Hal ini merupakan faktor pendorong kedatangan bangsa Eropa dari faktor;glory;good;adventur;gospel;#;A
7;Bangsa Portugis yang memimpin penaklukan Malaka pada tahun 1511 adalah;Vasco da Gama;Bartholomeus Diaz;Barents;Alfonfo d'Albuquerqee;#;D
7;Untuk mengatasi persaingan antara Portugis dan Spanyol di kawasan Maluku, diadakan perjanjian;Tordesilas;Bongaya;Saragosa;Tuntang;#;C
7;kedatangan Belanda di Indonesia pada tahun 1596 dipimpin oleh;Jacob Van Nende;Pieter Both;Cornelis de Heutman;Van Neck;#;C
7;Kegiatan-kegiatan berikut ini dapat dikategorikan sebagai produksi, kecuali ...;kegiatan menghasilkan barang/jasa.;kegiatan menambah nilai guna barang.;kegiatan meningkatkan faedah suatu barang.;kegiatan memanfaatkan barang untuk memenuhi kebutuhan.;#;D
7;Kegiatan produski berikut ini yang dapat dikategorikan sebagai produksi ekstraktif adalah ...;membudidayakan tumbuh-tumbuhan hutan untuk obat.;mengolah kayu hutan untuk menghasilkan mebel.;menangkap ikan laut di lepas pantai.;mengolah pasir sungai menjadi batako.;#;C
7;Bu Yulia memiliki usaha persewaan komputer. Ini berarti bu Yulia melakukan kegiatan produksi ...;jasa.;ekstraktif.;perdagangan.;industri manufaktur.;#;A
7;Pak Tarmin seorang petani yang memiliki lahan pertanian sendiri seluas 2 hektar. Ia menggarap pertaniannya bersama 10 orang pekerja, dengan menggunakan traktor, cangkul, dan alat penyemprot hama. Adapun bibit padi yang digunakan sebanyak 10 kg, pupuknya sebanyak 5 kuintal, dan beberapa liter obat pembasmi hama.;Sumber Alam;. Tenaga Kerja Manusia;Modal;Kewirausahaan;#;A
7;Dalam usaha pertaniannya Pak Tarmin tersebut, faktor produksi yang merupakan modal tetap adalah ...;traktor, cangkul, dan bibit padi.;traktor, cangkul, alat penyemprot hama.;bibit padi, pupuk, dan obat pembasmi hama.;alat penyemprot hama, obat pebasmi hama, dan air.;#;B
7;Produksi harus terus diperluas dan ditingkatkan, agar jumlah dan mutu yang dihasilkan semakin meningkat. Hal itu disebabkan oleh ...;kebutuhan manusia yang tak terbatas.;kebutuhan manusia yang terus bertambah.;kurang majunya ilmu pengetahan dan teknologi produksi.;menurunnya keinginan manusia untuk memenuhi kebutuhan.;#;A
7;Cara perluasan/peningkatan produksi dalam industri garmen (pakaian jadi) berikut ini yang merupakan cara ekstensifikasi adalah ...;menambah jam-kerja pekerja.;mengadakan spesialisasi (pembagian) kerja.;menambah ruang kerja, pekerja, dan mesin jahit produksi.;meningkatkan kemampuan kerja dari para pekerjanya agar lebih produktif.;#;C
7;Perantara distribusi/pemasaran yang membeli barang dari produsen kemudian menjualnya kembali kepada pedagang lain, biasanya dalam partai besar dsebut ...;grosir.;agen.;retailer.;broker.;#;A
7;Faktor-faktor berikut ini dapat mempengaruhi tinggi-rendahnya konsumsi seseorang, kecuali ...;tingkat kekayaan atau pendapatan orang yang bersangkutan.;selera konsumsi orang yang bersangkutan.;iklim dan cuaca di mana orang yang bersangkutan hidup.;jumlah tabungan yang dimiliki orang yang bersangkutan.;#;D
7;Bu Dina memiliki keinginan dan kebutuhan yang beraneka ragam. Tetapi dalam memenuhi kebutuhan, ia mengutamakan pemenuhan kebutuhan pakaian hingga kepuasan terhadap kebutuhan pakaian tersebut sangat tinggi. Sementara itu, pemenuhan kebutuhan yang lainnya kurang diperhatikan. Hal ini berarti cara konsumsi bu Dina lebih bersifat ...;horisontal.;vertikal.;sederhana.;mewah.;#;B
7;Perusahan yang mengelola usaha perikanan (budi daya ikan) dapat disebut ...;perusahaan ekstraktif.;perusahaan agraris.;Perusahaan industri manufaktur.;perusahaan jasa.;#;B
7;Jika beberapa orang ingin mendirikan badan usaha, dan semuanya menginginkan tanggung jawab penuh atas utang-utang badan usaha, maka bentuk badanusaha yang cocok bagi mereka adalah ...;Perusahaan Perorangan (Po).;Persekutuan Firma (Fa).;Persekutuan Komaniter (CV).;Perseroan Terbatas (PT).;#;B
7;Badan usaha yang sebagian pemiliknya bertindak sebagai sekutu aktif, dan sebagian lagi bertindak sebagai sekutu diam adalah ...;Persekutuan Firma (Fa).;Perseroan Terbatas (PT).;Persekutuan Komanditer (CV).;Yayasan.;#;C
7;Bentuk-bentuk badan usaha berikut ini yang untuk mendirikannya tidak perlu pengesahan notaris adalah ...;Persekutuan Firma (Fa).;Persekutuan Komanditer (CV);Yayasan.;Koperasi.;#;A
7;Bentuk badan usaha berikut ini yang semua pemiliknya memiliki tanggung jawab terbatas atas utang-utang badan usaha adalah ...;Persekutuan Firma dan Persekutuan Komanditer.;Persekutuan Komanditer dan Perseroan Terbatas.;Perseroan Terbatas dan Koperasi.;Persekutuan Komanditer dan Yayasan.;#;C
7;Badan Usaha Milik Negara (BUMN) yang membuka kesempatan bagi masyarakat swasta untuk ikut serta menanam modalnya pada BUMN tersebut adalah ...;Perusahaan Perseroan (PT Persero)..;Perusahaan Jawatan.;Perusahaan Umum.;Yayasan.;#;A
7;Yayasan merupakan salah satu bentuk badan usaha yang kegiatan utamanya bergerak di bidang ...;ekonomi;sosial.;budaya.;politik.;#;B
7;Untuk mendirikan koperasi, diperlukan sekurang-kurang ...;10 orang.;15 orang.;20 orang.;30 orang.;#;C
7;Badan hukum koperasi disahkan oleh ...;Menteri Koperasi.;Menteri Kehakiman.;Menteri Perekonomian.;Menteri Dalam Negeri.;#;A
7;Urutan suhu di bawah ini yang benar dari yang tertinggi sampai yang terendah adalah . . . . .;-7°C, -1°C, 0°C;-1°C, -2°C, 1°C;2°C, 0°C, -5°C;-4°C, 1°C, -2°C;#;C
7;Suhu suatu benda adalah -27°C, kemudian dinaikan menjadi 32°C, kenaikan suhu yang terjadi adalah . . . .;-5°C;-8°C;-32°C;-59°C;#;D
7;Perhatikan pernyataan berikut ! (1). - 25 > - 23 (2). - 8 > - 11 (3). - 10 < - 19 (4). 0 > - 20 Pernyataan diatas yang benar adalah . . . .;1, 2 dan 3;1 dan 3;2 dan 4;semua benar;#;C
7;Untuk memenuhi p, q dan r sembarang bilangan berlaku (p + q) = p (q + r). Hal ini disebut sifat . . . .;komutatif;asosiatif;distributif;invers;#;B
7;Bentuk distributif berikut yang benar adalah . . . .;p (q + r) = (p x q) + (q x r);p (q - r) = (p - q) x (q - r);p (q + r) = (p + q) x (q + r);p (q - r) = (p x q) - (p x r);#;D
7;Hasil penjumlahan dari - 14 + (-12) adalah . . . .;-26;2;-2;26;#;A
7;Hasil dari (- 12 - 6) + (4 - (- 7)) adalah . . . .;-11;-6;-7;1;#;C
7;Hasil dari {5 + (-8) - ( - 2) } - { - 3 + 6 + ( - 2)} adalah . . . .;-5;-1;-2;0;#;D
7;Diberikan 1. - 5 + 4 = 9 - 10 2. - 30 - (- 8) = - 22 3. 20 - 18 > -2 + 20) 4. 4 - 3 + 7 > - 9 - 10 Pernyataan - pernyataan yang benar adalah . . . .;1. 2 dan 3;1 dan 3;2 dan 4;Semua benar;#;C
7;Nilai k yang memenuhi dari bentuk k + 89 = 105 adalah . . . .;-16;16;-11;194;#;B
7;Nilai x yang memenuhi dari bentuk - 203 = 49 + x adalah . . . .;-256;154;-154;252;#;C
7;Dalam suatu permainan, seorang pemain mendapatkan nilai 10, - 60, - 40 dan 150. Hasil jumlah nilaninya adalah . . . .;150;180;170;370;#;B
7;Bila x = - 3 maka 8 - x - x² sama dengan . . . .;-14;4;2;28;#;A
7;Diberikan a = - 2, b = - 3, maka nilai 2a - b adalah . . . .;-7;-1;1;7;#;B
7;Dalam suatu tes, jawaban yang benar diberi nilai 4, yang salah diberi -2 dan untuk soal yang tidak dijawab diberi nilai 0. jika dari 25 soal, Andi menjawab dengan benar 18 soal dan 5 soal salah serta sisanya tidak dijawab, maka nilai Andi adalah . . . .;62;65;70;82;#;A
7;Hasil dari adalah . . . .;-200;-72;72;200;#;D
7;Nilai x yang memenuhi penyelesaian dari 150 : ( - x ) = 30 adalah . . . .;-10;-5;5;10;#;B
7;Pernyataan pernyataan berikut adalah benar kecuali . . . .;5 x 8 x ( -7) = - 280;- 9 x ( - 4) x 6 = - 216;( - 3) x ( -11) x ( -8) = - 264;6 x (- 8) x ( - 10) = 480;#;B
7;Hasil dari - 20 x 7 : ( - 5) adalah . . . .;-28;-24;24;28;#;D
7;Nilai p yang memenuhi 15 : ( p + 1 ) = - 3 adalah . . . .;5;4;-5;-6;#;D
7;Hasil dari (-4)³ + 2³ adalah . . . .;-56;-512;-70;-72;#;A
7;Hasil dari 64 - (- 2)⁴ - 2 (-3)³ adalah . . . .;102;118;124;148;#;B
7;Diberikan x = - 4, maka nilai dari 4 - x³ adalah . . . .;-60;16;64;68;#;D
7;Bilangan bulat yang memenuhi x² = 49 adalah . . . .;hanya - 7;hanya 7;hanya - 7 dan 7;hanya 9;#;C
7;Hasil dari (2² x 3²)² adalah . . . .;48;96;729;1296;#;D
7;Bentuk sederhana dari (5³)² x (5⁴)⁵ adalah . . . .;5¹⁴;5¹⁵;5²⁰;5²⁶;#;D
7;Hasil dari (4³ : 4²)⁴ adalah . . . .;16;64;256;625;#;C
7;Bentuk sederhana dari (6p⁵q³) : (p³q²) adalah . . . .;6p¹⁷q¹⁰;1.296p¹⁷q¹⁰;1.296p¹⁷q¹⁴;1.296p²³q¹⁴;#;A
7;Bentuk sederhana dari x³y²z² : x²y²z² adalah;x;y;z;x²;#;A
7;Nilai n yang memenuhi kalimat 2ⁿ = 4³ adalah;2;3;5;6;#;D
7;Nilai dari 1900² adalah . . . .;3,61 x 1.000;3,61 x 10.000;3,61 x 10⁵;3,61 x 10⁶;#;D
7;Setiap tiga hari sekali andrian mengikuti les matematika di Salman Bandung, sedangkan Lita mengikuti les Matematika di tempat yang sama dengan andrian setiap 4 hari sekali. jika pada hari rabu mereka bertemu di tempat les, pada hari apa mereka akan bertemu kembali lagi . . . .;Senin;Selasa;Rabu;Kamis;#;A
7;FPB dari 125 dan 625 adalah . . . .;5;25;125;625;#;C
7;Di dalam suatu kelas terdapat 30 siswa, 10 diantaranya siswa perempuan. Akan dibentuk kelompok belajar yang terdiri dari siswa laki - laki dan perempuan. Kemungkinan terbanyak kelompok yang terbentuk adalah . . . .;2;5;10;20;#;C
7;KPK dari x⁴y² dan xy adalah . . . .;xy;x²y;xy²;x⁴y²;#;D
7;Kelipatan persekutuan terkecil dari 3, 5 dan 7 adalah . . . .;15;21;35;105;#;D
7;FPB dari 45a²b dan 75ab² adalah . . . .;3 ab;9 ab;9a²b³;360a²b³;#;D
7;KPK dan FPB dari 12x²yz dan 8xy³ adalah . . . .;4xy dan 24²y²z;24 xyz dan 24²y³z;24²y³ dan 4xy;24²y³z dan 4xy;#;D
7;Di komplek perumahan dilakukan ronda oleh tiga penjaga keamanan, si a ronda tiap 2 hari sekali, Si B ronda setiap 3 hari sekali dan Si C ronda setiap 4 hari sekali. Pada hari senin mereka melaksanakan ronda bersama sama. Pada hari berikutnya mereka harusnya dapat melaksanakan ronda bersama - sama tapi si C sakit. Pada hari apa mereka melaksanakan ronda bersama sama lagi?;Senin;Selasa;Rabu;Kamis;#;A
7;Teknik dasar menggiring bola memakai kaki potongan dalam pada sepak bola, pergelangan kaki diputar ke arah ...;atas;dalam;luar;belakang;#;C
7;Salah satu teknik dasar menahan bola memakai punggung kaki pada sepak bola, dikala kaki menyentuh bola, kaki ditarik ke arah;luar;dalam;naik;belakang;#;D
7;Di dalam pertandingan sepak bola, setiap team dipimpin seorang pemain yang disebut ...;wasit;kapten;kipper;libero;#;B
7;Sikap awal passing bawah pada permainan bola voli posisi lengan berada di ...;depan bawah;depan atas;depan perut;depan kaki;#;A
7;Ukuran tinggi net putra pada permainan bola voli yakni ...;2,42 m;2,44 m;2,24 m;2,43 m;#;D
7;Passing, servis, smash, blocking yakni tehnik dasar dalam permainan ...;bola basket;bola voli;sepak bola;bola tangan;#;C
7;Deuce pada pertandingan bola voli terjadi apabila kedua regu mendapat nilai sama pada angka ...;21-21;22-22;23-23;24-24;#;D
7;PERBASI yakni singkatan dari;Persatuan Bola Basket Seluruh Indonesia;Persatuan Bulutangkis Seluruh Indonesia;Persatuan Baseball Softball Seluruh Indonesia;Persatuan Binaraga Angkat Besi Seluruh Indonesia;#;A
7;Tujuan utama dalam permainan bola basket yakni ...;menjaga pertahanan dari serangan;memasukkan bola ke keranjang lawan;memainkan bola dengan teknik yang baik;memakai strategi yang jitu;#;B
7;Pada start jongkok, perilaku panggul diangkat setinggi pundak dan berat tubuh dibawa ke muka dikala aba-aba;bersedia;siap;yak;bersedia-yak-siap;#;B
7;Nomor-nomor yang dilombakan pada lari jarak pendek ialah ...;42.195 meter;5.000 meter dan 10.000 meter;800 meter dan 1.500 meter;100 meter, 200 meter, dan 400 meter;#;D
7;Pada dikala lari jarak pendek perilaku tubuh tetap condong ke depan dan disertai dengan ...;lengan diam, gerakan langkah kaki panjang dan cepat;lengan diam, gerakan langkah kaki pendek-pendek dan cepat;lengan diayunkan, gerakan langkah kaki panjang dan cepat;lengan diayunkan, gerakan langkah kaki pendek-pendek dan cepat;#;C
7;Pengertian dari lompat jauh adalah ...;teknik berlari cepat untuk mendapat lompatan yang maksimal dan hasil mendaratnya sanggup diukur terjauh di kolam pasir;suatu gerak cepat dan optimal yang dilakukan di kolam pasir yang harus diukur dengan rangkaian urutan gerak berlari-menolak-melompat-mendarat;gerak lompatan yang dilakukan di lintasan dengan kolam pasir yang dipakai untuk mendarat yang ukurannya sudah ditentukan;suatu upaya gerak lari untuk mendapat hasil lompatan yang terjauh di kolam pasir;#;A
7;Fungsi tolakan dalam lompat jauh yakni untuk ...;mendapat teknik yang sempurna;mendapat lompatan yang sejauh-jauhnya;mendapat kecepatan;mendapat pendaratan sempurna;#;B
7;Salah satu cabang olahraga beladiri yang berasal dari Indonesia yakni ...;Tinju;Kungfu;Karate;Pencak Silat;#;D
7;Berlatih dan melaksanakan olahraga pencak silat sebagai bagian dari kehidupan sehari-hari, merupakan nilai-nilai yang terkandung dalam pencak silat secara ...;nilai-nilai yang terkandung secara mental dan spiritual;nilai-nilai yang terkandung sebagai beladiri;nilai-nilai yang terkandung sebagai seni budaya;nilai-nilai yang terkandung sebagai olahraga;#;A
7;Gerak dasar pencak silat terdiri dari ...;tendangan, pukulan, dan tembakan;berdiri, kuda-kuda, dan bergerak;hindaran, elakan, dan tangkisan;sikap, penguasaan gerak, pembelaan dasar;#;D
7;Kuda-kuda dalam olahraga pencak silat mempunyai pengertian ...;posisi kaki dan tarikan sebagai dasar tumpuan beladiri;posisi kaki tertentu sebagai dasar tumpuan untuk melaksanakan perilaku dan gerakan bela serang;posisi berhenti maupun bergerak untuk mengadakan serangan;posisi kaki dan tangan untuk bergerak maju dan mundur sebagai usaha menyerang;#;B
7;Pada teknik tangkisan pencak silat dengan posisi gerakan tangkisan siku, terdiri dari ...;tangkisan siku dalam dan tangkisan siku luar;tangkisan satu siku dan tangkisan dua siku;tangkisan satu siku dan tangkisan dalam;tangkisan dua siku dan tangkisan luar;#;A
7;Kebugaran jasmani mempunyai pengertian ...;kesanggupan tubuh untuk melaksanakan pekerjaan produktif sehari-hari tanpa adanya kelelahan berlebihan dan masih punya cadangan tenaga;kesanggupan seseorang untuk mengerjakan serta mempraktikkan jenis latihan kekuatan dan daya tahan otot serta nilai disiplin dari tanggungjawab;upaya untuk menghindari kelelahan dan kondisi sakit dengan cara melatih dan mempraktikkan olahraga yang bersifat mendadak dan rekreatif tanpa mengalami kelelahan yang berarti;gerakan untuk menyeimbangkan antara berdiri, bergerak dan berlari secara beruntun untuk meningkatkan kekuatan tubuh dan kecepatan gerak;#;A
7;Gerakan sit up yakni gerakan yang sangat mempunyai kegunaan untuk melatih kekuatan otot ...;kaki;perut;punggung;tangan;#;B
7;Bentuk latihan untuk melatih otot lengan dan pundak yakni ...;Squat jump;Sit up;Push up;melompat memakai dua tangan;#;C
7;Bentuk latihan aktivitas jasmani yang sangat membantu meningkatkan kekuatan dan daya tahan otot kaki antara lain ...;berjalan dan renang;Push up, sit up, dan back up;naik turun tangga, lompat tali/jump rope;lari cepat jarak pendek, lompat tinggi;#;C
7;Gerakan senam yang diiringi dengan ritme yang mengandung keindahan, kehalusan, keluwesan yakni ...;senam sl buyung;senam ketangkasan;SKJ;Senam irama;#;D
7;Induk organisasi senam di Indonesia yakni ...;PERSANI;PERBASI;PRSI;PBSI;#;A
7;Salah satu bentuk senam dasar untuk melatih keseimbangan yakni ...;Sikap lilin;Back up;Squat jump;Push up;#;A
7;Pada dikala melaksanakan gerakan kop stand, kedua tangan dan dahi diletakkan pada matras membentuk ...;Setengah lingkaran;Segi tiga;Garis lurus;Lingkaran penuh;#;B
7;Gerakan kedua tangan menumpu pada matras, pandangan ke bawah, otot perut dikencangkan, jaga keseimbangan dan kedua kaki lurus dan rapat ke atas disebut ...;Head stand;Kopstand;Hand stand;Sikap lilin;#;C
7;Untuk passing jarak pendek dalam olahraga permainan sepakbola pada umumnya menggunakan kaki bagian...;Dalam;luar;punggung kaki;kura-kura kaki;#;A
7;Pemain bisa dikatakan Offside apabila...;tendangan sudut;bola wasit;menerima bola di belakang pemain bertahan lawan;lemparan ke dalam;#;C
7;Menggiring bola yang efektif biasanya menggunakan kaki bagian...;luar;dalam;punggung kaki;tumit;#;B
7;Lama permainan sepak bola adalah...;2 x 50 menit;2 x 45 menit;2 x 40 menit;2 x 35 menit;#;B
7;Organisasi sepakbola dunia adalah...;FIBA;FIFA;VINA;FITA;#;B
7;Tinggi net bola voli adalah...;2,21 m;2,24 m;2,25 m;2,75 m;#;B
7;Bila permainan bola voli melewati luar road/antene maka bola tersebut...;permainan terus berlangsung;bola mati;perlu diulang;bola hidup;#;B
7;Time out dalam permainan bola voli selama...;10 detik;30 detik;20 detik;60 detik;#;B
7;Panjang lapangan bola voli adalah...;16 m;17 m;18 m;19 m;#;C
7;Bila pelaksanaan service tangan yang akan memukul bola berada di bawah, maka service tersebut dinamakan...;Service Atas;Service Bawah;Service samping;Service Cekis;#;B
7;Passing yang dilakukan dari depan dada disebut...;Chess Pass;Over Head Pass;Bounce Pass;Jump Shoot;#;A
7;Jumlah pemain basket per regu adalah...;5 orang;6 orang;7 orang;8 orang;#;A
7;Induk organisasi olahraga basket dunia adalah...;IBF;FIBA;FITA;FIFA;#;B
7;Lemparan bola yang dilakukan oleh wasit pada waktu permainan dimulai disebut...;Jump Ball;Jump Shoot;Jumping;Dribling;#;A
7;Nilai/poin jika shooting dilakukan diluar garis three point adalah...;satu;dua;tiga;empat;#;C
7;Bentuk peluru untuk anak-anak SMP yaitu...;segitiga;bulat;segiempat;segilima;#;B
7;Menggelindingkan peluru bertujuan untuk latihan...;pengenalan;awalan;tolakan;gerakan ikutan;#;A
7;Start yang digunakan untuk lari jarak pendek adalah...;start jongkok;start melayang;start melayang;medium start;#;A
7;Salah satu nomor lari jarak pendek adalah...;300 m;400 m;800 m;600 m;#;B
7;Teknik masuk garis finish adalah...;Tangan diluruskan ke depan;Badan condong ke depan;Kaki melangkah jauh ke depan;Badan tegak;#;B
7;Dibawah ini merupakan aba-aba yang digunakan dalam mengambil start...;Awas, siap, ya;Bersedia, awas, ya;Ya, bersedia, awas;Perhatian, siap, ya;#;B
7;Pukulan pertama untuk memulai permainan bulutangkis disebut...;Sevice;Jump ball;Kick of;Drop shoot;#;A
7;Pemain ganda campuran dalam permainan bulutangkis disebut...;single;double;rubber set;mixed;#;D
7;Game dalam permainan bulutangkis adalah...;15;21;20;25;#;B
7;Pukulan yang dilakukan dari samping kanan disebut...;grip;lobe;forehand;backhand;#;C
7;Apabila permainan dimenangkan oleh pemain secara dua kali menang, maka...;Three wining set;Two wining set;Double set;Two set;#;B
7;Induk organisasi senam Indonesia adalah...;Persani;Perpani;PHSI;Persenami;#;A
7;Pada saat melakukan roll belakang yang jatuh pertama kali...;punggung;pantat;tengkuk;Kepala;#;C
7;Pada saat roll depan, maka dagu harus berposisi pada...;menempel pada dada;lurus ke depan;menempel pada perut;menoleh;#;A
7;Yang bukan termasuk senam ketangkasan adalah...;lompat harimau;push up;roll belakang;roll depan;#;B
7;Berdiri dengan satu kaki merupakan salah satu bentuk senam...;kekuatan;kelentukan;keseimbangan;jatuh ke lantai;#;C
7;Posisi badan perenang gaya dada adalah...;tengkurap;telentang;berdiri tegak;miring ke kiri;#;A
7;Pengambilan nafas dalam renang gaya dada adalah...;mulut;hidung;telinga;tenggorokkan;#;A
7;Peserta lomba renang gaya dada diberangkatkan oleh seorang starter dari garis...;lintasan;finish;start;batas;#;C
7;Gerakan lengan gaya dada adalah...;diputar;mendayung;ke atas ke bawah;membuat lingkaran;#;B
7;Di bawah ini makanan yang tidak mengandung karbohidrat adalah...;nasi;jagung;buah-buahan;gandum;#;C
7;Sebagai sumber tenaga, sumber panas dan cadangan makanan adalah fungsi dari...;karbohidrat;protein;lemak;vitamin;#;A
7;Makanan yang higienis adalah makanan yang...;bersih;sehat;bebas kuman dan penyakit;mengandung Formalin;#;C
7;Perasan nyeri seperti terbakar pada waktu buang air kecil adalah salah satu gejala penyakit...;Aids;HIV;Gonorchea;Sypilis;#;C
7;Penyakit Aids disebabkan oleh...;Virus HIV;Spirochhaeta;Gondok;Bakteri HIV;#;A
7;Dibawah ini Yang termsuk tehnik dasar bola Voliy kecuali adalah...;Passing Bawah;Pass Atas;service;Menendang bola;#;D
7;Pada Saat Menyundul Bola Pada Permainan Sepak Bola, Yang Digunakan Otot...;Punggung;Lengan;Leher;Pinggang;#;C
7;Jumlah Pemain Sepak Bola Tiap Tim Berjumlah...;9 Orang Pemain;10 Orang Pemain;11 Orang Pemain;12 Orang Pemain;#;C
7;Jumlah Hakim Garis Yang Membantu Wasit Pada Permainan Sepak Bola Ada...;1 Orang;2 Orang;3 Orang;4 Orang;#;B
7;Ukuran Lapangan Sepak Bola ...;100 Meter--110 Meter;64 Meter--75 Meter;80 Meter--95 Meter;75 Meter--90 Meter;#;B
7;Saat Menggiring Bola Jika Bola Berada Di Depan Akan Mengakibatkan...;Bola Sukar Direbut;Menghambat Gerakan Maju;Langkah Kaki Tidak Jauh;Bola Mudah Dikontrol;#;B
7;Durasi Waktu Dalam Permainan Bola Voli Ditentukan Oleh ...;Waktu;Inning;Ronde;Game;#;D
7;Pelaku Bloking Pada Permainan Bola Voli Sebanyak...;1 Orang;2 Orang;3 Orang;Maksimal 3 Orang;#;D
7;Anggota Tubuh Yang Boleh Digunakan Dalam Pemain Bola Voli ...;Seluruh Tubuh;Tangan Dan Kaki;Tangan, Kaki, Dan Kepala;Tangan Saja;#;B
7;Ukuran panjang Lapangan Bola Voli ...;17 Meter;18 Meter;19 Meter;20 Meter;#;B
7;Ukuran Lebar Lapangan Bola Voli ...;8 Meter 2;9 Meter 2;10 Meter 2;11 Meter 2;#;B
7;Teknik Dasar Permainan Bola Takraw, Terdiri Dari...;Passing, Servis, Dan Smes;Memukul, Menggiring, Dan Menembak;Menggiring, Menangkap, Dan Menembak;Menendang, Menggiring, Dan Menyundul Bola;#;A
7;Teknik Dasar Permainan Sepak Bola...;Passing, Servis, Dan Smes;Memukul, Menggiring, Dan Menembak;Menggiring, Menangkap, Dan Menembak;Menendang, Menggiring, Dan Menyundul Bola;#;D
7;Teknik Dasar Permainan Bola Kasti adalah...;Passing, Servis, Dan Smes;Memukul, Menangkap, Dan berlari;Menggiring, Menangkap, Dan Menembak;Menendang, Menggiring, Dan Menyundul Bola;#;B
7;Durasi permainan dalam permainan bulutangkis ditentukan oleh ...;poin;jaraknya;waktu;satu putaran;#;A
7;Aturan hidup yang berupa perintah, larangan dan sanksi serta berlaku sebagai petunjuk dalam kehidupan sehari-hari adalah pengertian dari...;adat istiadat;norma;hukum;kebiasaan;#;C
7;Salah satu tujuan dibuatnya peraturan dalam kehidupan masyarakat adalah untuk...;mengekang kebebasan hidup seseorang dalam masyarakat;membatasi seseorang dalam bergaul di tengah-tengah masyarakat;mengatur sikap dan perilaku dalam kehidupan bermasyarakat;memberikan hukuman kepada masyarakat yang bersalah;#;C
7;Perbuatan yang mencerminkan pelaksanaan ketaatan terhadap norma kesopanan adalah ...;berkata jujur kepada orang lain;berbakti kepada orang tua;orang muda menghormati yang tua;taat pada peraturan lalu lintas;#;C
7;Perilaku berbohong adalah salah satu pelanggaran terhadap norma kesusilaan. Sanksi dari pelanggaran norma ini adalah...;akan masuk neraka di akhir zaman;dijatuhi hukuman penjara oleh negara;diasingkan oleh masyarakat selamanya;perasaan bersalah dan rasa malu;#;D
7;Manfaat ketaatan terhadap peraturan yang berlaku bagi diri sendiri adalah...;ketenangan dan tidak merasa dikejar-kejar perasaan bersalah;terciptanya ketertiban dan keamanan di masyarakat;hak dan kewajiban dapat terlaksana secara seimbang;terciptanya keharmonisan dalam kehidupan masyarakat;#;A
7;Hukum menurut bentuknya ada yang tertulis dan tidak tertulis. Salah satu bentuk hukum tertulis dalam kehidupan bernegara adalah...;Undang-undang;Adat istiadat;Kebiasaan;Moral;#;A
7;Manfaat melaksanakan norma hukum dengan penuh kesadaran adalah ...;Menghilangkan tindak kejahatan dalam masyarakat;Menciptakan ketenteraman hidup dalam masyarakat;Mengurangi beban tugas aparat kepolisian;Meningkatkan kewibawaan penegak hukum;#;B
7;Penerapan tata tertib siswa di sekolah memiliki tujuan untuk ...;mengatur sikap dan perilaku siswa agar sesuai dengan ketentuan;mendisiplinkan siswa agar tidak ada yang berbeda pendapat;memberikan rasa takut dengan sanksi yang diberikan sekolah;membatasi ruang gerak siswa di sekolah;#;A
7;"Pasal 1 ayat 3 UUD 1945 menyebutkan bahwa ""Indonesia adalah negara hukum"". Hal ini memiliki makna bahwa ...";penyelenggaraan pemerintahan Negara Indonesia berlandaskan hukum;negara Indonesia mempunyai hukum sejak zaman nenek moyang;hukum di Indonesia dibuat oleh lembaga yang berwenang membuatnya.;negara Indonesia bangga menjadi negara hukum;#;A
7;Contoh sikap dan perilaku yang sesuai dengan norma di lingkungan keluarga adalah...;tidak memalsukan tanda tangan;membayar retribusi sampah dan parkir;menggunakan helm pada saat mengendarai motor;membereskan tempat tidur;#;D
7;Warga negara yang baik adalah warga negara yang mematuhi hukum atas dasar...;takut dikenakan sanksi hukum;menjaga ketertiban,kenyamanan, ketenteraman dan keadilan;diharuskan oleh pemerintah;rugi fisik dan materi jika melanggar hukum;#;B
7;Contoh perbuatan siswa yang mencerminkan ketaatan terhadap peraturan tertulis di sekolah adalah...;melaksanakan apa saja perintah guru;memakai seragam sekolah dengan atribut lengkap;mengerjakan pekerjaan rumah di sekolah;membaca buku di perpustakaan ketika pelajaran berlangsung;#;B
7;Perbuatan yang mencerminkan kesadaran hukum masyarakat dalam kehidupan sehari-hari adalah...;berperilaku sopan dan santun kepada orang yang lebih tua.;selalu berkata jujur kepada setiap orang;selalu membayar pajak tepat pada waktunya.;mengikuti perayaan hari besar agama dengan hikmat.;#;C
7;Contoh sikap bertanggung jawab seorang anak dalam melaksanakan aturan hidup di keluarga adalah ...;membantu pekerjaan orang tua bila disuruh;memberikan usulan pendapat dengan baik dan sopan;mengasuh adik bila menangis;belajar terus walaupun orang tua menyuruh;#;A
7;Makna proklamasi kemerdekaan bagi bangsa Indonesia adalah...;perjuangan terakhir bangsa Indonesia;kewajiban bangsa Indonesia;tujuan akhir bangsa Indonesia;titik puncak perjuangan bangsa Indonesia;#;D
7;Kemerdekaan merupakan hak bagi setiap warga negara dalam kehidupannya. Hakikat kemerdekaan di maksud adalah...;setiap orang bebas melakukan sesuatu sekehendak hatinya.;setiap orang bebas berbuat tanpa terikat aturan.;kebebasan untuk berbuat dengan tidak melanggar norma yang berlaku.;bebas dari penderitaan yang diakibatkan oleh penjajah.;#;C
7;Faktor penyebab utama rakyat Indonesia sering gagalnya dalam perjuangan mengusir penjajah di masa lalu adalah...;persenjataan rakyat Indonesia kalah canggih dibanding penjajah;perlawanan banyak dipimpin oleh para ulama dan tokoh masyarakat;perlawanan rakyat Indonesia masih kedaerahan dan belum bersatu;para pejuang bangsa Indonesia bermental lemah;#;C
7;Contoh sikap memaknai Proklamasi Kemerdekaan Indonesia dan UUD 1945 adalah...;Rela berkorban harta agar terpilih menjadi pemimpin negara;Mentaati segala bentuk peraturan yang berlaku di masyarakat;Berani menentang bangsa-bangsa yang datang dari Barat;Bersedia ikut membela negara apabila dibutuhkan;#;B
7;Sikap bangsa Indonesia untuk menghapuskan segala bentuk penjajahan di seluruh dunia, seperti yang tercantum dalam Pembukaan UUD 1945 alinea IV adalah dengan alasan...;penjajahan bertentangan dengan perikemanusiaan dan perikeadilan;penjajahan dilakukan oleh bangsa barat untuk mengambil kekayaan rempah-rempah;penjajah selalu membawa budaya barat yang tidak sesuai kepribadian bangsa;Belanda adalah penjajah yang paling lama menguasai wilayah Indonesia;#;A
7;Proklamasi kemerdekaan merupakan pernyataan kedaulatan Negara Indonesia. Hal ini mengandung makna bahwa...;Negara Indonesia dapat menentukan masa depan bangsa tanpa campur tangan negara lain;Negara Indonesia tidak akan berhubungan lagi dengan bangsa-bangsa yang pernah menjajah.;Negara Indonesia akan meminta tanggung jawab negara penjajah untuk mengganti kerugian masa lalu;Bangsa Indonesia bertekad untuk menentang segala bentuk penjajahan di dunia;#;A
7;Tugas dan kewajiban pelajar dalam mengisi kemerdekaan Indonesia sekarang ini adalah dengan cara...;rajin belajar agar tidak dimarahi orang tua;menuntut ilmu pengetahuan dengan sungguh-sungguh;aktif dalam semua organisasi di masyarakat;senang dalam kegiatan ekstra kurikuler sekolah;#;B
7;Partisipasi yang dituntut dari setiap warga negara dalam mengisi kemerdekaan dapat dilakukan dengan cara...;aktif berperan serta dalam pembangunan sesuai profesinya;ikut serta memerangi musuh dari luar negeri;membangun rumah sederhana di dekat sungai;naik kereta api tanpa membayar karcis;#;A
7;Sikap dan perilaku yang harus ditunjukkan warga negara dalam meneruskan cita-cita pahlawan bangsa adalah dengan cara...;pantang menyerah dalam merebut jabatan di pemerintahan;suka membantu orang lain supaya disebut pahlawan bangsa;mentaati peraturan yang menguntungkan kita;rela berkorban untuk kepentingan bangsa tanpa pamrih;#;D
7;Usaha yang dapat dilakukan siswa dalam mewujudkan cita-cita proklamasi adalah ...;harus menjadi anggota TNI;menjaga perbatasan wilayah;ikut mengangkat senjata;belajar yang rajin untuk kemajuan bangsa;#;D
7;Sebagai generasi penerus perjuangan bangsa, kita wajib menghargai jasa-jasa para pahlawan dengan cara...;menjadikan namanya sebagai nama jalan;tabur bunga pada peringatan hari pahlawan;melanjutkan perjuangan dengan pembangunan di segala bidang;menuntut kepada pemerintah untuk mendapat penghargaan;#;C
7;Hubungan antara Proklamasi dengan Pembukaan UUD 1945 adalah sebagai berikut...;Proklamasi dan Pembukaan UUD 1945 adalah sama-sama sumber hukum.;Pembukaan UUD 1945 merupakan uraian terinci dari Proklamasi Kemerdekaan;Pembukaan UUD 1945 merupakan sumber hukum bagi Proklamasi Kemerdekaan.;Pembukaan UUD 1945 terdiri dari 4 alinea dan 4 pokok pikiran;#;B
7;Pokok pikiran ke-3 yang terkandung dalam Pembukaan UUD 1945 adalah ...;negara berdasarkan atas persatuan;negara hendak mewujudkan keadilan sosial bagi seluruh rakyat Indonesia;negara yang berkedaulatan rakyat;negara berdasarkan atas Ketuhanan Yang Maha Esa;#;C
7;Sidang PPKI pada tanggal 18 Agustus 1945 menetapkan bahwa negara Indonesia secara de facto memiliki...;wilayah yang luas;rakyat Indonesia yang banyak;pemerintahan yang sah dan berdaulat;pengakuan kedaulatan dari pemerintah Belanda;#;C
7;Sistem pemerintahan Negara Indonesia adalah berdasarkan konstitusional. Hal ini berarti ...;memberikan wewenang kekuasaan yang luas kepada pemerintah;pemerintahan Indonesia dijalankan berdasarkan hukum;meminimalkan peran pemerintah;menghapus kekuasaan pemerintah;#;B
7;Sikap positif yang harus diwujudkan untuk meneladani suasana kebatinan proses perumusan konstitusi pertama adalah...;mengutamakan persatuan dan kesatuan bangsa;mengutamakan kepentingan pribadi dan golongan;meyakini bahwa perbedaan pendapat merupakan suatu hal yang tidak dibenarkan;meyakini bahwa pihak yang kuatlah yang didengar pendapatnya;#;A
7;Perilaku positif warga negara terhadap pelaksanaan nilai-nilai konstitusi dapat dilakukan dengan cara...;menjunjung dan melaksanakan hukum yang berlaku;melaksanakan peraturan negara yang menguntungkan pribadi;aktif menegakan hukum dengan menghalalkan segala cara;aktif menjadi pengacara untuk mendapatkan imbalan yang besar;#;A
7;Masyarakat harus memiliki sikap positif dalam mendukung pelaksanaan pasal 33 UUD 1945 yakni dengan cara...;aktif mensukseskan pelaksanaan pemilu yang bebas;berpartisipasi dalam kegiatan donor darah;ikut serta dalam organisasi kepramukaan;membayar pajak tepat waktu;#;D
7;Lembaga Negara yang berwenang mengubah dan menetapkan UUD 1945 adalah ...;Mahkamah Konstitusi;Presiden dan Wakil Presiden;Dewan Perwakilan Rakyat;Majelis Permusyawaratan Rakyat;#;D
7;Salah satu tujuan Negara RI yang tercantum dalam Pembukaan UUD 1945 alinea IV adalah ...;melindungi segenap kekuasaan negara dan seluruh pimpinannya;memajukan kesejahteraan rakyat pendukung pemerintahan;ikut melaksanakan ketertiban negara-negara ASEAN;mencerdaskan kehidupan bangsa;#;D
7;Setiap manusia memiliki kebebasan menggunakan hak, tetapi pada hakekatnya hak tersebut bersifat...;bebas dan bertanggung jawab;sempit dan terbatas;luas tetapi terbatas;bebas tetapi terbatas;#;D
7;Setiap manusia wajib menyadari bahwa setiap hak itu selalu diimbangi dengan...;sanksi;kewajiban;tanggung jawab;kebebasan;#;B
7;Berikut adalah piagam-piagam yang menjunjung HAM yang muncul di negara Inggris, kecuali...;UDHR;Habeas Corpus Act;Bill of Rights;Magna Charta;#;A
7;Membayar uang sekolah bagi seorang siswa termasuk...;hak;kewajiban;kewenangan;kesenangan;#;B
7;Yang termasuk hak asasi pribadi meliputi sebagai berikut, kecuali...;hak memeluk agama;hak mengeluarkan pendapat;hak memiliki sesuatu;hak berorganiasi;#;C
7;Yang termasuk hak asasi ekonomi adalah sebagai berikut, kecuali...;hak membeli;hak mengadakan perjanjian;hak memilih pekerjaan;hak memajukan negara;#;D
7;Semboyan liberty, egality dan fraternity adalah semboyan dari negara perintis HAM yakni...;Indonesia;Perancis;Amerika;Inggris;#;B
7;Universal Declaration of Human Rights disyahkan oleh PBB pada tanggal;10 Nopember 1948;10 Desember 1908;10 Desember 1948;10 Nopember 1908;#;C
7;Indonesia secara khusus mengatur tentang HAM tercantum pada pasal...;27-28;28A-28J;29;36A-36C;#;B
7;Berikut ini termasuk hak siswa di sekolah, kecuali...;menerima rapot;bertanya;mengikuti ulangan;belajar;#;C
7;Kelahiran UUD 1945 dibandingkan UDHR maka UUD 1945 ...;menjiplak UDHR;dibuat sesudah UDHR;bersamaan UDHR;lebih dahulu dibuat dibandingkan UDHR;#;D
7;Pengadilan HAM bertugas menangani ...;pelanggaran HAM berat;pelanggaran HAM;pencurian HAM;pembunuhan;#;A
7;Komnas HAM diatur dengan UU HAM Nomor...;8 Tahun 1998;39 Tahun 1999;10 Tahun 1999;9 Tahun 1998;#;B
7;Pengadilan HAM menyatu dengan...;Peradilan Umum;Peradilan Agama;Peradilan Militer;Peradilan Administrasi;#;A
7;Lembaga swadaya masyarakat yang termasuk lembaga perlindungan HAM adalah...;Jarkot;ELSAM;Humanika;Green Peace;#;B
7;LBH dalam menjalankan tugas bersifat pengabdian dan profesional. Profesional artinya tindakannya sesuai dengan...;tugas yang dibebankan;peraturan masyarakat;keahliannya;keinginan masyarakat;#;C
7;Berikut termasuk fungsi dari Komnas HAM, kecuali...;penyelidikan;penyuluhan;mediasi;pemantauan;#;B
7;Contoh pelanggaran HAM yang sering dilakukan perorangan adalah...;penyitaan;penjajahan;penganiayaan;penggusuran;#;C
7;Contoh pelanggaran berat HAM yang termasuk tindak kejahatan terhadap kemanusiaan adalah...;penipuan;perbudakan;pencurian;pemalsuan;#;B
7;Lembaga perlindungan HAM yang melindungi korban tindak kekerasan dan orang hilang adalah...;kepolisian;LBH;Kontras;Komnas HAM;#;C
7;Akibat dari banyaknya pelangaran HAM adalah...;rakyat pedesaan menderita;kekacauan di kota-kota;pemimpin malas bekerja;kesengsaraan masyarakat;#;D
7;Yang termasuk pelanggran HAM berat adalah...;pencurian;perampokan;kejahatan terhadap manusia;genosida;#;D
7;Sikap siswa yang seharusnya dilakukan dalam upaya penegakan HAM di sekolah adalah...;mempelajari tata tertib sekolah;mematuhi perintah guru di sekolah;mematuhi tata tertib di sekolah;belajar dengan giat dan rajin;#;C
7;Contoh pelaksanaan instrumen HAM di sekolah adalah...;mengunjungi teman yang sakit;memakai pakaian seragam sesuai ketentuan;mengikuti kegiatan karang taruna;turut serta dalam diskusi kelompok;#;B
7;Dukungan warga negara dalam penegakan HAM adalah...;melaksanakan instrumen HAM;mendaftarkan diri menjadi anggota Komnas HAM;turut menyelidiki berbagai kasus HAM;membantu polisi menangkap penjahat;#;A
7;Berikut ini adalah arti dari pendapat, kecuali...;ide;gagasan;buah pikir;bebas dari tekanan;#;D
7;Tata cara mengemukakan pendapat secara tulisan antara lain sebagai berikut, kecuali...;diskusi;pamflet;selebaran;brosur;#;A
7;Tata cara mengemukakan pendapat secara lisan antara lain sebagai berikut ...;membisu;diskusi;mogok makan;teaterikal;#;B
7;Mengemukakan pendapat selain tulisan dan lisan antara lain melalui...;teaterikal;pidato;surat kabar;musyawarah;#;A
7;Dalam UUD 1945 yang mengatur kebebasan mengemukakan pendapat diatur dalam pasal...;27;28;29;30;#;B
7;Kemerdekaan mengeluarkan pendapat sangat penting bagi kehidupan demokrasi karena akan membawa dampak positif antara lain sebagai berikut, kecuali:;membiasakan masyarakat untuk berfikir kritis dan reponsip;merasa ikut memiliki dan ikut bertanggung jawab atas kemajuan bangsa dan negara;dapat mengemukakan pendapat sepuas-puasnya;meningkatkan demokrasi dalam kehidupan sehari-hari;#;C
7;Penyampaian pendapat di muka umum dengan cara arak-arakan disebut...;demonstrasi;pawai;mimbar bebas;rapat umum;#;B
7;Undang-undang yang mengatur tentang Penyiaran yaitu...;UU No. 30 Tahun 2002;UU No. 31 Tahun 2002;UU No. 32 Tahun 2002;UU No. 33 Tahun 2002;#;C
7;Undang-undang yang mengatur tentang Pers yaitu...;UU No. 40 Tahun 1999;UU No. 41 Tahun 1999;UU No. 40 Tahun 1998;UU No. 41 Tahun 2000;#;A
7;Undang-undang yang mengatur tentang Kemerdekaan Menyampaikan Pendapat di Muka Umum adalah...;Undang-undang No. 8 Tahun 1998;Undang-undang No. 9 Tahun 1998;Undang-undang No. 10 Tahun 1998;Undang-undang No. 11 Tahun 1998;#;B
7;Tata cara penyampaian pendapat di muka umum harus diberitahukan secara tertulis kepada...;Polri;Camat;Walikota;Gubernur;#;A
7;Pemberitahuan harus disampaikan oleh pemimpin atau penanggung jawab, tiap seratus orang pelaku harus ada ... orang penanggung jawab;4;5;6;7;#;B
7;Pemberitahuan selambat lambatnya ... jam sebelum kegiatan dimulai telah diterima Polri setempat;2 x 24 jam;3 x 24 jam;4 x 24 jam;5 x 24 jam;#;B
7;Kewajiban dan tanggung jawab warga negara yang mengemukakan pendapat di muka umum antara lain sebagai berikut, kecuali...;menghormati hak-hak dan kebebasan orang lain;menghormati aturan-aturan moral yang diakui umum;menjaga dan menghormati keamanan dan ketertiban pribadi;mentaati hukum dan ketentuan peraturan perundang undangan yang berlaku;#;C
7;Penyampaian pendapat di muka umum tidak dapat dilaksanakan di tempat-tempat umum sebagai berikut, kecuali...;instalasi militer;rumah sakit;pelabuhan udara atau laut;lapangan olah raga;#;D
7;Pembatasan-pembatasan kemerdekaan mengemukakan pendapat akan berakibat :;munculnya sikap acuh tak acuh;munculnya kekecewaan masyarakat;terbentuknya penguasa yang pemerintahan yang jujur;mengancam stabilitas politik, ekonomi sosial budaya;#;D
7;Hari besar keagamaan yang tidak boleh untuk digunakan demo adalah sebagai berikut, kecuali...;Natal;Hari Raya Nyepi;Hari Raya Isa Al Masih;Proklamasi Kemerdekaan RI;#;D
7;Berikut adalah cara-cara penyampaian pendapat secara tertulis, kecuali...;petisi;diskusi;selebaran;spanduk;#;B
7;Berani menanggung resiko dari perbuatannya dan menghindari sikap buruk sangka dan lalai adlah pengertian...;tanggung jawab;komitmen;inisiatif;sportif;#;A
7;Yang dimaksud dengan disiplin adalah...;tidak mau menang sendiri dan ingkar janji;segera menyelesaikan pekerjaan rumah meskipun sedikit dan mudah;sikap taat dan patuhyang harus diwujudkan dalam perilaku sehingga taat dan patuh pada ketentuan-ketentuan yang berlaku;senang menyampaikan pendapat atau buah pikiran;#;C
7;Menghargai cara mengemukakan pendapat yang dilakukan secara benar dan bertanggung jawab antara lain :;menghormati hak-hak, tugas dan tanggung jawab orang lain;menghargai pendapat, pikiran atau gagasan orang lain;menghormati pimpinan baik di keluarga, masyarakat yang melaksanakan tugas demi kepentingan bangsa;tak menghormati aturan-aturan moral yang diakui umum;#;B
7;Penyampaian pendapat yang tanpa batas dan tidak bertanggung jawab akan menyebabkan hal-hal sebagai berikut, kecuali:;melahirkan suasana tidak tertib, kekacauan dan tidak aman;menciptakankan rasa kebersamaan;menimbulkan ancaman keselamatan umum;memunculkan rasa permusuhan, penghinaan, dendam;#;B
7;Cara menyampaikan pendapat yang dilakukan secara benar dan bertanggung jawab di lingkungan;mengutarakan pendapat dengan tetap menghormati ayah dan ibu sebagai orang tua;menerima pendapat yang baik untuk kepentinga keluarga tanpa rasa terpaksa;menghargai dan mendengarkan pendapat anggota keluarga yang lain sekalipun bertentangan dengan pendapat kita;memaksakan keinginan kepada orang tua;#;C
7;Membiasakan diri mengemukakan pendapat secara benar dan bertanggung jawab di lingkungan sekolah adalh sebagai berikut, kecuali...;selalu menghindari musyawarah di sekolah setiap menghadapi kegiatan;selalu hadir jika diundang dalam musyawarah yang diadakan oleh OSIS;selalu berusaha memberikan saran dan atau usul;selalu melaksanakan hasil musyawarah yang diadakan oleh OSIS;#;A
7;Ideologi dapat dijadikan suatu pedoman dalam suatu kegiatan untuk mewujudkan.....;kebenaran dan keadilan;nilai yang termuat didalamnya;kebersamaan;kebebasan dalam berfikir;#;A
7;Ideologi terbuka, mengandung makna bahwa nilai-nilai ideologi......;terbuka terhadap pemikiran dan perkembangan baru di masyarakat;tidak dapat dikompromikan dengan kemauan masyarakat;terbuka terhadap pengaruh yang datangnya dari Negara lain;tidak dapat dipaksakan oleh Negara lain;#;A
7;Suatu bangsa yang beraneka ragam ras,etnis,agama dan budaya akan diatur oleh suatu ideologi yang menjadi......;pengatur bangsa;pandangan bangsa;pemersatu bangsa;hukum bangsa;#;C
7;Dengan adanya ideologi dimaksudkan untuk mendidik masyarakat agar......;dapat mengemukakan pendapat sesuai dengan suara hati;tidak ada pemaksaan terhadap suatu peraturan;dapat meningkatkan kesejahteraan masyarakat;bertingkah laku sesuai dengan norma yang berlaku;#;D
7;Secara historis nilai-nilai pancasila itu sudah dimiliki oleh bangsa Indonesia sejak....;dipimpin oleh rakyatnya sendiri;pra kemerdekaan Indonesia;proklamasi kemerdekaan 17 Agustus 1945;bangsa Indonesia itu sudah bisa berdiri sendiri;#;B
7;Notonegoro terjadinya pancasila sebagai dasar filsafat Negara memuat hal sebagai berikut, keculi....;bahan;bentuk;tujuan;janji;#;D
7;Pancasila yang dinyatakan resmi rumusanya terdapat dalam...;Sidang BPUPKI;Jakarta carter;UUD 1945;Pembukaan UUD 1945;#;D
7;Sebagai sumber dari segala sumber hokum, pancasila memiliki fungsi....;tujuan bangsa;pemersatu bangsa;dasar Negara;perjanjian bangsa;#;C
7;Perilaku yang kurang sesuai dengan kreteria Nasionalisme Pancasila yaitu.....;ikut bekerja bakti di kampong;hanya bergaul dengan kelompoknya saja;menghormati orang lain;berbuat secara adil dan benar;#;B
7;Menghargai orang lain merupakan sikap orang yang merdeka,oleh sebab itu kebebasan yang diperoleh hendaknya......;dipergunakan sebagai alat menjadikan orang lain menjadi keluarga dalam rumah tangga;dipergunakan sebagai alat menjadikan orang lain merasa resah tidak bahagia;dipergunakan alat menjadikan orang lain tidak bahagia;dipergunakan sebagai alat orang lain merasa sejahtera dan bahagia;#;D
7;Penerapan nilai-nilai pancasila dapat dibangun dan ditumbuhkembangkan melalui proses...;sosialisasi dengan masyarakat;pembelajaran tentang nilai dan sikap yang sesuai dengan pancasila;perkembangan dan pertumbuhan sifat manusia;pembenahan diri;#;B
7;Di bawah ini merupakan usaha-usaha untuk melestarikan budaya bangsa, kecuali....;memasukkan nilai-nilai budaya bangsa melalui kurikulum pendidikan dasar di sekolah;mengadakan pertukaran budaya antar wilayah;memberikan dukungan moril dan materiil dalam upaya pembinaan sanggar budaya;menjakan budaya asing menjadi budaya bangsa;#;D
7;Menurut cara mengubah konstitusi,apabila konstitusi dalam merubahnya tidak memerlukan cara yang istimewa maka konstitusi tersebut bersifat......;rigit;fleksibel;tertulis;kaku;#;B
7;Bentuk pemerintahan pada masa konstitusi RIS ialah......;republik;federal;kesatuan;kerajaan;#;B
7;Berikut ini yang bukan merupakan sifat konstitusi adalah......;supel dan lemah;tertulis dan tidak tertulis;fleksibel;rigid;#;A
7;Istilah konstitusi berasal dari kata constituer kata constituer berasal dari bahasa......;Belanda;Inggris;Prancis;Italia;#;C
7;Konstitusi dalam arti hukum memerlukan syarat,yaitu.....;bentuknya sebagai naskah tertulis merupakan undang undang yang berlaku dalam suatu Negara;isinya merupakan suatu kebiasaan di masyaraka;merupakan suatu kesepakatan antara dua belah pihak;ditetapkan oleh masyarakat setempat;#;A
7;Jika sebuah konstitusi tidak mudah mengikuti perkembangan zaman,maka konstitusi tersebut bersifat......;fleksibel;rigid;kontinew;langgeng;#;B
7;Penyimpangan konstitusi pada masa orde baru adalah.....;penyelenggara yang otoriter;presiden adalah mandataris MPR;presiden mengangkat duta dan konsul;presiden mengangkat menteri Negara;#;A
7;UUD 1945 merupakan peraturan Negara yang tertinggi dalam......;urutan perundangan;tata urutan perundang-undangan;negara republic Indonesia;hararki hukum Indonesia;#;B
7;Lembaga yang memiliki wewenang mengubah UUD adalah......;MPR;presiden;DPR;MA;#;A
7;Salah satu manfaat adanya peraturan perundang- undangan adalah......;menghambat kreatifitas masyarakat;mengatur kehidupan masyarakat;menjaga keamanan dan ketertiban;memperluas KKN;#;B
7;UUD 1945 isinya telah banyak mengalami perubahan,hal ini disebabkan.....;masyarakat yang senantiasa berkembang;anjuran pemerintah;tuntutan masyarakat yang meminta untuk dirubah;disesuaikan dengan dinamika perkembangan masyarakat;#;D
7;Menurut Ismail Sunny perubahan konstitusi dapat terjadi karena hal sebagai berikut,kecuali...;permintaan Negara;penafsiran hokum;perubahan resmi;konvensi;#;A
7;Perubahan ketiga UUD 1945 terjadi pada tanggal...;19 Agustus 1999;18 Agustus 2001;10 Agustus 2000;10 Nofember 2001;#;D
7;Terjadinya pelanggaran terhadap suatu peraturan dapat menyebabkan ...;keresahan masyarakat;turunya martabat;cita-cita yang kandas;penderitaan yang berkepanjangan;#;A
7;Sikap positif kita terhadap peraturan perundangan dapat mendukung pribadi kita dalam menerapkan......;kesadaran;kedisiplinan;keinginan;keadilan;#;B
7;Di antara perundang-undangan di bawah ini yang tertinggi tingkatanya adalah....;peraturan pemerintah;perpu;keppres;undang-undang;#;D
7;Apabila perpu dibuat oleh presiden tidak mendapat persetujuan dari DPR maka;diajukan ke persidangan selkanjutnya;dicabut;tetap di sahkan;direvisi;#;B
7;Peraturan pemerintah diadakan untuk menjalankan......;TAP MPR;peraturan daerah;keppres;undang-undang;#;D
7;Tata urutan peraturan perundang-undangan RI berdasarkan pada ketetapan MPR nomor...;I/MPR/2000;II/MPR/2000;III/MPR/2000;IV/MPR/2000;#;C
7;Kekuasaan membuat undang-undang dipegang oleh suatu badan,yaitu....;badan eksekutif;badan konstituante;badan legeslatif;badan yudikatif;#;C
7;Proses penyusunan peraturan perundang-undangan dimulai dengan tahap inisiasi yaitu....;munculnya gagasan dalam masyarakat;penampungangagasan dari berbagai sumber;perumusan dalam bahasa hokum;pengundangan dalam lembaran Negara;#;A
7;RUU yang diajukan oleh presiden maupun DPR diproses melalui....;permusyawaratan dalam persdidangan DPR secara demokratis;pemilihan umum;beberapa kali masa sidang;proses yang rumit;#;A
7;Suatu upaya untuk menekan terjadinya korupsi di Indonesia dengan cara.....;menjadikan korupsi sebagai suatu pengalaman;meneliti hasil kekayaan Negara;menghukum seberat-beratnya koruptor;hanya disuruh mengganti uang saja;#;C
7;Di Indonesia kasus korupsi sulit diberantas, salah satunya disebabkan oleh.....;lemahnya hokum di Indonesia;hakim yang dapat dipermainkan;negara yang super power;aparat penegak hokum takut pada pemerintah yang berkuasa;#;A
7;Tindakan korupsi bertentangan dengan perbuatan pancasila pada sila ke......;satu dan dua;satu dan lima;empat dan lima;dua dan lima;#;D
7;Warga Negara yang melakukan tindakan pidana korupsi harus......;ditindak saj, besok akan terkena hokum karma;ditindak menurut hokum yang berlaku;ditindak menurut petunjuk dari penyelenggara Negara;ditindak menurut kehendaknya sendiri;#;B
7;PK berwenang untuk melakukan tindakan seperti dibawah ini, kecuali....;merampas harta kekayaan seseorang hasil darikorupsi;melakukan penyadapan dan merekam pembicaraan;meminta data kekayaan dan kekayaan tersangka kepada instansi terkait;memblokir rekening seseorang yang diduga hasil korupsi;#;A
7;Dalam menjalankan tugas dan wewenangnya, komisi pemberantasan korupsi berasaskan pada...;keterbukaan dan kejujuran;kepastian hokum dan proporsionalitas;kepandaian dan keahlian;akuntabilitas dan kecerdikan;#;B
7;Kain tenun adalah karya seni yang termasuk seni rupa terapan...;Murni;Dua dimensi;Trimatra;Tiga dimensi;#;B
7;Karya seni rupa trapan tiga dimensi mempunyai ukuran....;Panjang lebar dan tebal;Panjang lebar dan tinggi;Panjang dan lebar;Tinggi dan volume;#;B
7;Alat untuk menggambar motif batik di atas kain yang berisi cairan lilin atau malam panas disebut...;kuwas;ngawangan;canting;kain mori;#;C
7;Bentuk kubistis adalah bentuk benda yang menyerupai...;segitiga;lingkaran;segi lima;balok;#;D
7;Pembuatan karya seni terapan lebih memperhatikan aspek guna tanpa mengesampingkan nilai...;keutuhan;kedamaian;seni;universal;#;C
7;Teknik tuang cor biasanya di gunakan untuk membuat seni patung yang berbahan dasar...;kayu;tanah liat;batu andesit;tembaga;#;D
7;Kain tenun adalah karya seni yang termasuk seni rupa terapan...;murni;dua dimensi;trimatra;tiga dimensi;#;B
7;Garis berulang-ulang yang menimbulkan kesan gelap terang, gradasi, atau kesan tiga dimensi dalam mengambar di sebut juga dengan...;polintis;arsir;fiksatif;plakat;#;B
7;Menggatur ruang pameran menjadi lebih indah dan menarik adalah tugas dari seksi...;dokumentasi;publikasi;dekorasi;penyeleksi;#;C
7;Berikut ini yang tidak termasuk media kering dalam menggambar bentuk adalah...;pensil;krayon;tinta bak;konte;#;C
7;Pemain alat musik tradisional gamelan jawa di sebut...;biduan;singer;niyaga;sinden;#;C
7;Berikut ini bukan alat musik ritmis adalah...;tamborin;triangle;gitar;drum;#;C
7;Pengumuman pelaksanaan pameran kelas atau sekolah dpat di lakukan dengan membuat...;sketsel;angket;brosur;dekorasi;#;C
7;Penggambaran objek berdasarkan kesan pandangan mata disebut...;komposisi;proporsi;perspektif;gelap terang;#;C
7;Kota Gede (Yokyakarta) terkenal sebagai penghasil kerajinan...;wayang kulit;keramik;kain tenun;perak;#;D
7;Karya seni rupa terapan di buat untuk tujuan...;kesenangan;keperluan sehari-hari;ekspresi;seni;#;B
7;Teknik dengan menggores/menoreh dan membentuk npola permukaan benda disebut...;cor;tempa;pahat/ukir;anyaman;#;C
7;Benda berbentuk silindris memiliki bentuk dasar...;segi tiga;segi empat;segi lima;lingkaran;#;D
7;Berikut ini alat musik tradisional dari daerah jawa barat adalah...;angklung;calung;talempong;arumba;#;A
7;Laras slendro dan pelog di gunakan dalam musik...;tifa;gambang kromong;gamelan jawa;sasando;#;C
7;Gitar termasuk alat musik harmonis yang cara memainkanya dengan cara...;dipetik;ditiup;dipukul;ditabuh;#;A
7;Alat musik idiophone adalah alat musik yang cara memainkanya adalah dengan cara...;dipetik;dipukul;ditiup;digesek;#;B
7;Alat musik airophone adalah alat musik yang cara memainkan dengan cara...;ditiup;dipukul;ditepuk;digesek;#;A
7;Berikut ini contoh alat musik aerophone adalah...;gitar;seruling;drum;gong;#;B
7;Cepat atau lambatnya sebuah lagu disebut...;tempo;harmoni;melodi;ketukan;#;A
7;Alat musik membranophone adalah alat musik yang cara memainkanya dengan cara...;ditiup;dipetik;ditepuk;dipukul;#;D
7;Harmonika alat musik yang cara memainkan dengan cara...;dipetik;dipukul;digesek;ditiup;#;D
7;Berikut ini bukan alat musik ridmis adalah...;tamborin;triangle;gitar;drum;#;C
7;Tari yang biasanya menampilkan gerak-gerak yang gembira dan lincah adalah tari bertema...;binatang;percintaan;kepahlawanan;pergaulan;#;D
7;Tari reog berasal dari daerah...;Jawa Tengah;Jawa Barat;Jawa Timur;Madura;#;C
7;Pengungkapan rasa untuk mewujudkan karakter/perwatakan tari termasuk dalam aspek;Wiraga;Wirama;Wirasa;wirupa;#;C
7;Penempatan posisi penari di atas panggung agar terlihat rapi dan tertata dengan baik disebut...;tema;pola lantai;gerak;wiraga;#;B
7;Dibawah ini yang tidak termasuk gerak tangan dalam tari jawa adalah...;ngithing;ukel;ngembat;kenser;#;D
7;Wayang orang Sriwedari adalah kelompok wayang orang yang berasal dari kota;Surakarta;Jakarta;Semarang;Surabaya;#;A
7;Wayang yang dimainkan menggunakan orang sebagain tokoh dan dipadukan dengan gerak tari disebut...;krthoprak;Wayang kulit;Wayang golek;Wayang wong;#;D
7;Di bawah ini yang merupakan teater tradisional dari betawi adalah...;lenong;ludruk;kethoprak;calonarang;#;A
7;Langendrian merupakan teater istana yang berkembang di...;Keraton Cirebon;keraton Surakarta;keraton Banten;Istana Merdeka;#;B
7;Kesenian tradisi ludruk berasal dari...;Jawa Timur;Jawa Tengah;Jawa Barat;Jakarta;#;A
7;Berikut ini yang bukan merupakan kerja sutradara adalah...;pemilihan pemain;melatih pemain;menentukan cerita;menyiapkan dana;#;D
7;Pemeran yang menjadi penengah antara tokoh protagonis dan antagonis adalah...;tritagonis;tambahan;pengganti;utama;#;A
7;Seni Rupa murni menitik beratkan pada...;estetika;manfaat;magis;gerak;#;A
7;Gambar ilustrasi merupakan karya seni rupa...;Satu dimensi;Dua dimensi;Tiga dimensi;Empat dimensi;#;B
7;Karya seni yang di wujudkan lewat ketrampilan tangan di sebut...;Seni lukis;Seni kriya;Seni patung;Seni relief;#;B
7;Istilah lain topeng adalah...;Kedok;Kopyah;Tudung kepala;Masker;#;A
7;Berikut ini yang dekat dengan istilah apresiasi adalah;Penilaian;Dorongan;Bujukan;Penghakiman;#;A
7;Kegiatan mencetak merupakan suatu kegiatan seni rupa yang tergolong karya seni rupa...;Satu dimensi;Dua dimensi;Tiga dimensi;Semua benar;#;B
7;Batik dapat di jadikan hiasan ruangan, maka batik memiliki fungsi...;Ganda;Estetis;Praktis;Semua benar;#;B
7;Seni rupa murni mengutamakan fungsi...;Estetis/keindahan;Kegunaan;Daya jual;Informasi;#;A
7;Jenis garis dlam menggambar bentuk, meliputi sebagai berikut..;Lurus;Patah;Lengkung;Bantu;#;D
7;Contoh gambar benda bentuk geometris adalah...;Piramida;Balok;Kubus;Semua benar;#;D
7;Gambar bentuk bebes misalnya...;Kulkas;Guci;Piring;Busana;#;B
7;Seni rupa murni merupakan karya seni yang mengutamakan...;Fungsi keindahan;Fungsi pakai;Segi kegunaan;Segi pemanfaatan;#;A
7;Mebel ukir merupakan hasil karya seni...;Ukir;Anyaman;Grafis;Topeng;#;A
7;Contoh seni rupa tiga dimensi adalah...;Batik;Lukisan;Grafis;Parung;#;D
7;Di bawah ini merupakan kegiatan apresiasi, kecuali...;Mengamati sesuatu;Menghargsi sesuatu;Memahami suatu nilai;Mendapat untung dan rugi;#;D
7;Dalam menggambar bentuk, peranan bayang-bayang akan menentukan terciptanya kesan...;Khayalan;Subyektif;Realis;Dua demensi;#;C
7;Berikut ini yang bukan merupakan ciri-ciri lagu daerah adalah...;Umumnya penciptanya tidak di kenal;Mengandung unsur sosial;Musik dan lagunya sangat berfariasi;Lirik lagunya menggunakan bahasa daerah setempat;#;C
7;Lagu daerah dapat di nyanyikan secara trio, istilah trio dapat berarti...;Satu orang;Dua orang;Tiga oirang;Empat orang;#;C
7;Contoh gambar stilasi adalah...;Motif batik dan ukir;Kartun;Komik;Pemandangan;#;A
7;Lagu suwe ora jamu berasal dari daerah...;Jawa tengah;Jawa timur;Sumatra;Sunda;#;A
7;Berikut ini merupakan alat musik airophone, kecuali...;Gitar;Harmonika;Seruling;Recorder;#;A
7;Contoh alat musik membranophone adalah...;Piano;Gitar;Organ;Kendang;#;D
7;Alat musik airophone merupakan alat musik yang cara memainkanya dengan cara di...;Tepuk;Pukul;Tiup;Tekan;#;C
7;Perkusi adalah alat musik yang cara memainkanya dengan cara di...;Tiup;Tepuk;Pukul;Petik;#;C
7;Yang bukan termasuk jenis alat musik chordophone adalah...;Rebana;Gitar;Biola;Siter;#;A
7;Saya nyanyi ya tuan Untuk menghibur hati nanduka, Syair lagu di atas merupakan petikan lagu...;Jali-jali;Kicir-kicir;Injit-injit semut;Sengko;#;B
7;Lagu suwe ora jamu berasal dari daerah...;Bali;Jawa tengah;Sunda;Betawi;#;B
7;Yang termsuk contoh benda kubistis adalah...;Gelas;Guci;Meja;Piring;#;C
7;Yang termasuk benda silindris adalah...;Lemari;Kursi;Meja;Guci;#;D
7;Di bawah ini contoh gambar bentuk bebas adalah...;Gambar lemari;Gambar guci;Gambar gelas;Gambar sayuran;#;D
7;Komponen komputer terdiri dari perangkat keras yang meliputi berikut ini, kecuali ...;keyboard;CPU;mouse;memory;#;D
7;Tombol pada keyboard yang digunakan untuk menampilkan angka dan tanda baca adalah...;function key;numeric keypad;type read;type writer;#;D
7;Jenis memory yang hanya bisa membaca data saja adalah ...;RAM;ROM;memory card;hardisk;#;B
7;Printer yang dapat mencetak gambar atau karakter dengan menggunakan alat yang dapat memancarkan tinta pada kertas adalah...;daisy wheel;dot matrix;laserjet;inkjet;#;D
7;Tombol Caps Lock pada keyboard berfungsi untuk  ...;mengunci tombol angka;mematikan komputer secara otomatis;mengunci penggulung layar;mengunci huruf kapital / besar;#;D
7;Fungsi utama dari sistem operasi adalah...;mengendalikan kinerja komputer secara mendasar;digunakan untuk menjalankan program yang bersifat spesifik;membantu kinerja komputer;membuat sistem operasi dengan menggunakan bahasa pemprograman;#;A
7;Program yang digunakan untuk membantu mengatasi gangguan jalannnya komputer yang terjadi pada software adalah...;sistem operasi;program bantu;paket program;program aplikasi;#;B
7;Komponen CPU yang berfungsi melakukan proses perhitungan aritmathika dan logika adalah ...;ALU;CU;MU;RAM;#;A
7;Sifat dari sistem operasi yang artinya bisa digunakan oleh banyak pengguna adalah ...;multitasking;multiuser;multiware;multifungsi;#;B
7;Di bawah ini merupakan bahasa pemrograman, kecuali ...;BASE;COBOL;C++;PASCAL;#;A
7;Berikut adalah contoh software sistem operasi, kecuali ...;Linux;Windows XP;Windows XP;Corell Draw;#;D
7;Software aplikasi multimedia adalah aplikasi yang dapat mengolah / memroses data dalam bentuk yang terdapat di bawah ini , kecuali ...;gambar;program;film;suara;#;B
7;Berikut ini yang tidak termasuk software sistem operasi adalah ...;windows;unix;linux;ms word;#;D
7;PC DOS dan Microsoft DOS termasuk dalam ...;sistem operasi;program bantu;program aplikasi;paket program;#;A
7;Di bawah ini salah satu contoh dari sistem operasi UNIX yang dikembangkan dengan cara open source artinya gratis adalah ... .;OpenBSD;Solaris;SunOS;UnixWare;#;A
7;Perangkat lunak yang digunakan untuk mengolah kata adalah ...;Microsoft Access;Microsoft Word;Microsoft Excell;Microsoft Powerpoin;#;B
7;Yang tidak teramsuk program perangkat lunak , kecuali ... .;Microsoft Office;keyboard;MS-DOS;Microsoft word;#;B
7;GUI kependekan dari   ...;Geographical User Interface;Graphical User Interval;Graphical User International;Graphical User Interface;#;D
7;Sistem Operasi di bawah ini mempunyai tampilan menarik dan mempermudah bagi penggunanya, kecuali ... .;Micosoft Windows 95;Micosoft Windows XP;Micosoft Windows Vista;MS-DOS;#;D
7;Program yang digunakan untuk melihat isi sebuah file tanpa memerlukan program pembuatnya adalah ... .;File Viewer;System Utility;Program Scandisk;Program Pengawas;#;A
7;Program yang digunakan untuk melindungi computer dari virus , worm, dan lainya adalah ...;Program scandisk;Program Firewall;Program Antivirus;Program Anti-spyware;#;C
7;Bar program yang berisi tentang judul / nama file program yang sedang aktif adalah ...;Title Bar;Standart Toolbar;Menu Bar;Formating Toolbar;#;A
7;Microsoft Word adalah software yang termasuk ...;Sistem operasi;program aplikasi;aplikasi design;aplikasi pengolah angka;#;B
7;Berikut ini adalah yang dapat dilakukan oleh program pemroses kata , kecuali ...;penomoran halaman;pengaturan jarak pinggir kertas (margin);pengaturan spasi;pengeditan gambar;#;D
7;Program aplikasi berikut ini yang tidak termasuk kelompok program aplikasi Microsoft office adalah ...;Micrososft Word;Micrososft Excell;Microsoft PowerPoint;Microsoft internet Explorer;#;D
7;Program aplikasi di bawah ini merupakan program pengolah grafis kecuali ...;Adobe Photoshop;Micosoft Excell;Corell Draw;Adobe Pagemaker;#;B
7;Program pengolah data angka pada Microsoft Office adalah...;Micosoft Excell;Micosoft Word;Micosoft Acces;Micosoft Powerpoint;#;A
7;Alat yang digunakan untuk menampilakn presentasi agar dapat terlihat di layar lebar adalah ... .;televisi;LCD proyektor;OHP;Screen;#;B
7;Icon yang berfungsi untuk mengontrol jendela rogram yang sedang aktif disebut...;Kontrol Menu;taskpane;tombol ukuran;Close;#;A
7;Kepanjangan dari CLI adalah...;Command language Interantional;Command Line Interface;Control Line Interface;Central Language Internal;#;B
7;Format multimedia yang disusun oleh ahli dari berbagai penjuru dunia adalah ...;MPEG;MP3;AVI;MIDI;#;A
7;Kumpulan informasi yang dismpan di dalam komputer secara sistematik sehingga dapat diperiksa menggunakan suatu program untuk memperoleh informasi dari basis data tersebut disebut...;program data;database;data program;data file;#;B
7;Perangkat di bawah ini datangnya dapat dibaca tetapi tidak dapat diubah atau ditulis ulang, kecuali;Flash drive;ROM;CD-ROM;CD-R;#;D
7;Perangkat penyimpanan berikut yang mempunyai akses data paling cepat adalah;DVD;CD-ROM;flash drive;disket;#;C
7;CPU di bawah ini yang mempunyai kecepatan paling tinggi adalah;60 MHz;133 MHz;2,2 MHz;3,0 MHz;#;D
7;Peralatan input yang digunakan untuk bermain game adalah;scanner;Bluetooth;WiFi Card;joystick;#;D
7;Perangkat komputer yang berfungsi untuk mengubah sinyal digital menjadi gambar adalah;LAN Card;Sound Card;VGA Card;WiFi Card;#;C
7;Perangkat komputer yang berfungsi untuk mengubah sinyal digital menjadi sinyal suara adalah;Bluetooth;Sound Card;VGA Card;WiFi Card;#;B
7;Perangkat di bawah ini dapat digunakan untuk mengakses internet, kecuali;Bluetooth;LAN Card;VGA Card;WiFi Card;#;C
7;Perangkat berikut yang mempunyai slot untuk menempelkan perangkat lain adalah;Bluetooth;Sound Card;motherboard;WiFi Card;#;C
7;Satuan bps digunakan pada perangkat;LAN Card;printer;hardisk;prosesor;#;A
7;Di bawah ini yang bukan termasuk elemen -- elemen komputer adalah...;hardware;harddisk;software;brainware;#;B
7;Komputer terdiri dari perangkat keras yang meliputi berikut ini, kecuali ...;keyboard;mouse;CPU;memory;#;D
7;Perangkat keras komputer yang berfungsi untuk memasukkan data kedalam komputer adalah...;perangkat input;perangkat output;media penyimpan;perangkat pemproses;#;A
7;Harddisk, CD, DVD, USB Flashdisk merupakan perangkat keras komputer yang berfungsi sebagai...;perangkat input;perangkat output;media penyimpan;perangkat pemproses;#;C
7;Peralatan komputer berupa papan ketik yang berfungsi memasukkan data, angka, dan karakter serta menjalankan perintah pada komputer adalah...;mouse;joystik;scanner;keyboard;#;D
7;Pengoperasian mouse dengan mengarahkan pointer mouse pada objek lalu tekan dan tahan tombol kiri mouse sambil gerakkan mouse ke tempat yang diiginkan lalu lepaskan disebut...;click;drag;double click;right click;#;B
7;Berikut ini yang termasuk perangkat output adalah...;mouse;monitor;keyboard;CPU;#;B
7;Perangkat output yang berfungsi mengeluarkan hasil pemprosesan data dalam bentuk softcopy adalah...;monitor;speaker;printer;mikrofon;#;A
7;Hardware dalam sistem komputer adalah...;orang yang menggunakan komputer;proses memasukkan data untuk membrikan perintah pada komputer;komponen yang secara fisik dapat dilihat dan diraba yang membentuk suatu kesatuan sehingga dapat difungsikan;suatu program yang berisikan intruksi yang dimengerti computer;#;C
7;Printer termasuk dalam kelompok  ...;input device;proses;output device;storage device;#;C
7;Perangkat komputer yang bisa disebut juga mikroprosesor adalah ...;monitor;CPU;mouse;printer;#;B
7;Di bawah ini adalah fungsi dari input devices adalah ... .;memasukkan data dan program yang akan diproses komputer;perintah untuk menjalankan operasi data;sebagai keluaran hasil proses;menyimpan data dan program;#;A
7;Perangkat komputer yang berupa perintah atau instruksi yang mengendalikan komputer disebut dengan...;hardware;harddisk;software;brainware;#;C
7;Di bawah ini merupakan program pengolah angka , kecuali ...;Lotus Word Pro;Micrososft Excell;OpenOffice.org Writer;Microsoft Word;#;D
7;Contoh perangkat keras yang berfungsi untuk menyimpan file-file program adalah;printer;memori;harddisk;scandisk;#;C
7;Flashdisk adalah salah satu contoh dari perangkat keras yang berfungsi sebagai;pencetak data;pemroses data;pengolah data;penyimpan data;#;D
7;Alat penyimpan data yang memiliki kapasitas kecil dalam menyimpan adalah;flashdisk;disket;harddisk;keping DVD;#;B
7;Keping DVD adalah salah satu contoh dari ...;alat penyimpan data;alat pemasukkan data;alat pemroses data;alat pencetak;#;A
7;Printer digunakan untuk;mengolah informasi;menyimpan informasi;menampilkan informasi;memasukkan informasi;#;C
7;Pentium adalah salah satu nama dagang dari;memori;CPU;kartu VGA;monitor;#;B
7;Dibawah ini adalah perangkat lunak pengolah kata yaitu...;Notepad;MS. Word;Corel Draw;Window Media Player;#;B
