Kelas;Soal;A;B;C;D;E;Jawaban
8;Kejadian itu diduga karena hujan deras yang mengguyuri kawasan yang telah gundul tersebut. Kutipan berita tersebut merupakan unsur...;Kapan;Di mana;Bagaimana;Mengapa;#;D
8;Banjir yang melanda Ibukota mengakibatkan aktivitas perekonomian lumpuh total. Sebagian masyarakat sibuk mengungsi atau membersihkan rumah mereka dari genangan air. Pokok masalah berita tersebut adalah...;Sebagian masyarakat;Sibuk membersihakan rumah;Banjir yang mengakibatkan kelumpuhan ekonomi;Banjir yang membuat orang malas beraktivitas ekonomi;#;C
8;Di bawah ini merupakan contoh pengalaman yang mengesankan, kecuali...;Membantu bapak mencari pakan rumput;Lupa membawa ongkos ketika berpegian naik bus;Menjadi juara lomba baca puisi tingkat kabupaten;Rencana tamasya ke Curug Cimandaway;#;D
8;Hal-hal yang harus diperhatikan ketika menuliskan pengalaman yang menyenangkan adalah sebagai berikut, kecuali...;Mengumpulkan bahan yang diperlukan;Membuat kerangka karangan;Menuliskannya dalam kalimat yang menarik;Menulis dengan bahasa yang bertele-tele;#;D
8;Saat menceritakan pengalaman mengesankan secara lisan hendaknya kita menggunakan kalimat yang efektif. Maksud dari kalimat yang efektif adalah...;Kalimat yang bertele-tele;Kalimat yang lengkap unsur subjek, predikat, objek, dan keterangan;Kalimat yang panjang, rinci, dan detail;Kalimat yang menggambarkan gagasan pembicara (penulis) dengan memperhatikan kehematan penggunaan bahasa.;#;D
8;"Perhatikan kalimat berikut! ""Para siswa-siswa pada berbaris di lapangan guna untuk mengikuti upacara."" Kalimat tersebut dapat diefektifkan menjadi...";Para siswa pada berbaris di lapangan guna untuk mengikuti upacara.;Para siswa berbaris di lapangan guna untuk mengikuti upacara.;Para siswa berbaris di lapangan guna mengikuti upacara.;Para siswa-siswa berbaris di lapangan untuk mengikuti upacara.;#;C
8;Ketika menceritakan pengalaman yang mengesankan hendaknya dilakukan secara kronologis. Makna dari kronologis adalah...;Detail;Melompat-lompat;Bersambung;Diceritakan dari awal hingga akhir;#;D
8;Jenis karangan (teks/wacana) yang tepat untuk menguraikan pengalaman adalah...;Fabel;Narasi;Argumentasi;Persuasi;#;B
8;Berikut adalah hal yang perlu diperhatikan ketika menyampaikan pengumuman secara lisan adalah...;Harus panjang;Harus menggunakan pelantang suara;Suara dibuat sehalus mungkin;Pelafalan dan intonasi yang tepat;#;D
8;Bagian pengumuman yang menjelaskan urutan pengeluaran pengumuman oleh suatu instansi adalah...;Salam pembuka;Judul pengumuman;Nomor pengumuman;Isi pengumuman;#;C
8;Diksi merupakan salah satu unsur penting ketika menyampaikan pengumuman. Pengertian diksi adalah...;Urutan yang benar;Pilihan waktu pengumuman;Detail dan jelas;Pilihan kata;#;D
8;Berikut adalah hal yang harus diperhatikan ketika membacakan pengumuman yaitu...;Isi pengumuman harus panjang;Intonasi dan pelafalan yang baik;Harus keras;Suasana ruangan harus mewah;#;B
8;Berikut adalah hal yang perlu dicantumkan dalam buku harian, kecuali...;Waktu dan tempat;Peristiwa apa yang dialami;Perasaan yang dialami;Tulisan harus rapi, resmi dan baku;#;D
8;Berikut adalah hal yang harus diperhatikan ketika membacakan teks perangkat upacara, kecuali...;Pengucapan yang tepat;Penjedaan yang sesuai;Intonasi yang pas;Mencari tempat yang pas;#;D
8;Penjedaan pembacaan teks Pancasila yang tepat adalah...;//Empat// Kerakyatan yang dipimpin / oleh hikmat kebijaksanaan / dalam permusyawaratan / perwakillan //;//Empat// Kerakyatan yang dipimpin oleh hikmat kebijaksanaan / dalam permusyawaratan perwakillan //;//Empat// Kerakyatan yang dipimpin oleh / hikmat kebijaksanaan / dalam permusyawaratan / perwakillan //;//Empat// Kerakyatan yang dipimpin / oleh / hikmat kebijaksanaan / dalam permusyawaratan / perwakillan //;#;A
8;Berikut yang merupakan perbedaan surat resmi dan surat pribadi yang tepat adalah...;Ditulis dengan komputer;Terdapat alamat yang dituju;Menggunakan bahasa resmi;Ada nama pengirim;#;C
8;Penulisan tanggal surat yang tepat adalah...;Cilacap 25 November 2015;Cilacap. 25 November 2015;Cilacap, 25-November-2015;Cilacap, 25 November 2015;#;D
8;Penulisan nama yang dituju adalah...;Yth. Kepala Sekolah SMP Al Azhar;Kepada Bapak Kepala Sekolah SMP Al Azhar;Kepada Yth. Kepala Sekolah SMP Al Azhar;Kepada Yth. Bapak Kepala Sekolah SMP Al Azhar;#;A
8;Berikut ini merupakan surat resmi adalah surat...;Dari ayah pada anaknya;Dari teman beda sekolah;Pemanggilan orang tua oleh kepala sekolah;Undangan dari teman sebaya acara ulang tahun;#;C
8;Kalimat berikut yang tepat untuk menutup surat pribadi adalah...;Kita jadi pergi ke pantai kan?;Semoga kamu baik-baik saja.;Sekian dulu ya, jangan lupa dibalas.;Semoga kita dapat berjumpa lain kali.;#;D
8;Berikut adalah ciri-ciri pantun, kecuali...;Bersajak aa aa;Baris pertama kedua sampiran, tiga empay isi;Satu bait terdiri dari empat baris;Setiap baris terdiri dari 8 -- 12 suku kata;#;A
8;Perhatikan pantun berikut! Kalau ada sumur di ladang Boleh kita menumpang mandi Kalau kita punya banyak uang Boleh kita menikah lagi Berdasarkan isinya, pantun tersebut termasuk jenis pantun...;Jenaka;Nasihat;Remaja;Sedih;#;A
8;Aris adalah anak yang giat belajar. Sinonim kata giat adalah...;Sering;Malas;Rajin;Sabar;#;C
8;Kalimat berikut yang termasuk polisemi adalah...;Bapak pergi ke kantor bersama Bapak Ari.;Kaki Andi tersandung kaki meja.;Kepala sekolah bertemu kepala desa;Anita berbadan kurus;#;C
8;Andira tak peduli atas kesengsaraan orang lain. Antonim kata tak peduli adalah...;Tak acuh;Acuh;Cuek;Perhatian;#;D
8;Berikut yang termasuk berita negatif adalah..;Arman Mauluna pergi ke Kota Banjar;Septiana mencintai istrinya;Hafsari gagal menjadi juara lomba catur;Malina pulang dengan hati riang;#;C
8;Kata ganti orang orang ketiga jamak adalah...;Saya, aku;Kamu, engkau;Dia, beliau;Mereka;#;D
8;Penulisan kata sapaan yang tepat adalah...;Apakah ibu hendak pergi ke pasar?;Apakah Ibu hendak pergi ke pasar?;Ibuku bertemu ibu Wati.;Ibu Anita menemui Ibu-ibu di terminal;#;B
8;Berikut yang merupakan contoh kata sifat komparatif adalah...;Andini sangat cantik;Andini lebih cantik dari Intan;Andini paling cantik di kelas;Andini cantik;#;B
8;"Berikut adalah arti dari peribahasa ""Di mana bumi dipijak di sana langit dijunjung adalah""";Di mana pun berada ingat untuk pulang kampung;Kita tinggal di bumi jadi harus ikut melestarikan;Kalau hendak pergi ingat pada Penguasa Langit;Kita harus bisa beradaptasi dengan adat istiadat daerah yang kita diami;#;D
8;"Arti dari ungkapa ""buah tangan"" adalah...";Suka mencuri;Suka membantu;Anak;Oleh-oleh;#;D
8;Berikut yang termasuk contoh pameo adalah...;Tut wuri handayani;Berakit ke hulu berenang ke tepian;Ada udang di balik batu;Air tenang menghayutkan;#;A
8;Tahapan metamorphosis sempurna yang dialami kupu-kupu adalah :;Telur, pupa, larva, imago;Telur, larva, pupa, imago;Larva, telur, pupa, imago;Pupa, larva, imago, telur;#;B
8;Tulang yang berisi sumsum merah sebagai tempat pembuatan sel darah merah adalah :;Tulang pipa;Tulang pipa dan tulang pipih;Tulang pipa dan tulang pendek;Tulang pipih dan tulang pendek;#;B
8;Proses pertumbuhan tulang yang berasal dari tulang rawan dimulai dari :;Munculnya pembuluh darah dan sel tulang pada tulang rawan;Munculnya jaringan tulang pada tulang rawan;Tulang rawan tumbuh membesar dan memanjang;Di bagian ujung tulang terjadi pertumbuhan memanjang;#;A
8;Garam mineral yang berfungsi sebagai bahan pembentuk hemoglobin dalam sel darah merah dan jika kekurangan dapat menyebabkan anemia adalah :;Natrium (Na);Klor (Cl);Kalsium (Ca);Ferum (Fe);#;D
8;Di dalam mulut terdapat enzim yang berfungsi mengubah karbohidrat menjadi zat gula sederhana atau maltose, enzim tersebut adalah :;Ptyalin;Pepsin;Rennin;Tripsin;#;A
8;Pada penderita bronchitis terjadi peradangan akibat infeksi virus, bagian yang terinfeksi adalah :;Sinus;Bronkus;Alveolus;Trakea;#;B
8;Jika kita menghembuskan udara sekuat-kuatnya maka di dalam paru-paru masih ada sisa udara 1 liter, volume sisa udara ini disebut :;Udara pernafasan;Udara residu;Kapasitas vital paru-paru;Kapasitas total paru-paru;#;B
8;Pada reaksi oksidasi biologi, rekasi yang terjadi adalah :;Sari makanan + CO2 + H2O --> energi + O2;Sari makanan + O2 --> energi + CO2 + O2;H2O + sari makanan --> energi + CO2 + H2O;Sari makanan + O2 --> energi + H2O;#;D
8;Peredaran darah yang selalu beredar dalam pembuluh darah adalah :;Peredaran darah terbuka;Peredaran darah tertutup;Peredaran darah kecil;Peredaran darah besar;#;B
8;Resipien yang dapat menerima darah dari semua golongan darah tanpa mengalami penggumpalan darah adalah resipien yang memiliki golongan darah :;A;B;C;D;#;A
8;Orang yang tinggal di daerah dataran rendah memiliki jumlah sel darah merah lebih sedikit karena di dataran rendah :;Udaranya panas;Udaranya sejuk;Kadar oksigennya rendah;Kadar oksigennya tinggi;#;D
8;Berkas pembuluh batang yang berfungsi mengangkut air dan mineral dari akar ke daun adalah :;Xylem;Floem;Empulur;Stele;#;A
8;Bagian bunga yang mempunyai bentuk dan warna yang beraneka ragam dan berfungsi menarik serangga penyerbuk adalah :;Putik;Benang sari;Mahkota bunga;Kelopak bunga;#;C
8;Alat perkembangibiakan secara generative pada tumbuhan adalah :;Akar;Batang;Bunga;Biji;#;C
8;Faktor-faktor yang diperlukan dalam fotosintesis adalah :;CO2, O2, cahaya;Klorofil, O2, H2O;Cahaya, H2O, klorofil, O2;Cahaya, H2O, klorofil, CO2;#;D
8;Pada proses fotosintesis, zat yang dihasilkan adalah :;Oksigen dan air;Glukosa dan oksigen;Karbondioksida dan oksigen;Karbondioksida dan air;#;B
8;Gerak akar tanaman menuju ke dalam tanah disebut gerak :;Kemotropisme;Fototropisme;Hidrotropisme;Geotropisme;#;D
8;Berikut ini yang merupakan contoh gerak nasti adalah :;Gerak menutupnya daun putri malu;Gerak akar tanaman ke dalam tanah;Gerak sulur tanaman yang melilit batang kayu;Gerak tumbuh batang ke arah cahaya;#;A
8;Atom adalah zat yang tidak dapat dibagi lagi menjadi partikel yang lebih kecil. Ilmuwan yang mengemukakan pendapat tersebut adalah :;J. J. Thompson;John Dalton;Rutherford;Niels Bohr;#;B
8;Inti atom tersusun dari partikel :;Proton dan elektron;Proton dan neutron;Elektron dan neutron;Nukleon dan elektron;#;B
8;Atom Kalsium memiliki 20 elektron, jumlah elektron yang terdapat pada kulit terluarnya adalah :;2;8;10;18;#;A
8;Sebuah atom dikatakan bermuatan positif jika :;Jumlah proton dan elektronnya sama;Jumlah elektron lebih banyak dari protonnya;Kehilangan satu atau beberapa elektron;Menangkap satu atau beberapa elektron;#;C
8;Rumus kimia berikut yang merupakan molekul senyawa adalah :;HCl;Na;Cl2;O3;#;A
8;Rumus kimia air adalah H2O, artinya setiap molekul air terdiri dari :;1 atom hidrogen dan 1 atom oksigen;1 atom hidrogen dan 2 atom oksigen;2 atom hidrogen dan 2 atom oksigen;2 atom hidrogen dan 1 atom oksigen;#;D
8;Fungsi buih pada detergen adalah :;Mencegah kotoran yang sudah terangkat mengendap kembali;Mengangkat kotoran lemak pada pakaian dan kulit;Mengikat kotoran lemak pada pakaian dan kulit;Menimbulkan bau harum pada pakaian sehabis dicuci;#;A
8;Formalin dilarang digunakan untuk mengawetkan makanan karena :;Bukan bahan pengawet;Bahan kimia industri keramik;Dapat menyebabkan kanker paru-paru dan gangguan pada alat pencernaan dan jantung;Bahan kimia industri kaca;#;C
8;Ikan yang diasinkan dengan diberi cukup garam dapat tahan lama karena :;Garam menambah cairan mikroorganisme pada ikan;Garam menyerap cairan pada mikroorganisme dan ikan;Garam melindungi ikan dari mikroorganisme;Garam menekan pertumbuhan jumlah mikroorganisme;#;B
8;Keadaan keinginan yang tidak tertahankan untuk mengkonsumsi obat terus-menerus, jika tidak terpenuhi jiwanya akan merasa gelisah, tertekan dan khawatir berlebihan, keadaan ini disebut :;Stimulasi;Depresi;Adiksi;Euphoria;#;C
8;Berikut ini merupakan zat adiktif yang menyerang saraf pusat untuk memperlambat proses tubuh yang menyebabkan turunnya kesadaran seseorang pada dunia sekelilingnya, yaitu :;Nikotin;Kafein;Alkohol;Ekstasi;#;C
8;Tiga sektor ekonomi yang merupakan kekuatan dalam tata perekonomian negara kita adalah...;BUMN, BUMS, dan BUMD;BUMN, BUMS, dan Koperasi;BUMN, BUMD, dan Koperasi;sektor pertanian, industri dan perdagangan;#;B
8;Badan usaha milik negara disebut...;perusahaan negara;perusahaan pemerintah;perusahaan swasta;PT Persero;#;A
8;Dasar hukum pendirian perusahaan negara adalah...;Pasal 31 UUD 1945;Pasal 32 UUD 1945;Pasal 33 UUD 1945;Pasal 34 UUD 1945;#;C
8;Berikut ini beberapa alasan pemerintah mendirikan BUMN, kecuali;untuk memenuhi semua kebutuhan masyarakat;untuk memberikan pelayanan umum kepada masyarakat;untuk mencegah timbulnya monopoli swasta;untuk menambah sumber penghasilan negara;#;A
8;Dalam BUMN mayoritas atau bahkan seluruh saham perusahaan dimiliki oleh...;investor asing;investor dalam negeri;negara atau pemerintah;investor dan pemerintah;#;C
8;Bentuk hukum perusahaan swasta di Indonesia adalah...;Perum, Persero, dan Firma;CV dan PT;PT, Firma, dan Koperasi;Persero, Firma, dan Koperasi;#;B
8;Tujuan utama dari perusahaan swasta adalah...;menciptakan kemakmuran masyarakat;menciptakan lapangan pekerjaan;mencari keuntungan sebesar-besarnya;mencari sumber-sumber ekonomi baru;#;C
8;Peran utama swasta dalam perekonomian Indonesia adalah...;menciptakan lapangan pekerjaan;menambah sumber devisa negara;membantu pemerintah dalam usaha pemerataan pendapatan;merupakan soko guru perekonomian Indonesia;#;A
8;Salah satu contoh perusahaan swasta yang bergerak dalam industri perakitan mobil adalah...;Indofood;PT Unitex;PT Astra Internasional;PT Koninndo Tex;#;C
8;Berikut ini yang tidak termasuk manfaat adanya kemajuan pada sektor usaha swasta adalah...;meningkatkan pendapatan masyarakat;memperluas lapangan pekerjaan;menetapkan harga barang hasil produksi sesuai dengan seleranya;menambah sumber pendapatan negara berupa pajak;#;C
8;Pasar sebagai sarana memperkenalkan produk tertentu merupakan fungsi...;pembentukan harga;promosi;penyerapan tenaga kerja;jual beli;#;B
8;Pekan Raya Jakarta merupakan jenis pasar...;harian;mingguan;bulanan;tahunan;#;D
8;Pasar swalayan merupakan jenis pasar...;konkret;abstrak;internasional;nasional;#;A
8;Pasar dimana barang yang diperjualbelikan berada di tempat lain disebut pasar...;konkret;abstrak;internasional;nasional;#;B
8;Contoh pasar abstrak adalah...;butik;pasar induk sayuran;minimarket;bursa efek;#;D
8;Berikut adalah ciri-ciri pasar tidak sempurna, kecuali...;pembeli tidak mengetahui keadaan pasar;penjual tidak mengetahui keadaan pasar;barang bersifat homogen;barang bersifat heterogen;#;C
8;Pasar yang pembentukan harganya ditentukan oleh satu orang atau sekelompok pembeli disebut pasar...;monopoli;monopsoni;duopoli;duopsoni;#;B
8;Berikut adalah ciri-ciri pasar konkret, kecuali...;transaksi dilakukan lewat telepon;barang tersedia di tempat (pasar);cash and carry;pertemuan langsung antara penjual dan pembeli;#;A
8;Kegiatan menyalurkan barang atau jasa dari produsen ke konsumen disebut...;produksi;distribusi;konsumsi;proses;#;B
8;Pasar yang memperjualbelikan surat berharga disebut...;pasar konkret;pasar uang;pasar abstrak;pasar modal;#;D
8;Lembaga bentukan Jepang yang bertugas mengumpulkan data-data yang diperlukan untuk Indonesia merdeka adalah...;PPKI;Pemuda Asia Raya;Jawa Hokokai;BPUPKI;#;D
8;Pada zaman pendudukan Jepang terjadi pemberontakan PETA di Blitar dibawah pimpinan...;Surachman;Gatot subroto;Supriyadi;Jenderal Sudirman;#;C
8;Penyerahan tanpa syarat pemerintahan Hindia Belanda kepada Jepang ditandatangani di...;Jakarta;Kalijati;Manila;Linggarjati;#;B
8;Tokoh-tokoh peristiwa Rengasdengklok, antara lain adalah...;B M Diah - Moh. Hatta;Sukarno - Sukarni;Gunawan - Sutomo;Sukarni - Wikana;#;D
8;Setelah BPUPKI dibubarkan, dibentuklah PPKI dengan ketua...;Moh. Hatta;Dr. Radjiman Widiodiningrat;Ir. Soekarno;Dr. Sutomo;#;C
8;Berita kekalahan Jepang dalam pertempuran di Laut Karang disusul dengan pemboman Kota Hiroshima dan Nagasaki merupakan titik tolak bagi para pemuda untuk segera menentukan sikap yang tegas. Para pemuda itu, terutama yang bekerja di kantor berita Jepang adalah...;Wikana dan Sultan Syahrir;Wikana dan Yusuf Kunto;Yusuf Kunto dan Mr. Ahmad Subardjo;Mr. Ahmad Subardjo dan Sukarni;#;B
8;Menjelang detik-detik proklamasi kemerdekaan Indonesia, terutama setelah selesainya pembuatan konsep naskah proklamasi oleh Sukarno-Hatta, timbul suatu permasalahan, yaitu...;pendapat Sukarni bahwa Soekarno-Hatta tidak lengkap;keinginan Bung Hatta agar Ir. Soekarno yang menandatangani naskah;Chairul Saleh usul agar semua yang hadir menandatangani naskah;usul Sukarni dan Sayuti Melik usul agar naskah itu ditandatangani Soekarno-Hatta atas nama bangsa Indonesia;#;D
8;Latar belakang terjadinya peristiwa Rengasdengklok, yaitu...;pertentangan para pemuda dengan pimpinan Jepang;pertentangan para pemuda dengan golongan tua dalam menetapkan proklamasi kemerdekaan;suatu peristiwa mengawali kemerdekaan Indonesia;pertentangan antarpihak Jepang dengan pihak Sekutu;#;B
8;Penyebarluasan berita proklamasi kemerdekaan Indonesia ke Sulawesi dilakukan oleh...;A.A. Maramis;A.A. Hamidan;Sam Ratulangi;Ketut Pudja;#;C
8;Berita proklamasi kemerdekaan Indonesia berhasil disebarluaskan melalui siaran Radio Kyoku oleh...;Yusuf Kunto;Chairul Saleh;Yusuf Ronodipuro;Sayuti Melik;#;C
8;Tindakan yang dilakukan berdasarkan kebiasaan turun temurun tanpa menyadari alasannya, dapat digolongkan dalam jenis tindakan...;afektif;tradisional;subjektif;rasional;#;B
8;Pernyataan berikut yang tidak merupakan contoh tindakan sosial adalah...;Dika mengkhayalkan pria idolanya;Iwan mengikuti pertandingan sepak bola;Reni membantu ibu menjaga adik;Sinta berlari mengejar Rita;#;A
8;Ciri-ciri tindakan sosial yang bersifat rasional berorientasi nilai adalah...;bersifat nonrasional;tingkat rasional paling tinggi;ditandai oleh dominasi perasaan;tanpa refleksi intelektual;#;B
8;Suatu tindakan dapat dikatakan sebagai tindakan sosial apabila...;terjadi saling mempengaruhi satu sama lain;berorientasi pada atau dipengaruhi oleh orang lain;dilakukan dengan penuh kesadaran;dikerjakan dengan orang lain sebagai objek;#;B
8;Pernyataan berikut ini yang merupakan contoh interaksi sosial adalah...;Ridwan berdoa dengan khusuk;Lisa melukis pemandangan;Rika memandangi potret kekasihnya;Pak Seno menerangkan masalah Sosiologi;#;D
8;Pernyataan yang bukan merupakan ciri-ciri interaksi sosial adalah...;berpedoman pada norma-norma yang berlaku;tidak ada reaksi dari pihak lain;ditentukan oleh dimensi waktu;ada komunikasi sebagai pengantar interaksi;#;B
8;Syarat terjadinya interaksi sosial adalah...;aksi dan reaksi;komunikasi dan stimulus;kontak dan komunikasi;kontak dan respon;#;C
8;Jika suatu interaksi sosial terjadi, maka secara otomatis tindakan sosial berlangsung sebab...;interaksi sosial dan tindakan sosial tidak dapat dipisahkan;interaksi sosial merupakan dasar dari tindakan sosial;manusia berinteraksi melalui komunikasi;manusia berhubungan di dalam interaksi;#;B
8;Pernyataan yang merupakan contoh kontak primer langsung adalah...;Mia menelepon Ani;Rita berkirim surat pada ibu;Mitra berkirim salam lewat radio;Andi berjabat tangan dengan Nina;#;D
8;Nurmansyah minta tolong kepada Sammy agar menyampaikan salam untuk Indri. Kontak sosial demikian termasuk kontak...;sekunder;sekunder langsung;primer tidak langsung;sekunder tidak langsung;#;D
8;Penduduk usia produktif atau yang telah memasuki usia kerja, baik yang sudah bekerja maupun aktif mencari kerja yang masih mau dan mampu untuk melakukan pekerjaan, dinamakan...;penduduk;tenaga kerja;angkatan kerja;pengangguran;#;C
8;Golongan angkatan kerja adalah sebagai berikut, kecuali...;golongan yang sedang bekerja;golongan usia telah lanjut;golongan yang sedang duduk dibangku sekolah;golongan kanak-kanak;#;A
8;Penduduk yang sudah memasuki usia kerja, baik yang sudah bekerja, belum bekerja atau sedang mencari pekerjaan, dinamakan...;penduduk;angkatan kerja;tenaga kerja;pengangguran;#;B
8;Faktor-faktor yang mempengaruhi angkatan kerja adalah, kecuali...;jumlah penduduk;usia penduduk;tingkat pendidikan;piramida penduduk;#;D
8;Orang-orang yang betul-betul tidak bekerja dinamakan...;pengangguran terbuka;pengangguran setengah terbuka;pengangguran terselubung;pengangguran friksional;#;A
8;Pengangguran yang terjadi karena adanya orang yang rela meninggalkan pekerjaannya untuk mendapatkan penghasilan lain, disebut...;pengangguran voluntary;pengangguran teknologi;pengangguran terselubung;pengangguran friksional;#;A
8;Kondisi di mana seseorang pada usia tertentu telah mendapatkan posisi sesuai dengan tingkat pendidikannya dan dapat hidup layak, disebut...;kesempatan kerja;angkatan kerja;tenaga kerja;pengangguran friksional;#;A
8;Berikut adalah negara tujuan TKI, kecuali...;Hongkong;Malaysia;Rusia;Arab Saudi;#;C
8;Upaya pemerintah dalam meningkatkan sumber daya manusia adalah sebagai berikut, kecuali...;perbaikan gizi;peningkatan jumlah penduduk;pelatihan tenaga kerja;pemagangan;#;B
8;Ciri-ciri sistem ekonomi tradisional, kecuali...;barter;untuk kebutuhan sendiri;diatur oleh pemerintah;kegiatannya berburu;#;C
8;Negara yang menganut sistem ekonomi liberal adalah...;Iran;Jepang;Arab Saudi;Indonesia;#;B
8;Sistem ekonomi Indonesia adalah...;tradisional;demokrasi Pancasila;sentral;liberal;#;B
8;Pelaku ekonomi di Indonesia, kecuali...;BUMN;LSM;BUMS;Koperasi;#;B
8;Undang-Undang tentang pajak adalah...;UU No. 8 Tahun 1994;UU No. 10 Tahun 1994;UU No. 11 Tahun 1995;UU No. 20 Tahun 1998;#;B
8;Tarif pajak yang tidak tergantung besar kecilnya objek pajak adalah...;tarif tetap;tarif proporsional;tarif progresif;tarif degresif;#;A
8;Tarif yang menggunakan persentase yang jumlahnya tetap adalah...;tarif tetap;tarif proporsional;tarif progresif;tarif degresif;#;B
8;Fungsi pajak sebagai sumber pendapatan negara adalah...;fungsi anggaran;fungsi pembiayaan;fungsi stabilisasi;fungsi retribusi perdagangan;#;A
8;Fungsi pajak sebagai fasilitas umum adalah...;fungsi anggaran;fungsi pembiayaan;fungsi stabilisasi;fungsi retribusi perdagangan;#;B
8;Pajak yang dikenakan terhadap barang mewah adalah...;PPh;PPnBM;PPN;PBB;#;B
8;Proses penyerapan sari-sari makanan terjadi pada...;Lambung;Mulut;Usus besar;Usus halus;#;D
8;Pepsinogen dapat diaktifkan oleh HCL menjadi pepsin. Pepsin berfungsi untuk mengubah...;Protein menjadi asam amino;Karbohidrat menjadi gula;Lemak menjadi asam lemah;Protein menajdi pepton;#;D
8;Escherichia Coli merupakan jenis bakteri yang menguntungkan yang terdapat di dalam usus besar, karena dapat...;Membantu pembusukan sisa makanan;Membantu pencernaan serat;Membinasakan kuman penyakit;Membantu mengatur kadar air sisa makanan;#;A
8;Enzim ptealin terdapat di...;Lambung;Air liur;Usus besar;Mulut;#;B
8;Dari pernyataan berikut ini, yang bukan fungsi lemak bagi tubuh adalah...;Pelarut vit A, D, E, K;Sumber Energi;Cadangan makanan;Pembangunan enzim;#;D
8;Cairan empedu yang dihasilkan hati berperan dalam pencernaan, yaitu...;mengurangi zat tepung;membasmi bibit penyakit;mengurangi lemak;mengemulsi lemak;#;D
8;Berikut ini termasuk alat-alat pernapasan pada tubuh manusia, kecuali...;hidung;kerongkongan;tenggorokan;paru-paru;#;C
8;Pertukaran gas oksigen dari udara atmosfer dengan karbondioksida terjadi di...;rongga hidung;rongga mulut;bronkus;alveoulus;#;D
8;Saat manusia bernapas, terjadi peristiwa...;Pengambilan air dan pelepasan O2;Pengikatan Oksigen dan Pelepasan CO2;Pengikatan CO2 dan pelepasan O2;Pengikatan air dan pelepasan CO2;#;B
8;Meskipun kamu menghembuskan napas kuat-kuat, udara di dalam paru-paru masih tetap ada. Volume udara ini disebut...;Udara komplementer;Kapasitas vitas;Kapasitas total;Udara residu;#;D
8;Urutan organ pernapasan yang benar dari luar ke dalam adalah...;Mulut, tenggorokan, paru-paru;Hidung, kerongkongan, paru-paru;Hidung, tenggorokan, paru-paru;Mulut, kerongkongan, paru-paru;#;C
8;Proses inspirasi mengakibatkan...;Otot diafragma berkontraksi;Tekanan dalam rongga dada bertambah;Otot-otot tulang rusuk melemas;Rongga dada mengecil;#;A
8;Diafragma adalah sekat yang membatasi...;Rongga dada dan rongga perut;Paru-paru dan jantung;Paru-paru dan rongga perut;Trakea dan laring;#;A
8;Pernapasan perut terjadi karena...;Kontraksi otot punggung;Kontraksi dan relaksasi otot diafragma;Kontraksi dan relaksasi otot antar tulang rusuk;Kontraksi dan relaksasi otot perut;#;B
8;Bertambahnya ukuran dan volume sel suatu makhluk hidup yang bersifat tidak dapat kembali disebut...;Pertumbuhan;Perkembangan;Metamorfosis;Metagenesis;#;A
8;Faktor lingkungan berikut mempengaruhi pertumbuhan pada tumbuhan, kecuali...;Suhu;Gen;Kelembapan;Air;#;B
8;Perkembangan pada tumbuhan contohnya...;Batang mangga bertambah besar;Pohon mangga bertambah tinggi;Pohon mangga menghasilkan bunga;Daun mangga bertambah lebat;#;C
8;Serangga yang mengalami metamorphosis tidak sempurna adalah...;Kupu-kupu;Katak;Nyamuk;Belalang;#;D
8;Pergiliran keturunan dari generasi sporofit kegenerasi gametofit dan sebaliknya disebut...;Metamorfosis;Konjungasi;Metagenesis;Fertilisasi;#;B
8;Ciri-ciri pertumbuhan sekunder pria yang terjadi pada masa pubertas adalah...;Terbentuknya buah dada;Terjadi menstruasi;Terbentuknya kumis;Terbentuknya alis;#;C
8;Wanita yang berumur di atas 50 tahun akan mengalami fase berhenti haid yang disebut...;Ovulasi;Menarche;Menopause;Fertilisasi;#;C
8;Otot polos banyak terdapat pada...;Otot lingkar mulut;Otot penggerak bola mata;Otot lidah;Dinding usus;#;D
8;Otot jantung mempunyai sifat-sifat istimewa, yaitu...;Susunannya seperti otot lurik, kerjanya tidak sadar;Susunannya seperti otot polos, kerjanya tidak sadar;Susunannya seperti otot lurik, kerjanya sadar;Susunannya seperti otot polos, kerjanya sadar;#;A
8;Di bawah ini yang seluruhnya termasuk kedalam tulang pipih adalah...;Tulang rusuk, tulang lengan, tulang paha;Tulang rusuk, tulang dada, tulang belakang, tulang pergelangan;Tulang belikat, tulang rusuk, tulang pergelangan;Tulang belikat, tulang dada, tulang rusuk, tulang panggul;#;D
8;Gerakan tumbuhan yang dipengaruhi oleh rangsang cahaya dinamakan ...;Niktinasti dan gravitropi;Fotonasti dan fototropisme;Hidronasti dan hidrotropisme;Kemonasti dan kemotropisme;#;B
8;Pada keadaan lembab, kulit buah kacang kedelai yang sudah tua akan membuka. Gerakan yang terjadi pada tanaman kedelai ini dinamakan ...;Tigmonasti;Seismonasti;Higroskopis;Fototropisme;#;C
8;Tumbuhan kacang panjang akan tumbuh merambat dengan melingkari kayu penyanggahnya. Gerakan pada tumbuhan kacang panjang ini disebut dengan ...;Fotonasti;Niktinasti;Tigmonasti;Tigmotropisme;#;D
8;Pasangan antara nama gerak dan jenis rangsang yang mempengaruhi dalam tabel berikut yang benar adalah ...;Geotropisme Zat kimia;Hidrotropisme Getaran;Termonasti Suhu;niktinasti Sentuhan;#;C
8;Gerakan ujung akar pohon jati untuk mencari sumber air hingga jarak yang cukup jauh merupakan contoh gerak ...;Fotonasti;Hidrotropisme;Kemotaksis;Tigmotropisme;#;B
8;Bungan tumbuhan pukul empat (Mirabilis jalapa) akan mekar hanya pada pukul 4 sore. Gerakan mekarnya bunga tumbuhan tersebut termasuk gerak ...;Fotonasti;Tigmonasti;Fototaktis;Fototropisme;#;A
8;Gerak tumbuhan yang memerlukan rangsang berupa perubahan kadar air di dalam sel sehingga terjadi pengerutan yang tidak merata disebut...;gerak hidronasti;gerak hidrotropisme;gerak hidrostatis;gerak higroskopis;#;D
8;Contoh gerak tumbuhan berikut yang bukan merupakan contoh dari gerak nasti adalah...;menguncupnya daun tanaman Leguminosae;mekarnya bunga pukul empat;menutupnya daun putri malu;merekahnya kulit buah-buahan yang sudah kering pada tumbuhan polong-polongan;#;B
8;Berdasarkan fungsi tubuh untuk melakukan aktivitas gerak, hewan berikut yang memiliki otot paling elastis adalah...;burung;gajah;koala;kijang;#;A
8;Burung dapat terbang melayang diudara disebabkan oleh alasan-alasan berikut kecuali ...;memiliki sayap berbentuk airfoil;memiliki tubuh yang ringan dan kuat;memiliki sayap yang pendek;adanya gaya dorong ketas dan kebawah yang emmbuatnya stabil di udara;#;C
8;Nyamuk adalah salah satu hewan unik karena mampu berjalan diatas air. Prinsip yang dimanfaatkan oleh nyamuk tersebut adalah ...;prinsip tegangan permukaan air;karena nyamuk adalah binatang berukuran kecil;nyamuk memiliki saya yang membuatnya seolah-olah dapat berjalan diatas air;kaki-kaki nyamuk mengandung selaput yang membuatnya dapat emngapung diatas air;#;A
8;Air mampu bergerak ke atas dan kebawah dalam air, ikan biasanya akan melakukan ...;ikan memiliki susunan orot dan tulang bekang yang fkesibel yang bisa membuatnya berenang ke segala arah.;Ikan akan mengeluarkan gelembung renang;Ikan memiliki sirip yang membantu pergerakan keatas dan kebawah;Ikan memiliki gurat sisi dibagian samping tubuhnya;#;B
8;Hewan-hewan didarat memanfaatkan hal berikut untuk melakukan gerak dengancepat kecuali ...;Memiliki otot yang kuat;Memiliki susunan tulang yang kuat;memiliki tubuh yang ramping;ukuran tubuh yang besar;#;D
8;Gajah memiliki inersia yang jauh lebih besar dibandingkan rusa. Hal ini disebabkan karena ...;gajah memiliki bobot tubuh yang besar;gajah memiliki ukuran kaki yang besar yang membuatnya mampu berjalan cepat;rusa memiliki tanduk yang membantu dalam bergerak;ukuran tubuh rusa tidak mempengaruhi inersia;#;A
8;Tanaman petai cina saat menjelang matahari terbenam akan memberikan respons ...;menggugurkan daun-daunnya yang berwarna kuning;membuka mahkota bunganya;mengatupkan daun-daunnya;membuka polong bijinya;#;C
8;Faktor yang mempengaruhi pertumbuhan dan perkembangan berikut yang merupakan faktor internal adalah ...;Suhu dan kelembaban;gen dan hormon;Makanan dan hormon;cahaya dan air;#;B
8;Tumbuhan yang telah tumbuh semakin tinggi dan besar tidak akan dapat kembali lagi ke ukuran semula ketika ia masih kecil. Sifat pertumbuhan ini disebut ...;Internal;Diferensiasi;Irreversible;Progresif;#;C
8;Berikut ini adalah hewan yang mengalami metamorphosis sempurna adalah ...;Belalang dan semut;Kecoa dan capung;Lebah madu dan lalat;Jangkrik dan kupu-kupu;#;C
8;Tumbuhnya kumis dan jakun pada remaja laki-laki di usia pubertas dipengaruhi oleh hormon ...;Testosteron;Estrogen;Progesteron;Prolaktin;#;A
8;Pertambahan panjang tulang hanya berlangsung sampai usia sekitar 18 atau 20 tahun. Bagian pada tulang yang berperan dalam proses pemanjangan tulang adalah ...;Osteosit;Saluran Havers;Cakra epifise;Membran synovial;#;C
8;Pak Amin terjatuh dan mengalami patah tulang yang cukup serius. Menurut analisis dokter, hal ini terjadi karena tulang Pak Amin mengalami keropos. Kelainan yang diderita Pak Amin dan penyebabnya adalah ...;Aterosklerosis, karena kekurangan vitamin D;Aterosklerosis, karena kekurangan unsur besi;Osteoporosis, karena kekurangan unsur kalsium;Osteoporosis, karena kekurangan unsur kalium;#;C
8;Di organ lambung terjadi pencernaan makanan secara ...;Mekanik saja;Kimiawi saja;Mekanik dan kimiawi;Mekanik, kimiawi, dan biologi;#;C
8;Berikut ini yang merupakan fungsi enzim tripsin adalah ...;Mengubah zat tepung menjadi zat gula;Mengaktifkan pepsin dan membunuh kuman;Mengubah pepton menjadi asam amino;Mengubah protein menjadi asam amino;#;C
8;Kelompok makanan berikut yang memberikan energi terbesar adalah ...;Padi, jagung, kentang;Tempe, tahu, kacang-kacangan;Telur, margarin, lemak sapi;Ikan, gandum, singkong;#;C
8;Penyakit pada sistem pencernaan yang disebabkan oleh penyerapan air yang berlebihan oleh usus penyerapan (ileum) menyebabkan air pada usus besar sedikit sehingga susah buang air besar disebut ...;Diare;Sembelit/konstipasi;Tukak lambung;Kolik;#;B
8;Oksigen dari paru-paru akan diedarkan ke seluruh sel tubuh oleh ...;Plasma darah;Eritrosit;Leukosit;Limfosit;#;B
8;Kedudukan otot diafragma dan tulang rusuk pada saat inspirasi adalah ...;Otot diafragma melengkung, tulang rusuk terangkat;Otot diafragma melengkung, tulang rusuk menurun;Otot diafragma mendatar, tulang rusuk terangkat;Otot diafragma mendatar, tulang rusuk menurun;#;C
8;TBC adalah salah satu penyakit gangguan pernafasan yang disebabkan oleh ...;Virus;Bakteri;Protozoa;Fungi;#;B
8;Berikut ini adalah pembuluh darah yang membawa darah bersih, yaitu ...;Vena cava superior;Vana cava inferior;Vena pulmonalis;Arteri pulmonalis;#;C
8;Kemampuan sel darah putih untuk memakan benda asing yang masuk ke dalam tubuh dan menembus dinding pembuluh darah berturut-turut disebut ...;Diapedesis, fagosit;Limfosit, diapedesis;Fagosit, diapedesis;Limfosit, fagosit;#;C
8;Urutan yang tepat untuk peredaran darah ganda pada manusia (dari kiri ke kanan) adalah ...;Paru-paru -- bilik kiri -- bilik kanan -- serambi kiri -- tubuh -- paru-paru;Tubuh -- bilik kiri -- serambi kanan -- serambi kiri -- bilik kiri -- paru-paru -- tubuh;Bilik kiri -- serambi kiri -- bilik kanan -- serambi kanan -- paru-paru -- tubuh;Bilik kiri -- seluruh tubuh -- serambi kanan -- bilik kanan -- paru-paru -- serambi kiri -- bilik kiri;#;D
8;Seseorang yang menderita anemia sering mengalami sesak nafas karena ...;Kurangnya hemoglobin pada sel darah merah;Kurangnya sel darah dalam plasma darah;Tidak adanya sel darah putih;Tidak adanya fibrinogen;#;A
8;Lapisan dalam akar atau batang tanaman yang berfungsi sebagai tempat penyimpanan cadangan makanan adalah ...;Epidermis;Endodermis;Korteks;Stele;#;C
8;Perhatikan reaksi fotosintesis berikut ini! A + H2O ---> B + O2 A dan B pada reaksi di atas adalah ...;Air dan karbondioksida;Karbondioksida dan oksigen;Karbondioksida dan amilum;Amilum dan karbondioksida;#;C
8;Pecahnya buah polong-polongan karena berkurangnya kadar air disebut gerak ...;Hidrotropisme;Nasti kompleks;Higroskopis;Etionom;#;C
8;Zat kimia pembasmi hama yang berupa jamur disebut ...;Herbisida;Insektisida;Pestisida;Fungisida;#;D
8;Atom yang bermuatan listrik disebut ...;Nucleon;Proton;Neutron;Ion;#;D
8;Sebuah atom dikatakan bermuatan listrik positif jika ...;Mendapat tambahan electron dari luar;Melepaskan satu atau beberapa electron ke luar;Mendapat tambahan proton dari luar;Melepaskan satu atau bebeapa proton ke luar;#;B
8;Jumlah atom hidrogen pada molekul asam sulfat adalah ...;1;2;3;4;#;B
8;Atom yang menyusun molekul garam dapur adalah ...;Natrium dan kalium;Natrium dan klorin;Nitrogen dan klorin;Nitrogen dan kalsium;#;B
8;Berikut ini yang merupakan molekul poliatomik adalah ...;HCl;NaCl;NaOH;CO;#;C
8;Bahan kimia di bawah ini yang merupakan pembersih adalah ...;Insektisida;Deodoran;Sabun cair;Parfum;#;C
8;Berikut ini adalah bahan alami yang dapat digunakan sebagai pewarna makanan yaitu ...;Kunyit, daun salam;Kunyit, daun suji;Lengkuas, bawang merah;Merica, daun salam;#;B
8;Salah satu efek penggunaan zat adiktif adalah menimbulkan rasa segar dan bersemangat, yang disebut ...;Halusinogen;Stimulan;Depresan;Mabuk;#;B
8;Keberadaan posisi wilayah tersebut sesuai dengan bentuk dan letaknya di bumi disebut ...;letak geologis;letak astronomis;letak strategis;letak geografis;#;D
8;Laut yang terletak antara pulau-pulau Indonesia disebut ...;laut teritorial;laut nusantara;laut kontinen;laut wilayah;#;B
8;Akibat letak geografisnya, Indonesia memiliki dua musim yaitu ...;hujan dan tropis;hujan dan semi;kemarau dan hujan;semi dan salju;#;C
8;Musim kemarau di Indonesia pada umumnya berlangsung pada bulan ...;April -- Oktober;Oktober -- April;September -- Januari;Februari -- Maret;#;A
8;Penduduk adalah warga negara Indonesia dan orang asing yang bertempat tinggal di Indonesia. Definisi tersebut diungkapkan dalam UUD 1945 ...;Pasal 26;Pasal 27;Pasal 28;Pasal 19;#;A
8;Keseluruhan proses pengumpulan, pengolahan, dan publikasi data demografis di suatu negara untuk seluruh penduduk pada periode waktu tertentu disebut ...;survei penduduk;sensus penduduk;pendataan penduduk;statistik penduduk;#;B
8;Berikut ini bukan termasuk faktor utama yang secara langsung berpengaruh terhadap jumlah penduduk adalah ...;migrasi;kelahiran;kematian;sensus penduduk;#;D
8;Meninggalnya seorang penduduk menyebabkan berkurangnya jumlah penduduk disebut ...;mortalitas;natalitas;fertilitas;nuptialitas;#;A
8;Besarnya angka harapan hidup dipengaruhi oleh ...;umur maksimum yang mungkin dicapai;jumlah kematian bayi;jumlah penduduk usia tua menurun;pertumbuhan penduduk menurun;#;A
8;Cara terbaik untuk mengurangi pencemaran yang diakibatkan limbah padat dari industri ialah dengan melakukan ...;pembakaran;penimbunan;daur ulang;pemadatan;#;C
8;Badan PBB yang dibentuk untuk menangani masalah lingkungan hidup ialah ...;UNEP;UNDP;UNHCR;UNIDO;#;A
8;Usaha-usaha yang bertujuan untuk menjadikan udara bersih dari polusi disebut program ...;langit biru;rumah kaca;green house;penghijauan;#;A
8;Kerusakan lingkungan yang disebabkan oleh faktor alam antara lain adalah ...;kekurangannya sumber daya air;perembesan air laut kedaratan;tanah tandus;flora dan fauna terancam punah;#;B
8;Bangsa Barat yang pertama kali menguasai kerajaan-kerajaan di Nusantara adalah ...;Belanda;Spanyol;Portugis;Inggris;#;D
8;Berikut ini yang bukan merupakan tujuan Belanda mendirikan VOC adalah ...;menghindarkan persaingan antarpengusaha Belanda;mendapatkan keuntungan yang sebesar-besarnya;agar mampu bersaing dengan kongsi dagang dari bangsa lain seperti Portugis dan Spanyol;membantu meningkatkan kesejahteraan rakyat Indonesia;#;D
8;Perlawanan Bangsa Indonesia mengusir bangsa Barat dilakukan sejak kedatangan bangsa Portugis di Indonesia yang mengalahkan Kerajaan Malaka pada tahun ...;1511;1115;1512;1215;#;A
8;Sebelum menyebar ke Indonesia, agama Kristen menyebar dari tanah kelahirannya, yaitu ...;Palestina;Israil;Mesir;Iran;#;A
8;Kongres Perempuan Pertama pada tahun 1929 diadakan di Kota ...;Bandung;Jakarta;Surabaya;Medan;#;B
8;Di daerah Samin terdapat lokalisasi PSK. Setiap malam minggu rumah-rumah bordil tersebut penuh oleh pengunjung. Lokalisasi PSK dan rumah bordil termasuk contoh ...;gaya hidup di perkotaan;penyimpangan norma;mata pencarian;penyimpangan keluarga;#;B
8;Berikut ini merupakan penyebab munculnya penyimpangan sosial, kecuali ...;perceraian;kekerasan;konflik;rasa aman;#;D
8;Sepulang sekolah Andi menjual ganja. Tindakan Andi termasuk ...;mencari tambahan uang saku;melanggar hukum;melanggar tata tertib sekolah;melanggar etika;#;C
8;Aborsi yang dilakukan para remaja merupakan akibat perilaku ...;seks bebas;menonton VCD porno;pacaran;membaca tabloid esek-esek;#;A
8;Tatanan keluarga yang rapuh dan tidak harmonis akan menyebabkan anak menjadi ...;lemah;tidak percaya diri;tidak bergairah;antipati;#;B
8;Berikut yang bukan merupakan usaha pencegahan terjadinya penyimpangan sosial adalah ...;ikut pesantren kilat;ikut mengaji;mengurung diri;ayah dan ibu rukun;#;C
8;Penyimpangan sosial di kalangan remaja disebabkan ...;peredaran film-film cabul;tayangan sinetron;depresi;mencari identitas diri;#;D
8;Pasangan berikut yang bukan merupakan barang komplementer ...;kompor dan sumbu kompor;bensin dan minyak tanah;sepeda motor dan sepeda;mobil dan bensin;#;C
8;Barang yang berfungsi sebagai jaminan untuk mendapatkan kredit dalam jangka pendek disebut ...;barang tidak bergerak;barang komplementer;barang bergerak;barang jaminan;#;D
8;Berikut yang bukan termasuk kebutuhan berdasarkan intensitasnya adalah ...;kebutuhan primer;kebutuhn sekunder;kebutuhan tersier;kebutuhan pokok;#;D
8;Berikut yang bukan termasuk pelaku utama ekonomi berdasarkan UUD 1945 Pasal 33 adalah ...;BUMN;BUMS;Koperasi;BUMD;#;B
8;Koperasi yang beranggotakan orang perorang disebut ...;koperasi sekunder;koperasi primer;koperasi tersier;koperasi Unit Desa;#;B
8;Undang-undang yang membahas tentang perkoperasian adalah ...;UU No. 25 Tahun 1992;UU No. 52 Tahun 1992;UU No. 25 Tahun 1995;UU No. 52 Tahun 1995;#;A
8;Berikut yang bukan termasuk ciri pasar persaingan sempurna ...;jumlah penjual dan pembeli banyak;harga ditentukan oleh penjual;barang yang dijual bersifat homogen;bebas campur tangan pemerintah;#;B
8;Berikut yang bukan contoh pasar berdasarkan waktu pelaksanaannya ...;pasar harian;pasar bulanan;pasar mingguan;pasar minggu;#;D
8;Berikut ini yang bukan bentuk pasar bukan persaingan sempurna adalah ...;pasar monopoli;pasar valuta asing;pasar oligopoli;pasar persaingan monopolistis;#;B
8;Pasar persaingan sempurna merupakan perpaduan dua jenis pasar ekstrim, yaitu pasar ...;monopoli dan oligopoli;monopoli dan monopsoni;monopoli dan persaingan sempurna;persaingan sempurna dan monopsoni;#;A
8;Berikut ini yang bukan termasuk jenis jenis pasar abstrak adalah ...;pasar uang;pasar valuta asing;pasar konkret;pasar tenaga kerja;#;C
8;Surat berharga yang dijual di pasar uang adalah ...;SBI dan saham;saham dan obligasi;SBI dan SBPU;SBPU dan saham;#;C
8;Salah satu cara mengurangi polusi udara di kota adalah dengan ...;reboisasi;penataan ruang;pengendaliaan banjir;penghijauan;#;D
8;Sebelum bangsa Barat ke lndonesia, sebenarnya sudah terjalin hubungan secara tidak langsung melalui perdagangan yang dilakukan secara...;Berantai;Gelap;monopoli;barter;#;D
8;Belanda kesuiitan dalam menaklukan Aceh karena...;adanya persatuan yang kuat antara ulama, bangsawan dan rakyat;keadaan alam Aceh yang sulit ditembus;Belanda kekurangan biaya perang;Belanda tidak berhasil melaksanakan siasat;#;A
8;"Semboyan""Gold, Gospel, Glory"" berakibat negative bagi bangsa-bangsa Timur adalah...";menimbulkan perang antar negara di Asia;pelayaran dan perdagangan di Asia putus;terampasnya semua hasil kebudayaan Asia;menimbulkan penjajahan bangsa bangsa di Asia;#;D
8;Yang tidak termasuk tokoh perlawanan dari Maluku adalah...;Kaikiali;Saidi;Telukabesi;Hasanudin;#;D
8;Pembalasan terhadap kekuasaan dimanapun berada sebagai tindak lanjut Perang Salib adalah ...;Reconguesta;Gospel;perang koalisi;Ordoric da Pardenone;#;A
8;Yang termasuk pergerakan nasional yang bersifat kooperasi adalah...;PNI;Gapi;SDI;SI;#;B
8;Untuk menanggapi tuntutan Gapi pemerintah membentuk...;petisisutarjo;komisi Visman;sidang volksraad;konggres luar biasa;#;B
8;Salah satu ciri perjuangan pergerakan nasional tahun 1908 adalah...;perjuangan bersifat kedaerahan;tergantung dari pimpinan;wujud perjuangannya mengandalkan kekuatan fisik;menggunakan organisasi modern;#;D
8;Yang tidak termasuk ketentuan Tanam Paksa adalah...;1/5 tanah harus ditanami tanaman eksport;tanaman wajib tetap ditarik pajak;hasil garapan diserahkan pada pemerintah;kegagalan panen menjadi tanggungan pemerintah;#;D
8;Salah satu peninggalan Daendels yang masih bisa dirasakan manfaatnya sampai sekarang adalah...;pabrik senjata di Semarang;sistem wajib militer;jalan pos Anyer dan Panarukan;sistem pajak tanah;#;C
8;Yang tidak termasuk pendidikan Barat di lndonesia yang setingkat SD adalah...;Rechtkundige Hooge School;Vervolg School;Volks School;Europesche Lagere school;#;A
8;Berdasarkan Perjanjian Salatiga, kerajaan Surakarta dibagi dua, sebelah timur diperintah oleh Mas Said yang bergelar...;Paku Buwono;Paku Alam;Hamengkubuwono;Pangeran Mangkunegoro;#;D
8;Bertempur sampai titik darah penghabisan adalah arti dari...;perang Paderi;perang Banjar;perang jagaraga;perang Puputan;#;D
8;Yang dimaksud kerajaan kembar adalah...;Ternate -- Tidore;Mataram -- Demak;Kartasura -- Surakarta;Goa -- Tallo;#;D
8;Yang tidak termasuk tokoh-tokoh SI Merah adalah...;H. Samanhudi;Tan Malaka;Alimin;Muso;#;A
8;Kembalinya Gubenur Jenderal Daendels ke Belanda disebabkan karena...;Daendels menjual tanah Negara kepada pihak swasta asing;gagal mempertahankan Pulau Jawa dari lnggris;pemerintahannya mengalami defisit keuangan;masa jabatannnya sudah berakhir;#;A
8;Kemenangan Jepang atas Rusia mengakibatkan...;kebangkitan nasionalisme Negara-negara Asia;semangat orang kulit putih bangkit di Asia;daerah jajahan Rusia menjadi milik Jepang;Jepang menguasai wilayah Rusia;#;A
8;"Buku berjudul ""lndonesia Menggugat"" adalah karya dari..";Mohammad Hata;dr. Wahidin Sudiro Usodo;lr. Soekarno;Suwardi Suryaningrat;#;C
8;Para petani mengadakan protes dan mengikuti pemimpinnya, karena mereka menganggap sang pemimpin adalah...;mempunyai kesaktian;Amirul Mukminin;Ratu Adil;khalifah;#;C
8;Tujuan dari pembentukan Budi Utomo adalah...;membentuk pemerintahan lndonesia yang merdeka;memajukan perekonomian yang berdarkan agama lslam;memajukan tanah air yang dilandasi semangat nasional;memajukan pendidikan dan meningkatkan derajat bangsa;#;D
8;Yang tidak termasuk pergerakan nasional yang bersifat moderat adalah...;Parindra;PNI;Partindo;GAPI;#;B
8;Produk rempah-rempah yang laku dipasaran Eropa adalah...;Lada;Cabe;Kunir;Jahe;#;A
8;Yang tidak dimaksudkan sebagai penggunaan istilah lndonesia dalam sumpah pemuda 1928 adalah...;bahasa;bangsa;tanah air;bendera;#;D
8;Dengan system monopoli perdagangan,VOC melaksanakan politik ...;devide et impera;sewa tanah;verplichte Leveranties;Batigslot Politic;#;A
8;Semboyan perjuangan Parindra adalah...;lndonesia Merdeka;lndonesia Mulia;lndonesia Raya;lndonesia Berparlemen;#;C
8;Tanaman dagang lada dihapus sejak tahun...;1864;1865;1868;1862;#;D
8;Dampak kekuasaan Belanda dalam bidang ekonomi menimbulkan penderitaan rakyat, adalah salah satu akibat dari...;rakyat mengelola tanah pertanian;poilitik devide et impera;politik drainage;sistem perdagangan bebas;#;C
8;Pada tahun 1908 para pelajar dan mahasiswa lndonesia di negeri Belanda mendirikan organisasi pergerakan nasional yang dinamakan ...;Perhimpunan lndodnesia;Perhimpunan Pemuda lndonesia;lndonesische Vereeniging;lndische Vereeniging;#;C
8;Pembanguan jalan dari Anyer sampai Panarukan terjadi pada masa pemerintahan...;Thomas Stamfort Raffles;H Willem Daendels;Thomas Stamfort Raffles;Van den Bosch;#;B
8;Tokoh pendiri Organisasi Muhammadiyah adalah...;K.H Ahmad Dahlan;K.H Mas Mansur;Haji Agus Salim;Haji Samanhudi;#;A
8;Dengan dikeluarkannya UU Agraria, dimulailah pelaksanaan politik...;Etis;Penanaman modal;Pintu Terbuka;Sewa tanah;#;C
8;Yang tidak termasuk gerakan Ratu Adil adalah...;Gerakan di Mangkuwijaya,;Gerakan Dufmajid, Yogyakarta 1889;Gerakan Kasan Mukmin, Sidoarjo;Gerakan Budiah;#;B
8;Aceh harus mengakui kekuasaan VOC adalah isi dari perjanjian...;Plakat Pendek;Traktat Sumatra;Traktat London;Plakat Panjang;#;A
8;Bandar Banten menjadi ramai dan berkembang setelah jatuhnya Malaka ke tangan...;Portugis;Belanda;lnggris;Spanyol;#;A
8;Kerajaan Ternate menyambut baik kedatangan Portugis dengan alasan ...;Portugis tidak bermaksud menjajah;Kedatangannya untuk berdagang;Untuk menyebarkan agama;Dapat dijadikan sekutu melawan Tidore;#;D
8;Sejak VOC dibubarkan, kekuasaan kolonialisme Belanda di lndonesia dipegang langsung oleh...;pemerintah Daendels;pemerintah Hindia Belanda;pemerintah Raffles;pemerintah Republik Bataaf;#;B
8;Yang tidak termasuk factor pendorong penjelajahan samudra adalah...;Gold;glory;gospel;Liberty;#;D
8;lndische Partij yang bersemboyan lndie voor de lnders, mempunyai arti...;Hindia untuk bangsa Belanda;Hindia untuk penduduk pribumi;Hindia untuk bangsa Hindia lndonesia;Hindia untuk bangsa penjajah;#;C
8;Konggres Pemuda ke ll dilaksanakan di pada tanggal 28 Oktober 1928 dijalan ...;Kramat raya no 6;Kramat Raya no. 5;Kramat Jati no. 6;Kramat Jati no 5;#;A
8;Pada tahun 1937 Partai lndonesia Raya dibubarkan dan diganti dengan...;Gerindo;MlSl;PVPN;GAPI;#;A
8;Masuk dan keluarnya kapal-kapal dagang ke perairan lndonesia melalui Selat Malaka berarti Malaka berfungsi sebagai...;Jalur pelayaran lndonesia ke EWropa;Pintu gerbang ke perairan lndonesia;Pelabuhan transit;Pelabuhan internasional;#;B
8;Faktor utama yang mendorong kedatangan bangsa Eropa ke lndonesia adalah...;lndonesia adalah penghasil rempah rempah;Peradaban kebudayaan lndonesia masih primitif;Perdagangan di lndonesia dikuasai pedagang-pedagang Gujarat;Letak lndonesia sangat strategis;#;A
8;Kewajiban yang dibebankan pada penduduk Priangan untuk menanam kopi disebut ...;Contingen;Preanger Stelsel;Sewa tanah;verplichte leverentie;#;B
8;Berdirinya SDI tidak lepas dari tokoh H. Samanhudi yang rnerupakan pedagang batik di daerah...;Jebres;Kartasura;Laweyan;Manahan;#;C
8;Keanggotaan Budi Utomo pada awalanya terbatas, hanya meliputi...;kaum pelajar jawa;kaum ulama Jawa;semua lapisan masyarakat;kaum priyayi Jawa;#;A
8;Teori yang rnengajarkan bumi itu bulat terdapat pada buku...;History oj Java;Omago Mundi;Coster;ltineraria;#;B
8;Pada waktu dipimpin S. Raffles, barang barang lndonesia tidak bisa dikirim ke Eropa karena Eropa berlangsung politik...;Benteng Stelsel;Dumping;Landrette Stelsel;Continental stelsel;#;D
8;Sebagai sekretaris dalam susunan panitia Konggres Pemuda ke ll adalah...;Soegondo Djojopuspito;Muh. Yamin;Amir Syariffudin;Djoko Marsaid;#;B
8;Dr. Nomensen banyak menyebarkan agama Nasrani di daerah ...;Sumatera utara;Tapanuli;Ambon;Saparua;#;A
8;Tokoh emansipasi wanita dipelopori oleh...;RA. Kartini;Cut Nyak Din;Cut Meutiah;Dewi sartika;#;A
8;Koefisien y dari 3x² - 4x + 4y adalah ...;-4;-3;3;4;#;D
8;Hasil penjumlahan 2x + 7y dan 3x - 2y adalah ...;x - 9y;5x - 5y;5x + 5y;x + 5y;#;C
8;Bentuk sederhana dari 2a + 3a² adalah ...;2a + 3a²;2a - 3a²;2a² + 3a;a² + 2a³;#;A
8;Faktor dari bentuk aljabar x² - 11x + 24 adalah...;(x - 3)(x - 8);(x - 3)(x + 8);(x + 3)(x - 8);(x + 3)(x + 8);#;A
8;Hasil kali dari (p - 6)(p - 2) = ...;p² + 8p + 12;p² - 8p + 12;p² + 4p + 12;p² - 4p + 12;#;B
8;Hasil pemfaktoran dari 3x² + 4x - 15 adalah ...;(3x - 5)(x - 3);(3x + 5)(x + 3);(3x + 5)(x - 3);(3x - 5)(x + 3);#;D
8;Hasil pemfaktoran dari (m² - 16n²) adalah ...;(m + 16n)(m - 16n);(m - 16n)(m - 16n);(m - 4n)(m - 4n);(m + 4n)(m - 4n);#;D
8;Diketahui himpunan pasangan berurutan {(3,1),(4,2),(5,3),(6,4),(7,5)}. Relasi yang tepat adalah...;faktor dari;dua lebihnya dari;kuadrat dari;setengah dari;#;B
8;Suatu fungsi f dirumuskan dengan f(x) = -2x + 5. Nilai dari f(-4) = ...;-13;-3;3;13;#;D
8;Suatu fungsi f(x) = ax + b. Jika f(-5)=15 dan f(5)=-5, maka nilai a dan b adalah ...;-10 dan 15;15 dan -10;-2 dan 5;5 dan -2;#;C
8;Diketahui A = {a,b} dan B = {p,q,r}. Banyaknya pemetaan yang mungkin dari A ke B ada ...;8;9;10;11;#;B
8;Fungsi f(x)=x²-3 dengan x={0,1,2,3}. Daerah hasilnya adalah ..;{-3,-2,-1,-6};{-3,-2,1,-6};{-3,-2,1,6};{-3,-2,-1,-6};#;C
8;Diketahui himpunan pasangan berurutan {(0,-5),(1,-1),(2,3)}. Rumus fungsi yang tepat adalah ...;f(x)=2x+1;f(x)=3x-7;f(x)=4x-5;f(x)=5x+1;#;C
8;Harga 10 buku tulis dan 6 pensil Rp14.500,00. Harga 6 buku tulis dan 5 pensil Rp9.750,00. Jumlah harga 5 buku tulis dan 4 pensil adalah ...;Rp7.250,00;Rp7.600,00;Rp7.750,00;Rp8.000,00;#;C
8;Jika p dan q adalah akar dari sistem persamaan 2p+3q=2 dan 4p-q=18, maka nilai 5p-2q² adalah...;4;12;28;36;#;C
8;Persamaan garis lurus yang melalui titik (-3,1) dan bergradien 2 adalah ...;y=2x+7;y=2x-7;y=2x+4;y=2x-4;#;A
8;Persamaan garis yang melalui titik (0,3) dan (5,0) adalah...;3x+5y+15=0;3x-5y+15=0;5y+3x-15=0;5y+3x+15=0;#;C
8;Persamaan garis lurus yang melalui titik (4,3) dan sejajar dengan garis y=2x+3 adalah...;2x+y+5=0;2x-y-5=0;-2x+y+5=0;-2x-y-5=0;#;B
8;Himpunan penyelesaian dari sistem persamaan linear 2x-y=2 dan x+y=7 adalah ...;{(4,3)};{(3,4)};{(-3,-4)};{(-4,-3)};#;B
8;Himpunan penyelesaian dari sistem persamaan 5x-3y=-4 dan 3x-2y=-3 adalah ...;{(1,3)};{(1,-3)};{(-1,3)};{(-1,-3)};#;A
8;"Pernyataan ""selisih dua bilangan adalah 10"", jika bilangan pertama p dan bilangan kedua q serta p>q, maka model matematikanya adalah ...";q=p+10;p+q=10;p-q=10;q-p=10;#;C
8;Selisih umur seorang ayah dengan anaknya 40 tahun. Jika umur ayah tiga kali lipat dari umur anaknya maka umur anak tersebut adalah ...;10;15;20;25;#;C
8;Diketahui dua buah sudut saling berpelurus. Besar sudut yang satu adalah 15° lebihnya dari sudut siku-siku. Selisih kedua sudut tersebut adalah ...;30°;20°;15°;10°;#;A
8;L merupakan luas lingkaran dan d diameter lingkaran, maka rumus luas lingkaran adalah...;L = 2πd;L = πd²;L = ½πd²;L = ¼πd²;#;D
8;Jika diameter suatu lingkaran 3,5 m dan π = 22/7, maka keliling lingkaran adalah ...;11,5 m;11 m;10,5 m;7,5 m;#;B
8;Sebuah sepeda memiliki roda berjari-jari 42 cm. Jika roda berputar sebanyak 2500 kali maka panjang lintasan lurus yang dilaluinya adalah...;3,3 km;6,6 km;33 km;66 km;#;A
8;Untuk membuat bingkai antena parabola digunakan plat alumunium sepanjang 2,64 m. Jika π = 22/7, maka diameter antena parabola tersebut adalah ...;96 cm;84 cm;72 cm;64 cm;#;B
8;Sebuah lingkaran memiliki luas 616 cm² maka diameter lingkaran tersebut adalah ...;7 cm;14 cm;21 cm;28 cm;#;D
8;Di dalam lapangan rumput berbentuk persegi dengan sisi 6 m, terdapat taman bunga berbentuk lingkaran dengan diameter 4 m. Jika π = 3,14, maka luas daerah yang ditumbuhi rumput adalah ...;23,46 m²;23,44 m²;24,34 m²;32,44 m²;#;B
8;Banyaknya titik sudut pada prisma segitiga adalah ...;6 buah;8 buah;10 buah;12 buah;#;A
8;Berikut ini merupakan ciri khusus dari limas, yaitu ...;memiliki titik puncak;memiliki dua sisi yang sama bentuk dan ukurannya;memiliki panjang rusuk yang sama;memiliki sisi berhadapan yang sama panjang;#;A
8;Banyaknya rusuk alas pada limas segi empat adalah ...;3 buah;4 buah;7 buah;8 buah;#;B
8;Panjang kawat yang dibutuhkan untuk membuat model kerangka kubus yang panjang rusuknya 18 cm adalah...;72 cm;108 cm;216 cm;500 cm;#;C
8;Budi mempunyai kawat sepanjang 24 meter. Ia akan membuat kerangka balok yang berukuran 15 cm × 12 cm × 13 cm. Banyak kerangka balok yang dapat dibuat adalah ...;10 buah;12 buah;13 buah;15 buah;#;D
8;Volum kubus yang panjang rusuknya 8 cm adalah...;384 cm³;512 cm³;616 cm³;724 cm³;#;B
8;Sebuah balok memiliki ukuran panjang 15 cm, lebar 11 cm, dan tinggi 9 cm. Luas permukaan balok tersebut adalah ...;798 cm²;797 cm²;796 cm²;795 cm²;#;A
8;Volum balok yang berukuran panjang 20 cm, lebar 15 cm dan tinggi 10 cm adalah...;1500 cm³;1750 cm³;1800 cm³;3000 cm³;#;D
8;Luas permukaan prisma yang alasnya berbentuk segitiga siku-siku dengan sisi 12 cm, 16 cm dan 20 cm, dan tinggi prisma 25 cm adalah...;1200 cm²;1392 cm²;1400 cm²;2400 cm²;#;D
8;Alas sebuah limas adalah sebuah segitiga dengan panjang alas 10 cm dan tinggi 18 cm. Jika tinggi limas tersebut adalah 18 cm maka volume limas adalah ...;420 cm³;540 cm³;1246 cm³;1200 cm³;#;B
8;Luas permukaan limas yang alasnya berbentuk persegi dengan panjang sisi 12 cm dan tinggi limas 8 cm adalah...;384 cm²;428 cm²;480 cm²;768 cm²;#;A
8;Diketahui titik A(0,0), B(6,0), dan D(2,3). Maka koordinat titik C agar ABCD menjadi trapesium sama kaki adalah...;-3,4;-4,3;-0,6;-3,2;#;B
8;Diketahui A = {x | 1 ≤ x < 4, x ∊ A}, B = {2,3,5,7}. Banyaknya fungsi dari A ke B adalah ...;7;12;64;81;#;C
8;Suatu fungsi f(x) = mx + n. Jika f(-2) = -9 dan f(3) = 11, nilai m dan n adalah ...;-4 dan 1;4 dan 1;-4 dan -1;4 dan -1;#;D
8;Suatu fungsi dengan rumus f(x) = 4 - 2x², f(-5) adalah ...;-46;54;46;104;#;A
8;Diketahui g : x → x² - 5x + 4 dengan domain {-2,-1,0,1,2} maka daerah hasilnya adalah ...;{-2,0,6,10,15};{-2,0,4,8,10};{-2,0,4,10,18};{-2,0,6,8,18};#;C
8;Jika f(x) = x² + 2 dan g(x) = 2x + 5 dan f(x) = g(x), maka x adalah ...;3 atau 1;-3 atau 1;3 atau -1;-3 atau -1;#;C
8;Himpunan berikut yang merupakan fungsi adalah ...;{(1,1),(1,2),(1,3),(1,4),(1,5)};{(1,2),(2,3),(3,4),(4,5),(5,6)};{(4,2),(4,3),(3,1),(3,2),(1,1)};{(4,2),(3,2),(2,2),(2,3),(1,2)};#;B
8;Garis k melalui (-3,5) dan (0,5). Sedangkan garis m melalui (-3,3) dan (-1,3). Posisi garis k dan m adalah...;sejajar sumbu-X;sejajar sumbu Y;tegak lurus sumbu X;berpotongan dengan sumbu X;#;A
8;Bagian lingkaran berikut yang merupakan apotema adalah ...;Garis AB;Busur AB;Garis EF;Garis CF;#;D
8;Garis BC pada lingkaran di bawah ini disebut ...;Busur;Tali busur;Diameter;Tembereng;#;B
8;Rumus keliling lingkaran yang berdiameter d adalah ...;2πd;½πd;πd;¼πd;#;C
8;Keliling lingkaran yang berjari-jari 14 cm adalah ...(π=22/7);88 cm;132 cm;154 cm;616 cm;#;A
8;Diameter lingkaran yang mempunyai keliling 22 cm adalah ... (π=22/7);7 cm;14 cm;21 cm;30 cm;#;A
8;Sebuah roda mempunyai diameter 50 cm. Jika roda tersebut berputar 100 kali dan π=3,14, maka jarak yang ditempuh adalah ...;78,5 m;15,7 m;785 m;157 m;#;D
8;Rumus luas lingkaran yang berjari-jari r adalah ...;2πr²;½πr²;πr²;¼πr²;#;C
8;Luas lingkaran yang berdiameter 20 cm adalah ... (π=3,14);154 cm²;314 cm²;616 cm²;1256 cm²;#;B
8;Luas suatu lingkaran adalah 616 cm². Jika π=22/7, maka kelilingnya adalah ...;68 cm;78 cm;88 cm;98 cm;#;C
8;Jika jari-jari lingkaran berikut adalah 21 cm dan π=22/7, maka luas juring AOB adalah ...;441 cm²;462 cm²;484 cm²;482 cm²;#;B
8;Jika diketahui jari-jari lingkaran 7 cm, luas daerah yang diarsir adalah ...;14 cm²;24,5 cm²;38,5 cm²;61 cm²;#;A
8;Lingkaran yang melalui ketiga titik sudut suatu segitiga disebut ...;Lingkaran dalam segitiga;Lingkaran luar segitiga;Garis singgung lingkaran dalam;Garis singgung lingkaran luar;#;B
8;Jika panjang jari-jari 8 cm dan panjang OB 17 cm, maka panjang garis singgung AB adalah ...;35 cm;28 cm;25 cm;15 cm;#;D
8;Dua buah lingkaran berjari-jari masing-masing 8 cm dan 2 cm. Jika jarak antara kedua pusat lingkaran tersebut 10 cm, maka panjang garis singgung persekutuan luar kedua lingkaran adalah ...;5 cm;7 cm;6 cm;8 cm;#;D
8;Dua buah lingkaran berjari-jari 6 cm dan 3 cm. Jika jarak titik pusat dua lingkaran 15 cm, maka panjang garis singgung persekutuan dalamnya adalah...;6 cm;10 cm;12 cm;14 cm;#;C
8;Panjang garis singgung persekutuan dalam dua buah lingkaran adalah 20 cm. Jika jarak kedua pusat lingkaran adalah 25 cm dan panjang jari-jari lingkaran pertama 7 cm, maka panjang jari-jari lingkaran kedua adalah...;5 cm;7 cm;8 cm;12 cm;#;C
8;Jika diameter setiap lingkaran di samping adalah 14 cm, maka tentukan panjang tali yang diperlukan untuk mengikat 6 buah lingkaran tersebut!;84 cm;128 cm;158 cm;202 cm;#;B
8;Negara yang pertama kali membuat peraturan permainan sepak bola adalah...;Inggris;Jerman;Brasil;Korea;#;A
8;Dalam permaianan sepak bola, apabila terjadi gol, permulaan permainan dilakukan dari...;tendangan daerah gawang;titik tengah lapangan;lemparan kedalam;tepian lapangan;#;B
8;seorang pemain sepak bola yang boleh menggunakan seluruh anggota badan adalah...;kapten kesebelasan;kiper;libero;striker;#;B
8;Lemparan ke dalam pada permainan sepak bola dilakukan apabila...;bola melewati garis tengah;bola melewati garis samping;bola keluar melewati garis gawang;bola masuk ke dalam gawang;#;B
8;Induk organisasi sepak bola dunia adalah...;PSSI;F A;FIFA;AFF;#;C
8;Lama permainan sepakbola adalah... .;2 x 40 menit;2 x 45 menit;2 x 50 menit;2 x 55 menit;#;B
8;Pergantian pemain tiap satu tim dalam satu pertandingan resmi sepakbola maksimal sebanyak...;2 kali;3 kali;4 kali;5 kali;#;B
8;Jumlah pemain bolavoli tiap regunya adalah...;5 orang;6 orang;7 orang;8 orang;#;B
8;Dalam permainan bolavoli modern yang dimaksud serangan pertama adalah...;service;blocking;passing;smash;#;A
8;Benteng pertahanan yang utama untuk menangkis serangan lawan pada permainan bolavoli adalah...;smash;blocking;passing;service;#;B
8;Gerakan kedua kaki yang benar saat mendarat setelah melakukan teknik dasar smash bolavoli adalah... ;memutar;mengeper;menekuk;meregang;#;B
8;Sikap kedua lengan yang benar saat melakukan gerakan blocking dalam permainan bolavoli adalah...;diluruskan keatas;disilangkan keatas;ditekuk keatas;direntangkan keatas;#;A
8;Induk organisasi bulutangkis di Indonesia adalah...;PBSI;PERBASI;PBVSI;PSSI;#;A
8;Saat permulaan permainan bulutangkis adalah...;mengembalikan bola lawan;menyajikan bola (servis);memukul serangan lawan;siap untuk mengembalikan bola;#;B
8;Kejuaraan dunia bulutangkis putra adalah...;Davis Cup;Yules Rimet Cup;Thomas Cup;Uber Cup;#;C
8;Sedangkan kejuaraan dunia bulutangkis putri adalah...;Davis Cup;Yules Rimet Cup;Thomas Cup;Uber Cup;#;D
8;Pukulan meluncurkan bola agar jatuh sedekat-dekatnya dengan net dilapangan lawan disebut pukulan...;smash;backhand;dropshot;forehand;#;C
8;Dibawah ini merupakan teknik memegang raket dalam permainan bulutangkis, kecuali...;american grip;forehand grip;backhand grip;penholder grip;#;D
8;Dibawah ini merupakan jenis teknik pukulan dalam bulutangkis, kecuali...;servis;spin;lob;drive;#;B
8;Yang bukan termasuk jenis pukulan smash dalam bulutangkis adalah...;smash ground stoke;around the head smash;smash potong;smash forehand;#;A
8;Game dalam satu set permainan bulutangkis apabila mencapai angka...;11 poin;20 poin;21 poin;25 poin;#;C
8;Dibawah ini yang merupakan nama Atlit bulutangkis Indonesia...;Simon santoso;Lin dan;Bambang pamungkas;Firman utina;#;A
8;Induk organisasi tenis meja di Indonesia adalah...;PBSI;PELTI;PTMSI;PBVSI;#;C
8;Cara memegang bet seperti memegang tangkai pena disebut juga...;shakehand grip;backhand grip;forehand grip;penholder grip;#;D
8;Yang termasuk teknik pukulan dalam permainan tenis meja, kecuali...;push;block;drive;overhead smash;#;D
8;Yang menciptakan permainan softball adalah...;George Hansock;William G morgan;James Naismith;Jules Rimet;#;A
8;Dibawah ini merupakan teknik dasar menangkap bola sesuai arahnya dalam permainan softball kecuali...;bola datar;bola swing;bola lambung;bola menggelinding;#;B
8;Dibawah ini yang merupakan teknik pukulan dalam permaian softball adalah...;pukulan swing;pukulan drive;pukulan spin;pukulan dropshot;#;A
8;Induk organisasi olahraga atletik di Indonesia adalah...;PSSI;PELTI;PRSI;PASI;#;D
8;Dibawah ini yang merupakan nomor perlombaan dalam cabang atletik, kecuali...;renang;lari 100 meter;lempar lembing;lompat tinggi;#;A
8;"Sikap lutut kaki belakang yang benar saat melakukan teknik dasar start jongkok pada aba-aba ""bersedia"", adalah...";menempel pada tanah;mengangkat dari tanah;memutar pada tanah;menyilang pada tanah;#;A
8;"Gerakan seorang pelari jarak pendek bila mendengar aba-aba ""siap"" adalah...";meletakkan kaki pada balok start;mengangkat panggul ke atas;meletakkan tangan pada garis start;menolakkan kaki meluncur ke depan;#;B
8;Meletakkan kedua telapak kaki pada balok start dilakukan oleh pelari jarak pendek bila mendengar aba-aba...;bersedia;siap;suara pistol atau ya;ya.;#;A
8;Berikut ini adalah gerakan yang dilakukan pelari jarak pendek saat memasuki garis finish, adalah...;meloncat untuk memasuki garis finish;menoleh pada lawan lari yang terdekat;mencondongkan dada kedepan sedangkan lengan diayun ke bawah belakang.;mengurangi kecepatan berlari;#;C
8;Tujuan dari lompat jauh adalah...;untuk mencapai jarak lompatan yang setinggi-tingginya;untuk mencapai jarak lompatan yang sejauh-jauhnya;untuk mendapatkan hasil lompatan seminimal mungkin;untuk mendapat jarak lompatan seadanya;#;B
8;Untuk mengetahui seorang pelompat menggunakan salah satu gaya dalam lompat jauh dapat dilihat ketika...;melakukan awalan;melakukan tumpuan;melayang di udara;mendarat di bak pasir;#;C
8;Mendarat yang baik dalam lompat jauh dilakukan dengan...;tangan menopang berat badan;mendarat dengan kedua kaki, lutut ditekuk mengeper dan berat badan dibawa kedepan.;mendarat dengan satu kaki;mendarat dengan menjatuhkan badan ke depan.;#;B
8;Sikap badan yang benar saat di udara pada lompat jauh gaya menggantung adalah...;membungkuk ke depan;melenting ke belakang;membulat ke depan;miring ke samping;#;B
8;Gerakan yang benar saat melakukan awalan lompat jauh ketika akan bertumpu adalah...;tidak mengubah kecepatan dan langkah;mengubah kecepatan dan langkah;tidak mengubah kecepatan tapi mengubah langkah;mengubah kecepatan tidak mengubah langkah.;#;A
8;Induk organisasi pencaksilat di Indonesia adalah...;PRSI;PBSI;PASI;IPSI;#;D
8;Berikut yang bukan termasuk didalam usur-unsur pembentukan gerak dalam pencaksilat adalah...;arah;cara melangkah;sikap tubuh;bentuk/pola langkah;#;B
8;Teknik arah langkah dalam olahraga pencaksilat meliputi...;4 penjuru mata angin;6 penjuru mata angin;8 penjuru mata angin;10 penjuru mata angin;#;C
8;Dalam pencaksilat ada teknik memindahkan injakan kaki dari satu tempat ke tempat lain, hal ini dapat dilakukan dengan, kecuali...;geseran;lompatan;loncatan;lari;#;D
8;Dalam pertandingan pencaksilat, teknik yang digunakan untuk menghindari serangan lawan adalah...;pukulan dan tendangan;tangkapan dan jatuhan;elakan dan tangkisan;tangkisan dan tangkapan;#;C
8;Faktor yang mempengaruhi kebugaran jasmani, kecuali...;makanan yang cukup dan bergizi;kebiasaan hidup sehat;makanan yang enak-enak;latihan jasmani atau olahraga teratur;#;C
8;Kemampuan mengubah secara cepat arah tubuh atau bagian tubuh tanpa gangguan pada keseimbangan disebut...;kecermatan;kelincahan;kekompakan;keseimbangan;#;B
8;Untuk melatih kekuatan otot perut menggunakan jenis latihan...;sit-up;push-up;back-lift;squat jump;#;A
8;Kemampuan otot untuk menggunakan tenaga maksimal terhadap suatu tahanan disebut...;kecepatan;kekuatan;kelincahan;kelentukan;#;B
8;Menurut penelitian waktu tidur yang cukup untuk anak usia 1- 4 tahun adalah...;10 jam perhari;12 jam perhari;11 jam perhari;13 jam perhari;#;B
8;Bentuk latihan sirkuit adalah kombinasi dari semua unsur...;mental;fisik;rohani;psikis;#;B
8;Yang tidak termasuk sebagai cara menghentikan bola pada sepak bola adalah menggunakan :;Telapak kaki;Dada;Tangan;Paha;#;C
8;Bagian tubuh yang tepat untuk menerima operan bola yang masih melambung di udara adalah ...;Telapak kaki;Tangan;Paha;Dahi atau kepala;#;D
8;Pukulan pertama untuk memulainya permainan bola voli adalah ...;Passing;Blocking;Smash;Servis;#;D
8;Pada umumnya posisi smasher dalam permainan bola voli adalah ...;2 dan 4;1 dan 3;3 dan 5;4 dan 6;#;A
8;Ukuran lapangan bola voli adalah ...;3 m x 9 m;6 m x 18 m;9 m x 18 m;5 m x 10 m;#;C
8;Dalam permainan bola voli, jika terjadi pindah bola, maka pemain akan bergeser ...;Kea rah kanan;Ke arah kiri;Ke arah depan;Searah jarum jam;#;D
8;Pemain pertahanan dalam permainan bola basket dinamakan ...;Back;Guard;Forward;Play maker;#;B
8;Membawa bola sambil berputar bertumpu pada satu kaki dalam permainan bola basket disebut ...;Held ball;Jump shoot;Pivot;Dribble;#;C
8;Tinggi gawang atau ring bola basket adalah ...meter;1,5;2,05;2,5;3,05;#;D
8;Jump ball dalam permainan bola basket adalah bola lompat untuk ...;Memulai permainan;Menghentikan permainan;Menembak;Menggiring;#;A
8;Ukuran lapangan atau meja untuk permainan tennis meja adalah ...;Lebar 152 m, panjang 274 m dan tinggi meja 76 m;Lebar 1,52 m, panjang 2,74 m dan tinggi meja 76 cm;Lebar 1,52 cm, panjang 2,74 cm dan tinggi meja 76 cm;Lebar 1,52 cm, panjang 2,74 cm dan tinggi meja 0,76 cm;#;B
8;Sebutan lain untuk tenis meja adalah ...;Badminton;Ping pong;Back spin;Forehand topspin;#;B
8;Dalam permainan ganda cabang olahraga tennis meja, bola dipukul secara ...;Menyilang;Bebas;Bergantian;Datar;#;C
8;Organisasi tenis meja Indonesia disingkat dengan singkatan ...;PSSI;PELTI;PERTINA;PTMSI;#;D
8;Berikut ini yang termasuk teknik dasar dalam olahraga beladiri pencak silat adalah ...;Pukulan, tonjokan, jatuhan;Pukulan, tangkapan, sapuan;Tangkisan, sodokan, pukulan;Tangkisan, pukulam, bantingan;#;B
8;Pencak silat berasal dari ...;Korea;Jepang;Indonesia;Cina;#;C
8;Ukuran berat cakram untuk remaja putra adalah ...;Berat 1,5 kg, diameter 219 -- 221 mm;Berat 2 kg, diameter 219 -- 221 mm;Berat 1 kg, diameter 180 -- 182 mm;Berat 2 kg, diameter 180 -- 182 mm;#;B
8;Setelah cakram lepas dari putaran tangan, putaran cakram yang benar adalah ...;Berlawanan dengan arah jarum jam;Searah dengan jarum jam;Putarannya ke arah dalam;Putarannya ke arah luar;#;A
8;Istilah lain dari cakram adalah ...;Discus;Follow through;Hop step;Barbel;#;A
8;Diameter lapangan lempar cakram adalah ...;375 cm;250 cm;200 cm;175 cm;#;B
8;Pesta olahraga yang dilaksanakan di kawasan Asia adalah ...;SEA Games;PON;Asean Games;Olympic Games;#;A
8;Kemampuan tubuh untuk melakukan aktifitas sehari-hari tanpa mengalami kelelahan yang berarti disebut ...;Kesehatan Rohani;Kebugaran rohani;Kesehatan Pribadi;Kebugaran jasmani;#;D
8;Endurance adalah salah satu komponen kesegaran jasmani yang artinya ...;Kekuatan;Daya tahan;Kelincahan;Kelentukan;#;B
8;Latihan yang paling cocok digunakan untuk meningkatkan kekuatan otot pundak adalah ...;Jogging;Jalan santai;Angkat beban;Lari lintas alam;#;C
8;Bentuk latihan yang dapat meningkatkan daya tahan janyung dan paru-paru adalah ...;Sprint;Push up;Sit up;Jogging;#;D
8;Teknik mendarat sesudah melakukan guling lenting adalah ...;Berdiri tegak;Membungkuk;Jongkok;Berdiri kangkang;#;A
8;Pada gerakan meroda, sikap tangan, kaki dan badan adalah ...;Menuju ke depan sasaran;Tangan dan kaki dibuka, badan menyamping sasaran;Membelakangi arah sasaran;Menyamping ke arah sasaran;#;B
8;Forward roll adalah sebutan untuk ...;Guling lenting;Guling depan;Guling belakang;Meroda;#;B
8;Neck spring adalah sebutan untuk ...;Guling lenting;Guling depan;Guling belakang;Meroda;#;A
8;Berikut ini beberapa manfaat senam irama, kecuali...;Melatih seni gerak;Menenangkan jiwa;Menanamkan perasaan seni musik;Menyesuaikan gerak badan dengan irama musik;#;B
8;Gada dipegang dengan telapak tangan menghadap ke atas di sebut pegangan...;Sembarang;Luar;Biasa;Berlawanan;#;C
8;ukuran berat gada yang normal adalah ...gram;150;175;300;325;#;A
8;Ketika belajar gerakan kaki renang gaya dada, pertama lutut ditarik ke ...;Kiri;Kakan;Atas;Bawah;#;D
8;Renang gaya dada sering disebut gaya ...;Lumba-lumba;Kupu-kupu;Katak;Paus biru;#;C
8;Posisi badan pada renang gaya dada adalah ...;Miring;Telentang;Telungkup;Tegak;#;C
8;Gerakan tangan pada renang gaya dada dibagi menjadi dua yaitu ...;Pull and sit;Pull and squat;Pull and push;Pull and recovery;#;D
8;Induk organisasi renang nasional adalah ...;PRNI;PRSI;PERSI;PRSN;#;B
8;Tujuan utama kegiatan penjelajahan adalah ...;Mengisi waktu luang;Bersenang-senang;Mengenal alam sekitar;Mengenal penduduk sekitar;#;C
8;Keterampilan dasar mempertahankan diri sering disebut ...;Navigation;Survival;Montenering;Carmantel;#;B
8;Peralatan kompas, peta, dan altimeter adalah alat yang digunakan dalam pelaksanaan kegiatan ...;Navigasi;Montenering;Komunikasi;Survival;#;A
8;Dalam kegiatan survival, hal yang pertama kali dikerjakan di alam bebas asalah ...;Makan;Memakai jas hujan;Membuat api;Mencari air;#;D
8;Tahap persiapan sebelum dilaksanakan penjelajahan adalah...;Pendaftaran ulang;Penyiapan perlengkapan;Pembekalan;Penyiapan peserta;#;B
8;Tali yang digunakan untuk kegiatan dalam penjelajahan di alam terbuka disebut ...;Bivak;Carmantel;Ponco;Tenda;#;B
8;Dalam suatu negara demokrasi, kekuasaan tertinggi berada di tangan...;rakyat;negara;penguasa;MPR/DPR;#;A
8;Demokrasi langsung dapat dilaksanakan di Yunani (abad ke 6-3 s.m) karena ...;masyarakatnya sangat maju;pendidikan masyarakatnya sudah tinggi;jumlah penduduk sedikit;pengawasan negara ketat;#;C
8;Demokrasi yang diterapkan di Amerika Serikat adalah ...;demokrasi rakyat;demokrasi liberal;demokrasi totaliter;demokrasi terpimpin;#;B
8;Dalam sejarah perkembangan budaya demokrasi di Indonesia ditinjau dari segi waktu, tahun 1959-1966 adalah ...;periode demokrasi liberal;periode demokrasi terpimpin;periode demokrasi Pancasila;periode demokrasi parlementer;#;B
8;Pada masa Orde Baru, prakteknya budaya demokrasi Pancasila mengalami penyimpangan. Hal ini disebabkan ...;berkembangnya budaya kritis;kuatnya pengawasan masyarakat;berkembangnya budaya KKN;berkembangnya budaya membangun;#;C
8;Ketentuan UUD 1945 menyatakan, bahwa lembaga negara yang memiliki kewenangan untuk memberhentikan Presiden dan/atau Wakil Presiden adalah ...;MPR;MA;DPR;MK;#;A
8;Dewan Perwakilan Daerah (DPD) adalah unsur MPR yang mewakili kepentingan ...;DPRD Provinsi;Daerah Kabupaten;Daerah Provinsi;DPR Kabupaten;#;C
8;Berikut ini yang bukan termasuk prinsip-prinsip dasar demokrasi yaitu ...;pemerintahan berdasarkan kekuasaan;Hak Asasi Manusia dijamin;peradilan bebas dan tidak memihak;adanya kebebasan pers dan media massa;#;A
8;Dalam sistem pemerintahan presidensial, pemerintah atau kabinet bertanggung jawab kepada ...;DPR;Presiden;Perdana Menteri;DPR dan Presiden;#;B
8;Dalam sistem pemerintahan parlementer, pemerintah atau kabinet bertanggung jawab kepada ...;Perdana Menteri;Presiden;DPR;DPR dan Presiden;#;C
8;Seseorang yang berjiwa demokratis tidak suka melakukan tindakan yang bersifat ...;mengritik orang lain;mengarahkan orang lain;menilai perbuatan orang lain;meremehkan pendapat orang lain;#;D
8;Pelaksanaan demokrasi Pancasila pada intinya dilandasi sila Pancasila khususnya sila ke ...;2;3;4;5;#;C
8;Sistem pemerintahan Indonesia berdasarkan UUD 1945 menggariskan, bahwa rakyat dapat secara langsung memilih ...;Presiden dan Wakil Presiden;Ketua MPR dan Ketua DPR;Hakil Agung dan Hakim Konstitusi;Anggota Komisi Yudisial;#;A
8;Kebebasan menyatakan pendapat boleh dilakukan dalam bentuk-bentuk sebagai berikut, kecuali ...;unjuk rasa secara besar-besaran;menentang kebijaksanaan pemerintah;menyatakan keberatan atas putusan hakim;memfitnah orang yang sedang terlibat perkara;#;D
8;Contoh praktek monopolistis dan konglomerasi pada masa pemerintahan Orde Baru merupakan penyimpangan di bidang ...;politik;ekonomi;hukum;sosial budaya;#;B
8;Pemerintahan yang lebih mengutamakan kepentingan umum dan mengesampingkan kepentingan pribadi, merupakan bentuk pemerintahan...;liberal;presidensial;parlementer;komunis;#;D
8;Menurut UUD 1945 yang diamandemen, kekuasaan negara yang tertinggi berada di tangan...;rakyat;MPR;Presiden;DPR;#;A
8;Kekuasaan tertinggi yang ada pada suatu negara tertentu disebut ...;demokrasi;kemerdekaan;kekuasaan;Kedaulatan;#;D
8;Kedaulatan itu tidak dapat dibagi-bagi, hal ini sesuai dengan sifat kedaulatan yaitu ...;permanen;bulat;asli;Tidak terbatas;#;B
8;Di bawah ini yang bukan merupakan penyebab hilangnya kedaulatan suatu negara adalah ...;suatu wilayah negara memisahkan diri dari kesatuan suatu negara dan kemudian menyatakan kemerdekaannya;suatu negara kalah perang, sehingga kekuasaan pemerintahan dipegang oleh negara penakluk;suatu negara tidak termasuk dalam keanggotaan di Perserikatan Bangsa-Bangsa;suatu negara bergabung dengan negara lain untuk membentuk suatu federasi;#;C
8;Hak DPR untuk mengajukan Rancangan Undang-undang dinamakan hak ...;Amandemen;Angket;Petisi;Inisiatif;#;D
8;Kedaulatan suatu negara itu bersifat tetap dan akan ada selama suatu negara masih ada. Sifat kedaulatan yang demikian disebut ...;asli;tidak terbatas;permanen;Bulat;#;C
8;Teori kekuasaan negara yang membagi kekuasaan menjadi tiga bagian yakni legislatif, eksekutif dan yudikatif disebut teori ...;dwi praja;panca praja;demokrasi;trias politika;#;D
8;Menurut teori yang dikemukakan oleh Montesquieu, lembaga yang memiliki kekuasaan melaksanakan peraturan perundangan adalah...;legislatif;eksekutif;yudikatif;federatif;#;B
8;Yang termasuk lembaga legislatif di daerah adalah ...;MPR;DPR;DPD;DPRD;#;D
8;Salah satu tugas dan wewenang DPR menurut UUD 1945 adalah ...;bersama Presiden membentuk APBD;bersama Presiden membentuk Perpu;bersama Presiden membentuk Undang-undang;bersama Presiden membentuk Peraturan Daerah;#;C
8;Pemilihan Umum telah berulang-ulang kali diselenggarakan di Indonesia. Hal ini merupakan wujud dari ...;pelaksanaan kedaulatan rakyat;partisipasi warga negara;pesta rakyat sebagai warga negara;penghargaan politik warga negara;#;A
8;Lembaga negara yang memiliki kewenangan untuk mengubah UUD 1945 adalah ...;Presiden;DPR;MPR;BPK;#;C
8;Hak budget berkaitan dengan tugas dan wewenang DPR dalam hal...;memilih Presiden dan wakilnya;meminta pertanggungjawaban Presiden;mengawasi tindakan pemerintah;mengesahkan RAPBN menjadi APBN;#;D
8;Sebagai bentuk pengamalan Demokrasi Pancasila, terhadap hasil keputusan yang telah disepakati bersama, kita wajib...;mendalami hasil keputusan;melaksanakan hasil keputusan;memahami hasil keputusan;meyakini semua hasil keputusan;#;B
8;Dalam rapat OSIS, kesempatan mengemukakan pendapat harus diberikan kepada...;semua Peserta Rapat;ketua OSIS;pembina OSIS;perwakilan Kelas;#;A
8;Demokrasi yang dilaksanakan di Indonesia adalah ...;demokrasi Kerakyatan;demokrasi Parelementer;demokrasi Berkeadilan;demokrasi Pancasila;#;D
8;Kekuasaan penguasa yang absolut dan tirani mengakibatkan ...;negara yang kuat;kesengsaraan bagi rakyat;keamanan yang terjaga;pemerintahan yang stabil;#;B
8;Ciri seseorang yang berjiwa demokratis apabila dalam musyawarah/rapat selalu mengembangkan sikap atau perilaku ...;mempengaruhi pendapat orang lain;memperhatikan kepentingan orang lain;mempertahankan pendapatnya sampai rapat selesai;menghargai pendapat orang lain;#;D
8;Yang bukan menjadi ciri demokrasi Pancasila adalah sebagai berikut...;demokrasi yang berdasarkan hukum;demokrasi yang bertolak dari paham kekeluargaan;demokrasi yang didasarkan nilai-nilai Pancasila;dominasi mayoritas atas minoritas;#;D
8;Dalam suatu pemerintahan demokrasi, yang menjadi sumber kekuasaan adalah ...;Presiden;Pemerintah;Rakyat;Raja;#;C
8;Demokrasi yang menyatakan bahwa rakyat memerintah sendiri, baik melalui partisipasi langsung maupun dengan cara memilih wakil-wakil adalah demokrasi menurut ...;Abraham Lincoln;Carol C. Gould;Sidney Hook;Josefh A. Schmeter;#;A
8;Demokrasi yang dianut bangsa Indonesia disusun dan diatur dalam...;UUD 1945;Peraturan pemerintah;Undang-undang;Keputusan Presiden;#;A
8;Pelaksanaan demokrasi di Indonesia harus sesuai dengan falsafah hidup bangsa Indonesia, yaitu ...;Pancasila;Pancasila dan UUD 1945;UUD 1945;Adat istiadat bangsa Indonesia;#;A
8;Salah satu contoh penerapan demokrasi dalam kehidupan sehari-hari masyarakat Indonesia adalah;Adanya pos kamling;Gotong royong;Rembug desa;Semangat kekeluargaan;#;C
8;Selama masa Orde Baru, telah dilaksanakan pemilu sebanyak 5 kali, yaitu tahun ...;1971, 1977, 1987, 1992, dan 1997;1973, 1976, 1981, 1991, dan 1997;1972, 1976, 1981, 1986, dan 1991;1974, 1976, 1986, 1991, dan 1997;#;A
8;Dalam sistem parlementer, menteri-menteri bertanggung jawab kepada ...;Presiden;MPR;DPR;Rakyat;#;C
8;Pemerintahan dari rakyat, oleh rakyat, dan untuk rakyat merupakan definisi demokrasi menurut ...;Caroel C. Gould;Sidney Hook;Joseft A. Schmeter;Abraham Lincoln;#;D
8;Prinsip demokrasi yang sering disebut sebagai fondasi demokrasi adalah ...;Kedaulatan rakyat;Kebebasan/persamaan;Supremasi hukum;Infrastruktur negara;#;A
8;Di bawah ini merupakan unsur-unsur demokrasi menurut Afan Gaffar, kecuali ...;Akuntabilitas;Rotasi kekuasaan;Tingkat kebebasan;Pemilu;#;C
8;Setelah keluarnya Dekrit Presiden 5 Juli 1959, undang-undang yang berlaku di Indonesia adalah ...;UUD 1945;UUDS;UUD RIS;Konstitusi RIS;#;A
8;Pada masa Orde Baru, jumlah partai politik yang ada di Indonesia adalah ...;2;3;4;5;#;B
8;Apabila dalam musyawarah tidak dicapai kata mufakat, maka keputusan akan diambil dengan cara lain, yaitu ...;Ditunda;Voting;Keputusan penguasa;Keputusan yang paling menguntungkan;#;B
8;Setiap kebijakan yang dibuat merupakan kehendak rakyat dan untuk kepentingan rakyat merupakan salah satu prinsip demokrasi yaitu ...;Kebebasan;Persamaan;Kedaulatan;Kerakyatan;#;D
8;Salah satu nilai demokrasi adalah penggunaan paksaan seminimal mungkin. Pernyataan tersebut merupakan pendapat dari ...;Henry B. Mayo;John Locke;Zamroni;Kelompok kerja Depdagri;#;A
8;Demokrasi yang sesuai dengan kepribadian bangsa Indonesia dan cocok untuk diterapkan di masyarakat Indonesia adalah ...;Parlementer;Pancasila;Presidensiil;Liberal;#;B
8;Negara Indonesia adalah negara demokrasi. Pernyataan tersebut tercantum dalam Pembukaan UUD 1945 alinea ...;I;II;III;IV;#;D
8;Penerapan budaya demokrasi dalam masyarakat perlu dipelopori oleh ...;Anak-anak dan remaja;Ulama dan tokoh agama;Pemuda dan pelajar;Pemimpin dan tokoh masyarakat;#;D
8;Di bawah ini merupakan asas-asas penyelenggaraan negara, kecuali ...;Profesionalitas;Keterbukaan;Kapasitas hukum;Mengendalikan sifat serakah;#;D
8;Setiap negara demokrasi harus memenuhi dua hal pokok yaitu ...;Adanya DPR dan MPR;Adanya pengakuan HAM dan partisipasi rakyat kepada pemerintah;Adanya legislatif dan eksekutif;Adanya pemerintah dan rakyat;#;B
8;Pelaksanaan demokrasi langsung pertama kali diterapkan di negara ...;Swiss;Yunani Kuno;Amerika Serikat;Inggris;#;B
8;Masyarakat demokrasi terdiri dari warga negara yang ...;Demokratis;Berpendidikan;Memahami UU;Menghafal UU;#;A
8;Pemerintahan yang demokratis selalu mengutamakan ...;Pemimpin;Rakyat;Wakil rakyat;UU;#;B
8;Demokrasi adalah pemerintahan dari rakyat, oleh rakyat, dan untuk rakyat. Pernyataan tersebut merupakan demokrasi menurut ...;Carol C. Gould;Sidney Hook;Joseft A. Schmeter;Abraham Lincoln;#;D
8;Pelaksanaan pemerintahan Negara Indonesia menggunakan sistem demokrasi ...;Campuran;Langsung;Terpimpin;Tidak langsung;#;D
8;Presiden tidak bertanggung jawab kepada parlemen, merupakan ciri sistem pemerintahan ...;Liberal;Presidensiil;Terpimpin;Komunis;#;B
8;Pemilu pertama pada masa Orde Baru dilaksanakan pada tahun ...;1970;1971;1972;1973;#;B
8;Di bawah ini merupakan isi dari dekrit Presiden 5 Juli 1959, kecuali ...;Menetapkan pembubaran konstituante;Berlakunya kembali UUD 1945 dan tidak berlakunya UUDS 1950;Turunkan harga;Pembentukan MPRS dan DPAS;#;C
8;Berikut ini adalah pembagian kekuasaan negara menurut ajaran Trias Politika, kecuali ...;Kekuasaan legislatif;Kekuasaan yudikatif;Kekuasaan eksekutif;Kekuasaan komutatif;#;D
8;Saat secara yuridis formal Pancasila diletakkan sebagai dasar negara oleh PPKI pada tanggal ...;28 Mei 1945;22 Juni 1945;18 Agustus 1945;17 Juli 1945;#;C
8;Hasil kerja panitia sembilan yang memuat rumusan dasar negara Indonesia merdeka adalah...;rancangan hukum dasar;Piagam Jakarta;Pembukaan UUD;Dasar Negara;#;B
8;Berikut ini yang bukan tokoh nasional yang mengusulkan dasar negara bagi Indonesia merdeka adalah...;Ir. Soekarno;Drs. Moh. Hatta;Prof. Mr. Soepomo;Moh. Yamin;#;B
8;Tanggal 1 Juni diperingati sebagai ...;Hari kebangkitan nasional;Hari lahirnya Pancasila;Hari kesaktian Pancasila;Hari disahkannya Pancasila;#;B
8;Tokoh panitia sembilan ditunjukkan nomor ... [I) Moh Yamin, II) Moh Hatta, III) Moh Natsir, IV) Wachid Hasyim];I, II dan III;I dan III;II dan IV;Semua benar;#;C
8;Pancasila sebagai dasar Negara harus mengerti kegunaannya, salah satu diantaranya ...;Untuk melandasi segala sesuatu kehidupan bangsa;Untuk menangkal musuh yang akan menghancurkan bangsa kita;Sebagai alat yang dapat digunakan untuk mengatur Negara;Sebagai pedoman hidup bagi yang ingin maju;#;A
8;Pancasila sebagai dasar negara disahkan oleh ...;Panitia Persiapan kemerdekaan Indonesia;Badan Penyelidik Usaha Persiapan Kemerdekaan Indonesia;Proklamator;Pembentuk negara;#;A
8;Dasar negara Pancasila tidak bisa diganti dengan dasar negara lain, karena Pancasila mengandung nilai yang berasal dari ...;Bangsa indonesia dan bangsa lain;Bangsa indonesia sendiri;Warisan bangsa yang menjajah;Budaya bangsa-bangsa;#;B
8;Salah satu contoh bentuk pengamalan sila ke-4 dalam kehidupan berbangsa dan bernegara adalah ...;Adanya gotong royong dimasyarakat;Pemilihan presiden dan wakil presiden secara langsung;Menyantuni fakir miskin;Upacara hari raya keagamaan;#;B
8;Pancasila dijadikan sebagai perintis, petunjuk dan pedoman dalam memecahkan masalah-masalah politik, ekonomi, sosial budaya yang timbul dalam masyarakat, maka pancasila sebagai ...;Dasar negara;Ideologi bangsa;Pandangan hidup bangsa;Kepribadian bangsa;#;C
8;Pancasila sebagaimana yang tertulis dalam alinea ke-4 Pembukaan UUD 1945 menjadi ...;Pandangan hidup bangsa indonesia;Falsafah hidup bangsa indonesia;Dasar negara;Tujuan yang hendak dicapai bangsa indonesia;#;C
8;Sila Persatuan Indonesia dijiwai oleh sila ...;1 dan 2;1, 2 dan 3;1, 2, 3 dan 4;4 dan 5;#;C
8;John Locke mengusulkan 3 fungsi negara yaitu, kecuali ...;Fungsi legislatif;Fungsi yudikatif;Fungsi eksekutif;Fungsi sosialisme;#;D
8;Fungsi negara di Indonesia menggunakan teori ... dalam sistem pemisahan kekuasaan.;Teori komunisme;Teori Catur Praja;Teori Trias Politika;Teori Dwi Praja;#;C
8;Demokrasi berasal dari bahasa Yunani yaitu demos dan kratos. Kratos berarti ...;Rakyat;Kekuasaan;Pemerintahan;Pengusa;#;B
8;Kelemahan terbesar pelaksanaan sistem pemerintahan pada masa Orde baru adalah...;Tumbuh suburnya praktik KKN;Ditinggalkannya pembangunan fisik;Para pejabat sangat professional;Bahan kebutuhan pokok sulit didapat;#;A
8;Pemilu presiden secara langsung untuk pertama kali dilakukan pada masa presiden ...;Ir Soekarno;Soeharto;Abdurahman Wachid;Megawati Soekarno Putri;#;D
8;Apabila terjadi sengketa masalah Pemilu akan diselesaikan dengan cara ...;Berbuat anarkis dengan membuat kerusakan;Menghasut rakyat untuk menolak hasil pemilu;Melakukan pemilu ulang;Mengajukan banding ke Mahkamah Konstitusi;#;D
8;Pemilihan umum tidak boleh diwakilkan termasuk asas ...;Jujur;Adil;Bebas;Langsung;#;D
8;Hasil karya seni rupa yang indah dan bisa dimanfaatkan untuk kebutuhan sehari-hari adalah ...;Seni Murni;Seni Terapan;Seni Grafis;Seni Desain;#;B
8;Hasil susunan dari suatu aturan yang diulang-ulang disebut ...;Pola;Proporsi;Bidang;Tekstur;#;A
8;Sebaran dari beberapa motif yang berbeda dan tidak mengikuti pola proporsi dan komposisi yang seimbang merupakan tapestri dengan bentuk pola;Ragam hias beraturan;Ragam hias tidak beraturan;Ragam hias simetri;Ragam hias asimetris;#;B
8;Pengembangan bentuk dasar lingkaran, segitiga, belah ketupat merupakan jenis ragam hias ...;Flora;Fauna;Figuratif;Geometris;#;D
8;Ragam hias yang sudah mengalami perubahan bentuk yang digayakan dengan menambah karakter yang sesuai dengan tema, merupakan jenis ragam hias ...;Flora;Fauna;Figuratif;Geometris;#;A
8;Pola ragam hias yang terbentuk dari komposisi yang tidak berimbang namun masih terlihat proporsi, komposisi dan kesatuan yang harmonis, merupakan ragam hias dengan pola ...;Simetris;Asimetris;Tepi;Menyudut;#;B
8;Ragam hias yang cara pengerjaannya terlebih dahulu membuat pola negatif atau model yang akan dicetak merupakan teknik ...;Cor;Ukir;Pahat;Cat;#;A
8;Pelapis dengan warna natural yang penggunaannya dilakukan dengan kuas maupun disemprot disebut ...;Cat kayu;Vernis;Akrilik;Politur;#;B
8;Berikut ini adalah bahan-bahan yang bisa dibuat ragam hias dengan teknik cor, kecuali ...;Gips;Tanah liat;Kayu;Logam;#;C
8;Alat yang digunakan untuk membuat torehan pada media kayu disebut ...;Pahat;Palu;Papan;Kuas;#;A
8;Menempelkan desain pada media kayu kemudian dengan pahat kecil membentuk pola yang sama pada kayu, merupakan proses ...;Mengecor;Mengukir;Mengecat;Menempel;#;B
8;Tahap akhir dari proses mengukir adalah ...;Membuat desain;Menempel desain;Memberi politur;Memberi ukiran;#;C
8;Berikut ini adalah definisi dari tapestri, kecuali ...;Sulaman dengan banyak teknik;Teknik membuat karya tekstil;Ornamen atau ragam hias dekoratif keramik unik;Karya tenunan yang memiliki fungsi pakai;#;C
8;Pakan dan lungsi merupakan struktur bentuk dari teknik ...;Anyaman;Tenunan;Sulaman;Bordiran;#;B
8;Benang yang mengarah horizontal dan menjadi bagian dari benang yang membentuk bidang adalah ...;Pakan;Lungsi;Tusuk silang;Tusuk lurus;#;A
8;Alat untuk menunjang benang lungsi dan pakan yang menjadi elemen pembentuk ragam hias adalah spanram atau disebut ...;Gawangan;Bentangan;Penyisir;Penggulung;#;A
8;Teknik menenun dengan benang pakan ditenun menyilang pada benang lungsinya secara berulang-ulang adalah ...;Teknik tenun menyudut;Teknik tenun menyilang;Teknik tenun asimetris;Teknik tenun simetris;#;B
8;Berikut ini bahan yang bisa untuk membuat karya tapestri, kecuali ...;Benang wol;Kain Perca;Kayu;Bambu;#;D
8;Alat tenun tapestri yang digunakan untuk menyisipkan benang pakan pada benang lungsi sehingga membentuk corak disebut ...;Spanram;Bentangan;Gunting;Penggulung;#;A
8;Untuk merapatkan benang yang sudah ditenun menggunakan alat ...;Paku;Spanram;Sisir;Gunting;#;C
8;Keindahan dalam sebuah tarian tidak hanya dituangkan dalam gerak, iringan dan busana, tetapi lebih kepada hal ...;Makna yang terdapat pada tarian;Kehalusan dalam penyajian tari;Kepuasan batin manusia;Komposisi yang terdapat dalam tari;#;A
8;Tema yang dibawakan dalam tari Bambangan Cakil adalah ...;Binatang;Pergaulan;Kepahlawanan;Keserakahan;#;C
8;Berikut ini adalah tarian dari Aceh yang tidak diiringi dengan alat musik tetapi diiringi dengan tepukan dada, tepukan tangan dan jentikan jari adalah ...;Tari Tifa;Tari Saman;Tari Legong;Tari Panji Semirang;#;B
8;Tarian dari keraton Mangkunegaran Surakarta yang menggunakan properti pistol adalah tari ...;Bedaya Ketawang;Bedaya Semang;Srimpi Pandelori;Srimpi Gondokusuman;#;C
8;Tarian yang menggunakan properti bulu-bulu burung dari Kalimantan adalah ...;Merak;Cendrawasih;Manipuri;Enggang;#;D
8;Properti tari yang sekaligus sebagai alat pengiring tarinya adalah ...;Payung;Tifa;Kipas;Bakul;#;B
8;Tari selain dicirikan melalui keunikan gerak dapat juga dicirikan iringannya, contohnya musik talempong dari daerah ...;Bali;Minang;Sunda;Batak;#;B
8;Tari yang mempunyai ciri khas dominan pada mata adalah tarian ...;Bali;Papua;Kalimantan;Sumatera;#;A
8;Keraton Yogyakarta mempunyai tarian yang menggunakan properti tombak disebut tari ...;Panji Semirang;Kukilo;Lawung;Prajuritan;#;C
8;Kegiatan seseorang dalam menilai atau menghargai karya seni disebut ...;Apresiasi;Apersepsi;Kreasi;Ekspresi;#;A
8;Kegiatan menggambar yang menggunakan model sebagai objek gambarannya disebut ...;Gambar proyeksi;Gambar model;Gambar ilustrasi;Gambar teknik;#;B
8;Yang bukan prinsip menggambar bentuk dibawah ini adalah ...;Komposisi;Proporsi;Kesatuan;Keindahan;#;D
8;Bentuk objek gambar yang sama bentuknya bagian atas dan bagian bawah atau bagian kiri dan bagian kanan dinamakan dengan gambar ...;Simetris;Asimetris;Memusat;Meminggir;#;A
8;Yang dimaksud dengan proporsi adalah ...;Benda atau model diletakkan pada posisi maupun ukuran tidak sama;Perbandingan bagian perbagian atas bagian dengan keseluruhan;Keserasian pengaturan objek gambar sehingga berkesan ruang kedalaman dan antar objek gambar saling mendukung dan menghasilkan gambar yang baik;Keselarasan antara bidang gambar, objek gambar dan gambar yang dihasilkan;#;B
8;Pensil yang berkode B menandakan pensil ...;Lunak dan hitam;Keras;Sedang;Kuat;#;A
8;Keseimbangan objek gambar pada bidang kertas gambar dinamakan ...;Komposisi;Proporsi;Balance;Kesatuan;#;C
8;Yang dimaksud dengan susunan/letak objek gambar pada bidang media gambar disebut ...;Komposisi;Proporsi;Keseimbangan (balance);Kesatuan;#;A
8;Objek gambar yang bentuknya sama kiri dan kanan atau sama atas dan bawah adalah ...;Komposisi asimetris;Komposisi simetris;Komposisi sentral;Komposisi tidak beraturan;#;B
8;Dalam menggambar model yang pertama kali dipersiapkan adalah ...;Model objek gambar;Buku gambar;Pensil;Pewarna;#;A
8;Tahapan atau langkah dalam menggambar model yang pertama kali dilakukan adalah ...;Mengamati objek yang akan digambar;Membuat sketsa;Mewarnai;Membuat arsiran gelap terang;#;A
8;Pensil yang berkode H menandakan pensil ...;Lunak dan hitam;Keras;Sedang;Kuat;#;B
8;Gambar yang menjelaskan ide cerita atau narasi dinamakan gambar ...;Gambar ilustrasi;Gambar bentuk;Gambar sketsa;Gambar alam benda;#;A
8;Gambar yang memuat tokoh manusia maupun hewan yang berisi cerita-cerita humor dan bersifat menghibur adalah ...;Gambar ilustrasi sastra;Ilustrasi komik;Ilustrasi karikatur;Ilustrasi kartun;#;D
8;Gambar ilustrasi sebuah cerita yang menampilkan gambar-gambar dilengkapi dengan keterangan-keterangan singkat dinamakan dengan gambar ...;Kartun;Karikatur;Komik;Vignette;#;C
8;Gambar dekoratif yang berfungsi sebagai pengisi bidang kosong pada kertas narasi dinamakan gambar ...;Komik;Karikatur;Vignette;Kartun;#;C
8;Alat dan bahan untuk menggambar ilustrasi dengan teknik kering adalah ...;Cat air;Tinta bak;Cat poster;Pensil;#;D
8;Pensil yang digunakan menggambar ilustrasi adalah ...;Pensil berkode H;Pensil berkode HB;Pensil berkode B;Pensil berkode 2B;#;C
8;Yang sangat diperhatikan finishing dari sebuah gambar ...;Sketsa;Kerapian dan kebersihan;Komposisi;Keindahan;#;B
8;Kewajaran penampakan sebuah gambar yang jauh kesannya terlihat jauh, yang dekat kesannya terlihat dekat dinamakan dengan ...;Sudut pandang;Perspektif;Teknik;Gelap terang;#;B
8;Tujuan kita membuat bermacam-macam arah dan bentuk garis dalam menggambar adalah ...;Agar gambar kita bagus;Agar tangan lentur dalam menggambar;Agar sketsa gambar terlihat lebih bagus;Mengisi waktu kosong;#;A
8;Dalam menggambar bentuk manusia diawali dengan membuat ...;Stik figur;Bagian kepala;Bagian badan;Bagian kaki;#;A
8;Keunikan lagu daerah Nusantara dapat dilihat melalui ...;Tema, melodi, syair, dan komposisi musik;Tema, syair, birama, dan nadanya;Tema, syair, birama, komposisi dan nada;Tema, birama, musik dan lagunya;#;A
8;Lagu yang tumbuh dan berkembang di daerah Nusantara dinamakan ...;Lagu daerah;Lagu tradisional;Lagu daerah Nusantara;Lagu tradisi Nusantara;#;A
8;Lagu yang sangat digemari oleh para remaja sekarang adalah ...;Lagu keroncong;Lagu seriosa;Lagu dangdut;Lagu populer;#;D
8;Pernafasan yang baik dilakukan dalam bernyanyi adalah ...;Pernafasan dada;Pernafasan diafragma;Pernafasan perut;Pernafasan bahu;#;B
8;Gaya bernyanyi lagu daerah masyarakat Sunda dan Cianjur adalah ...;Mamaos atau mamanca;Pasinden;Sindhen;Mamaos dan sindhen;#;A
8;Tembang yang dikenal jauh sebelum Indonesia merdeka dinamakan ...;Pasindhen;Mamaos;Gamelan;Momongan;#;B
8;Kaum wanita yang terkenal sebagai penyanyi di masyarakat Sunda adalah ...;Rd. Siti Nurbaya;Siti Nurmala;Siti Khadijah;Rd. Siti Syarah;#;A
8;Untuk menjaga suara seorang penyanyi tetap merdu dalam teknik vokal, perlu diperhatikan ...;Makan dan minum;Badan dan olah raga;Nada dan suara;Irama dan vokal;#;A
8;Sistem pembelajaran untuk menjadi penyanyi tradisional dilakukan ...;Sistem nada;Sistem diatomik;Sistem magang;Sistem pentatonik;#;C
8;Pesindhen atau sindhen mempunyai gaya dalam bernyanyi dalam bentuk ...;Berdiri dan berjalan;Duduk dikursi di atas rumah;Berjalan;Duduk bersimpuh dibelakang dalang;#;D
8;Bernyanyi satu suara yang dilakukan oleh kelompok dinamakan nyanyi ...;Unisono;Trio;Solo;Paduan suara;#;A
8;Yang bukan merupakan ciri-ciri lagu daerah ...;Syairnya sederhana;Liriknya bersifat kedaerahan;Lagunya disebarkan secara turun temurun;Diketahui penciptanya;#;D
8;Lagu daerah tradisional Minang didominasi dengan iringan musik ...;Musik gambus;Musik orgen;Musik saluang dan rabab;Musik pianika;#;C
8;Lagu Sipatokaan adalah lagu dari daerah ...;Kalimantan;Maluku;Irian Jaya;Sulawesi Selatan;#;D
8;Lagu daerah Aceh adalah ...;Soleram;Banda Pulai;Bungong Jeumpa;Yangko Rambe Yamko;#;C
8;Dalam bernyanyi nada-nada tinggi, kita gunakan pernafasan ...;Pernafasan perut;Pernafasan dada;Pernafasan diafragma;Pernapasan bahu;#;C
8;Gerak yang indah yang diciptakan dengan imajinasi melalui raga tubuh yang diiringi dengan musik untuk pertunjukan dinamakan dengan ...;Tari;Senam;Akrobat;Pencak silat;#;A
8;Contoh tari pencak adalah ...;Tari Piring;Tari Indang;Tari Sewah;Tari Galuak;#;A
8;Tari tradisional Ambek-ambek adalah tarian tradisional dari daerah ...;Sei Lasi;Koto Anau;Salayo;Kota Solok;#;D
8;Properti tari piring adalah ...;Talempong;Piring;Celana endong;Make up;#;B
8;Dibawah ini yang bukan perangkat lunak pengolah kata adalah ...;Notepad dan wordpad;Word perfect dan Microsoft Word;Windows dan Ms Word;Ms Word dan Notepad;#;C
8;Program MS. Word disebut juga sebagai program ...;pengolah angka;Pengolah Presentasi;Pengolah Kata;Pengolah Gambar;#;C
8;Dibawah ini program pengolah kata adalah...;MS_Excel, MS_Acces;LOTUS 123, MS_word;MS_PowerPoint, MS_Excel;WordStar, Word Perfect;#;D
8;Untuk memperbesar tampilan dokumen kita gunakan perintah ...;File > Format;Tools > Option;View > Zoom;Edit > Paste;#;C
8;Fungsi Paper Size pada page setup untuk menentukan ...;Ukuran layar;Ukuran Kertas;Ukuran File;Ukuran huruf;#;B
8;Untuk menggeser lembar kerja keatas dan kebawah serta kesamping kanan dan kiri menggunakan...;Status Bar;ToolBar;Scrool Bar;Menu Bar;#;C
8;Urutkan langkah-langkah mengaktifkan Ms. Word adalah ... [1. All program, 2. Microsoft Word, 3. Start, 4. Microsoft Office];3, 2, 1, 4;3, 1, 2, 4;3, 1, 4,2;3, 4, 2, 1;#;C
8;Manakah yang bukan bagian dari Office Button ...;New;Copy;Save As;Open;#;B
8;Berikut ini yang bukan Menu pada Ribbon Microsoft Office Word 2007 adalah...;Home;Insert;Table;Page Layout;#;C
8;Untuk menyisipkan gambar/Picture terdapat pada Menu...;Home;Insert;Page Layout;View;#;B
8;Untuk mengatur batas pengetikan teks (margins) terdapat pada Menu...;Home;Insert;Page Layout;View;#;C
8;Ctrl + B adalah shortkey untuk ...;menghitamkan font;print otomatis;Paste image;Membuka file baru;#;A
8;Yang bukan kegunaan program pengolah angka adalah ...;memainkan lagu;membuat grafik;membuat table;menghitung pembukuan keuangan;#;A
8;Fasilitas Catatan kaki pada program pengolah kata, disebut...;Header;Footer;Bookmark;Text Box;#;B
8;Fasilitas Catatan kepala pada program pengolah kata, disebut...;Header;Footer;Bookmark;Text Box;#;A
8;Cara menambahkan Fasilitas Header & Footer pada suatu dokumen, yaitu dengan mengklik Menu...;Home;Insert;Page Layout;References;#;B
8;Cara untuk menambahkan table pada suatu dokumen dengan mengklik Menu...;Home;Insert;Page Layout;References;#;B
8;Berikut ini langkah -- langkah dalam pembuatan table, adalah...;Insert -- Table -- Insert table -- Number of Coulumns -- Number Of Rows - OK;Insert -- Table -- Insert table -- Number of Rows -- Number of Coulumns -- OK;Insert table -- Table -- Insert -- Number of Rows -- Number of Coulumns -- OK;Insert table -- Table -- Insert -- Number of Coulumns -- Number of Rows -- OK;#;A
8;Untuk pemberian Nomor Halaman pada suatu dokumen, terdapat pada Menu...;Home;Insert;Page Layout;View;#;B
8;Ukuran Kertas Folio, adalah...;21 cm x 29 cm;21 cm x 27 cm;21 cm x 30 cm;21 cm x 33 cm;#;B
8;Berikut ini merupakan Ukuran Kertas yang sering digunakan pada saat Pencetakan, kecuali...;Inches;Centimeters;Millimeters;Heksameters;#;D
8;Program Microsoft Excel sering disebut juga dengan istilah spreadsheet (lembar kerja elektronik) yang beroperasi di bawah sistem operasi windows dan berfungsi dalam kehidupan sehari-hari diantaranya untuk :;Membuat laporan keuangan, daftar nilai dan daftar hadir;Membuat laporan keuangan, surat menyurat dan tabel;Membuat laporan keuangan, perhitungan tanggal dan peta;Membuat laporan keuangan, perhitungan waktu dan surat menyurat;#;A
8;Di bawah ini adalah cara untuk membuka program Microsoft Excel yaitu :;Melalui icon program MS. Excel yang ada pada monitor.;Dobel klik kiri melalui file Microsoft Excel;Dobel klik kanan melalui icon program MS. Excel yang ada pada layar dekstop;klik kiri sekali melalui icon program MS. Excel yang ada pada layar dekstop;#;B
8;Cara membuka program microsoft excel melalui icon program yang ada pada layar dekstop adalah...;Klik kiri sekali, klik open;Klik kanan sekali, klik pin to taksbar;Klik kanan sekali, klik open;Dobel klik kanan;#;C
8;Cara membuka program microsoft excel melalui menu start adalah...;Klik kanan pada menu start klik open;Klik menu Start, All Programs. - Klik lembar kerja Microsoft Excel 2007;Klik menu Start, All Programs. - Klik Microsoft Office Microsoft Excel 2007;Klik menu Start, Klik Microsoft Office dan lembar kerja Microsoft Excel 2007;#;C
8;Fungsi Open pada Office Button adalah ...;Membuka dokumen Microsoft Excel yang telah tersimpan;Menyimpan file lembar kerja;Menutup lembar kerja pada Microsoft Excel;Menampilkan lembar kerja baru;#;A
8;Perintah untuk menutup lembar kerja Microsoft Excel adalah ...;Office Button > Open;Office Button > Save;Office Button > New;Office Button > Close;#;D
8;Fungsi dari ikon copy adalah ...;Menghapus / memindah data;Menggandakan data;Membatalkan perintah;Membatalkan undo;#;B
8;Yang dimaksud dengan range adalah ...;Sekumpulan sel;Lajur vertikal dalam sebuah tabel;Lajur horisontal dalam sebuah tabel;Perpotongan antara lajur vertikal dan horisontal dalam sebuah tabel;#;A
8;Sebuah kotak yang merupakan perpotongan dari sebuah baris dan sebuah kolom dinamakan;range;Heading row;sel;Heading column;#;C
8;Penulisan alamat sel berikut ini yang paling benar adalah ...;A100B;10C2;16B;C27;#;D
8;Jika kursor (cell pointer) berada pada kolom ke-6 dan baris ke-350, maka kursor (cell pointer) tersebut dinyatakan pada sel ...;6350;3506;F350;350F;#;C
8;Toolbar yang berfungsi untuk menampilkan alamat sel aktif beserta isinya adalah ...;TitleBar;Formatting Toolbar;Menu Bar;Formula Bar;#;D
8;Berikut ini adalah perintah untuk keluar dari aplikasi Microsoft Excel, kecuali ...;Klik File à Exit;Klik icon X pojok kanan atas;Tekan tombol kombinasi Ctrl+E;Tekan tombol kombinasi Alt+F4;#;C
8;Dalam keadaan default, banyaknya worksheet dalam sebuah workbook adalah ...;3;1;256;65535;#;A
8;Perintah Save As pada menu file adalah perintah untuk ...;Membuka file Excel;Menutup aplikasi Excel;Menutup workbook;Menyimpan workbook;#;D
8;Perintah yang benar untuk mengulang kembali perintah yang pernah dibatalkan adalah ...;Undo;Repeat;Redo;Unundo;#;C
8;Repeat adalah perintah yang berfungsi untuk ...;Membatalkan perintah;Mengulang perintah yang telah dibatalkan;Mengulangi perintah terakhir;Mengisi sel hingga penuh;#;C
8;Ctrl+O adalah tombol kombinasi yang berfungsi untuk memberikan perintah ...;Membuka file;Menutup file;Keluar dari Microsoft Excel;Mengedit sel;#;A
8;Perintah untuk menutup workbook tanpa keluar dari aplikasi Microsoft Excel dan beralih untuk mengedit workbook lainnya adalah ...;File -> Exit;Officebutton -> Close;Window -> Exit;Window -> Change;#;B
8;Berikut ini adalah perintah-perintah untuk membuat workbook baru...;File;Ctrl+N;Klik icon;File Save As;#;B
8;Ikon dalam menu edit yang mempunyai fungsi memotong data dalam range atau sel pada lembar kerja disebut...;Paste;Cut;Delete;Clear;#;B
8;Fungsi ikon delete dalam menu edit adalah...;membuka dokumen;menutup dokumen;menghapus data;menghapus file;#;C
8;Dalam menu edit, ikon yang mempunyai fungsi meletakan hasil kopian disebut...;Delete;Cut;copy;paste;#;D
8;Dalam menu insert, ikon yang berfungsi untuk menyisipkan satu baris sel disebut...;Cells;Columns;picture;row;#;D
8;Ikon worksheet dalam menu insert adalah...;menyisipkan lembar kerja;menyisipkan gambar;menyisipkan baris;menyisipkan kolom;#;A
8;Perintah untuk keluar dari program microsoft excel adalah...;klik file, close;klik file, save as;klik file, exit;klik file, save;#;C
8;Perintah mengubah ukuran tinggi baris adalah...;klik format =>row=> klik height;klik format =>row=> klik width;klik format => klik row;klik format => klik row;#;A
8;Perintah mengubah ukuran dan lebar kolom adalah...;klik format => klik column => klik height;klik format => klik column => klik width;klik format => klik column;klik format => klik row;#;B
8;Program yang dipakai untuk menganalisis keuangan dan perhitungan aritmatika adalah ...;Adobe PageMaker;CorelDraw;Microsoft Excel;McAfee;#;C
8;Berikut yang bukan menu utama pada Microsoft Excel adalah ...;Formula bar;File;Edit;Insert;#;A
8;Tiap-tiap lembar sel pada Excel disebut ...;baris;kolom;sheet;tabs;#;C
8;Daerah horizontal yang dibatasi dua garis horizontal sejajar disebut ...;baris;kolom;sheet;tabs;#;A
8;Daerah vertikal yang dibatasi dua garis vertikal sejajar disebut ...;kolom;sheet;tabs;baris;#;A
