Kelas;Soal;A;B;C;D;E;Jawaban
9;"Jln., Rmh, LT 200, LB, ISD, Jln. Muh TAMRIN 25A (Sebelah BRI) T.0813234545 Jln., Rmh, LT, dan LB dalam iklan baris di atas merupakan singkatan dari ...";"dijual, rumah, lantai, dan lebar";"jual, rumah, luas tanah, dan luas bangunan";"jual, rumah, luas tanah, dan luas bangunan";"jual, rumah, lantai, dan luas bangunan";#;B
9;Penulisan iklan baris yang tepat untuk kasus penjualan motor Honda Supra 2000 adalah...;"Dijual Honda Supra 2000, mesin bagus, harga nego, hubungi Sony Jalan Ronggowarsito 20 Surakarta Handphone 081329456789";"Jln. Honda Supra th 2000, msn bagus. Hrg 7 jt Hub. Sony Jl. Ronggowarsito 20 Surakarta HP 081329456789";Djl. Hd. Supra. Msn. Bgs. Hrg 7 Jt. Hub. Sony Jln Ronggowarsito 20 Surakarta.;Djl. Hd. Supra. Msn. Bgs. Hrg 7 jt Hub. Sony 081329456789;#;D
9;"Untuk mengetahui informasi tentang sebuah istilah penting dengan cepat dan tepat, kita harus membaca...";buku telepon;Indeks;ensiklopedia;daftar kata;#;B
9;Manfaat resensi buku adalah...;mengetahui harga buku.;mengetahui teknik penulisan.;mengetahui kelebihan dan kekurangan buku.;mengetahui teknik penulisan buku dan pengarang yang bagus.;#;C
9;"Berikut hal-hal yang dapat dinilai dari buku yang diresensi, kecuali...";jumlah buku;data buku;penggunaan bahasa;kelebihan dan kekurangannya;#;A
9;Kalimat berikut ini berupa kritik/saran dengan bahasa yang santun adalah...;Belajarlah yang tekun supaya tidak goblok!;Belajarlah yang rapi agar prestasimu menurun!;"Belajarlah yang rajin, prestasimu akan meningkat!";Belajarlah bagaimanapun kamu tidak akan pintar!;#;C
9;Ia malas belajar...tidak dapat mengerjakan soal. Konjungsi yang tepat untuk kalimat tersebut...;sebab;karena;sehingga;akibat;#;C
9;Kalimat berikut yang merupakan kalimat pengandaian adalah...;Yuli memang malas belajar sehingga tidak naik kelas.;Suaranya merdu seperti penyanyi.;Daripada melamun lebih baik kamu belajar.;"Sekiranya ia dapat membeli sepeda, ia akan ke rumahmu naik sepeda.";#;D
9;Anak itu sehat secara lahiriah. Akhiran-iah pada kata lahiriah berfungsi membentuk...;kata benda;kata kerja;kata sifat;kata keadaan;#;C
9;Kata berikut ini yang tepat mendapat imbuhan -wi adalah...;lahir;batin;surga;badan;#;C
9;"Apabila beberapa orang berkumpul mengadakan tukar pikiran untuk memecahkan masalah yang dialami bersama, bentuk pertemuan tersebut disebut...";Seminar;Pertemuan;Rapat khusus;Diskusi kelompok;#;D
9;Hal-hal yang tidak perlu diperhatikan dalam menanggapi penjelasan ketika berdiskusi adalah ...;Menyampaikan tanggapan secara logis;Kemampuan memilih ejaan yang tepat;Menyampaikan tanggapan disertai data yang akurat;Menyampaikan tanggapan dengan bahasa yang baik dan benar.;#;B
9;Berikut ini yang termasuk ciri syair adalah...;Syair selalu selesai dalam satu bait;Pola rimanya a-b-a-b (rima silang);Syair terdiri atas empat baris/larik dalam setiap bait;Syair memiliki sampiran;#;C
9;Isi syair "Wahai Ananda dengarlah pesan..." adalah...;Kamu harus kuat menanggung beban derita;Kamu harus berkata jujur agar tidak dibebani masalah;Kamu harus berani bertanggung jawab dalam setiap perbuatan;Kamu harus selalu menghormati orang yang telah bertanggung jawab;#;C
9;Berikut ini yang tidak termasuk manfaat membaca cepat adalah...;Mengurangi kejenuhan;Meningkatkan wawasan;Meningkatkan pemahaman;Meningkatkan kemahiran berbahasa yang lain;#;A
9;Tujuan yang ingin dicapai seseorang ketika membaca memindai sebuah teks atau wacana adalah...;Mengetahui topik atau gagasan dari suatu teks atau wacana;Mengetahi informasi khusus secara cepat tanpa membaca keseluruhan;Mengetahui pendapat seseorang secara umum;Memahami dan menemukan informasi dari suatu bacaan;#;B
9;Laporan tersebut menyampaikan peristiwa...;Banjir di Jawa Tengah dan Jawa Timur;Nasib penduduk yang terkena banjir;Rumah-rumah tergenang banjir;Para penduduk mengungsi ke tempat aman;#;A
9;Pernyataan yang tidak sehubungan dengan syair tersebut adalah...;Terdiri atas empat larik;Mengandung pesan moral agar kita selalu menepati janji;Pola rima dala bait tersebut a-a-a-a;Dua larik pertama sampiran dan dua larik terakhir memuat isinya;#;D
9;Baris yang tepat untuk melengkapi syair tersebut adalah...;Kepada suamimu berbuat bakti;Duduklah dia mendiamkan diri;Ditonton oleh seorang diri;Celakalah bertambah sehari-hari;#;D
9;"Unsur pembangun cerita yang berkaitan dengan tempat, waktu, dan keadaan adalah...";Alur;Tema;Latar;Tokoh;#;C
9;Tanda baca (-) yang menandai tahun pada kalimat tersebut sama artinya dengan...;Jarak tempuh;Sampai ke;Dilanjutkan;Sampai dengan;#;D
9;"Alur penceritaan yang digambarkan secara runtun dari A sampai Z, disebut...";Alur maju;Alur konferensional;Alur teratur;Alur mundur;#;A
9;"Cerita atau narasi yang fiktif serta relatif pendek, disebut...";Novel;Prosa;Pantun;Cerpen;#;D
9;Nilai didik yang terdapat dalam kutipan cerpen di atas adalah...;Kita harus memanfaatkan waktu dengan sebaik-baiknya;Kita harus menolong orang yang kesusahan;Nenek yang lemah harus kita manfaatkan;Kita harus pasrah menerima nasib;#;B
9;Pernyataan kritik yang paling tepat adalah...;"Wah, bajumu bagus benar, tetapi lebih banyak kurang bagusnya";"Faris, saya tidak jadi meminjam pulpenmu. Takut macet.";Pasti sepeda ini bermanfaat bagimu. Kamu tidak akan kesiangan lagi kan?;"Sebaiknya, kamu jangan membiasakan diri begadang. Tidak baik buat kesehatan.";#;D
9;Ucapan yang tepat untuk menanggapi kritikan teman adalah...;"Memang, saya masih belajar.";Begini-begini juga karya seni. Kamu jangan mengejek.;"Ah, kamu bisanya hanya mengkritik. Karyamu mana?";Terima kasih atas sarannya. Semoga saya bias memperbaikinya.;#;D
9;Orang yang melakukan penyuntingan disebut...;Penulis;Editor;Sutradara;Penyunting;#;B
9;Yang menyatakan kata tidak baku adalah...;Kurban;Fiksa;Vitamin;Eksak;#;B
9;Gagasan utama pada paragraf tersebut ialah ...;Adanya tambahan wahana air di tempat wisata taman seroja;Prediksi peningkatan jumlah pelancong pariwisata taman seroja di tahun ini;Taman seroja adalah tempat wisata terbaik di Indonesia;Beberapa wahana baru taman seroja akan menarik minat para pelancong;#;B
9;Kalimat tanya yang jawabannya terdapat pada paragraf tersebut ialah ...;Dari mana sajakah asal pelancong yang mengunjungi wisata taman seroja?;Berapa jumlah nomonal pelancong yang telah diprediksikan oleh pengelola wisata taman seroja?;"Diantara beberapa wahana yang tersedia, bentuk hiburan jenis apa yang paling diminati oleh pelancong wisata taman seroja?";Siapa sajakah tokoh nasional yang hadir dalam peresmian wisata taman seroja?;#;B
9;Contoh penulisan alamat pada surat dinas yang benar ialah ...;Yth. Bapak Kepala SMA Muhammadiyah 03 Bangun Rejo;Yth. Bapak Kepala Sekolah SMAN BANGUN REJO;YTH. Kepada bapak kepala sekolah SMA Muhammadiyah 03 Bangun Rejo;YTH. KEPALA SEKOLAH SMAN 01 BANGUN REJO;#;A
9;Kalimat penutup pada sebuah pidato yang benar ialah ...;"demikian yang dapat saya sampaikan, atas perhatiannya saya ucapkan terima kasih.";"Saya kira cukup, terima kasih.";"Terima kasih, dan salam sejahtera";"Salam super, terimakasih.";#;A
9;Penulisan daftar pustaka yang benar berdasarkan data buku tersebut ialah :;Surya Negara. 2017. Gurita Istana. Bentang : Bandung.;Surya Negara Saputra. 2017. Gurita Istana. Bandung : Bentang;"Negara, Surya Saputra. 2017. Bandung. Gurita Istana : Bentang";"Saputra, Surya Negara. 2017. Gurita Istana. Bandung : Bentang";#;D
9;A doctor usually uses a ... to check the patients heart beat.;Stethoscope;medicine;syringe;tension meter;#;A
9;Work of surgery is usually held in...;Laboratory;Radiology department;Operating theatre;Maternity section;#;C
9;"If you want to check in a hotel, who will you meet first?";The bellboy;The manager;The receptionist;The room boy;#;C
9;My father washes his motor 3 times a week The passive voice of the sentences is...;My father is washed his motor 3 times a week;My father's motor is washed 3 times a week;My father's motor washes three times a week;My father is washing his motor 3 times a week;#;B
9;The hotel has opened the staff's meeting at 10 this morning. Change into passive voice!;The director has opened the meeting at 10 this morning;The meeting has been opened by the director at 10 this morning;The meeting has opened by the director at 10 this morning;The director opened the meeting at 10 this morning;#;B
9;Lina : You know? our basket ball team will play in the final match! Aan : .............................. The suitable expression to respond the news is...;It's all right;"Yes, I like it";It's a good news;Congratulation;#;C
9;"The following are the synonyms of lid, EXCEPT...";Cover;Top;close;Cap;#;C
9;"Hereka : What do you think of my new tie dye shirt? Retno : ...Did you make it on your own? Hereka : Yes, I did.";I doubt it.;Can you show me how to make tie dye shirt?;Certainly!;"Wow, it's great!";#;D
9;"Ratu : Let's ask everyone in our class to help clean the beach. Ketut : ...that they are willing to. Not everyone cares for our nature. Ratu : Yeah, but it's worth trying.";Mmm..;Certainly;really;I doubt;#;D
9;Bonar : Is it possible to make other people aware of the loss that they can cause? Putri : ...I don't think we can make everyone aware of their damaging action.;OK.;What was that again?;I'm very certain about it.;I'm not so sure about it.;#;D
9;"Situation : Fadhli is going to participate in the story telling competition. Hikmah shows her hope that Fadhli will get a prize. The conversation: Fadhli : ""Hikmah, wish me luck. I will take part in the story telling competition."" Hikmah : ""......... I hope you will win the competition.""";Thank you very much;I hope so;I'm sorry;"Sure, Good luck";#;D
9;"Situation : Fitra has just finished drawing a picture of Tinta, his best friend. He will present it to her on her birthday. Dara praises the picture and she's sure that Tinta will like it. Dara : ""Fitra, that's a beautiful picture. I'm sure Tinta will like it."" Fitra : "".........""";Wish me luck;Happy birthday;Good luck;Thanks. I hope so too;#;D
9;"The following are the expression of hope, except ...";I hope your father will be okay soon;I have to go to airport;Let's hope we will pass the National Examination;I hope you will success;#;B
9;"You hear that your classmate, Andi, got an accident and his arm was injured when he rode his bicycle yesterday. What would you say to express your hope about Andi's condition?";I hope he gets well soon;He should not ride bicycle carelessly;Good Job!;I have to visit him in the hospital;#;A
9;"Elki : ""Happy birthday to you, Mail. May God bless you"". Ismail : ... Elki : ""You're welcome.""";I'm sorry;Well done!;I hope so;Thanks;#;D
9;Alya " Do you know where is Gibril?" Nisa :"I heard he went to Semarang. His uncle held a wedding party. Alya :"... He has promised to company me watching movie tomorrow.";Thank you;Congratulation;I agree with you;I hope he will go home soon;#;D
9;"Haris :""What do you think about tangled movie?"" Sinta :""I think it is a good movie. Although it is animation, but it contain many moral values."" Haris :""... I think this movie isn't fit for us, isn't for children.""";Do you agree?;Sure;I completely agree;I don't think so;#;D
9;"If we want to show our agreement, we can say...";I don't think so;I'm with you;good job!;Thank you;#;B
9;"Rina : ""... If we play badminton this afternoon?"" Rini :""Yes, I agree. We can ask Nuri and Wahyu to play badminton."" Rina :""That's a good idea, so we can play it in double.""";I hope everything is okay;You are right;What do you think?;May I congratulate you on?;#;C
9;"If we want to ask someone not to tell something, we say...";Tell it to others;Don't tell to anyone else;Please tell to anothers;You should tell it to others;#;B
9;"Endro : ""Do you agree if we go to night festival tonight, Gus?"" Agus :""... I want to play some games there."" Endro :""I'll pick you at seven pm."" Agus : O.K.";That's a good idea;Do you agree?;"No, I disagree";"Sorry, I have another opinion";#;A
9;"Beni : ""Remember that Dayu got diarrhea because she did not wash the fruit before she ate it."" Luna : ""So, you should always wash your fruit before you eat it ... you will not get diarrhea.""";so that;but;because;before;#;A
9;"They ... wear sandals, a T-shirt, or a casual wear at anyplace and at any time during the school hours.";must;in order to;must not;so that;#;C
9;"Here are the expressions of prohibition, except ...";Don't use dictionary.;Don't be pessimist.;Do it yourself;Don't cry;#;C
9;"To respond the expression of prohibition, we can say ...";thanks;so that;alright;in order to;#;C
9;"Ani : ""Where is Andi, Don? ... I will borrow some money from him. Doni :""Sorry, I don't know where he is.""";I had to go to canteen;I have to meet him;What do you suggest?;What your plan?;#;B
9;We ... Have a driving license when we drive/ride a vehicle.;must;had to;have to;mustn't;#;C
9;"Edi : ""........."". Alex :""Yes, I have to go now. I have a promise with my father To go to the hospital"". Edi :"" take care.""";I have to go now;What do we have to go now?;You mustn't go now.;Do you have to go now?;#;D
9;"Fajar :""I want to make a kite, but I don't have paper. What do you suggest? Eko :""... use plastic. I've ever seen a plastic kite. Fajar :""O.K. I will use it. Thanks.""";Why don't you;I agree with you;What do you think I should do;Do you have any suggestion;#;A
9;"Today is our National Examination test. So, we ... be late.";have to;had to;has to;mustn't;#;D
9;"Throw the rubbish in the ..., please.";class;yard;floor;bin;#;D
9;"If you want to say a farewell for the last time before I continue my study in Australia, please... to the Adi Sucipto airport this evening.";come;came;coming;comes;#;A
9;Which of the following sentence is the expression of asking certainty?;"Well, I'm very sure about that.";"John, Are you sure?";"Well, I'm not so sure about that";"Try it, I'm sure you can!";#;B
9;Which of the following sentence is the expression of uncertainty?;"Sorry, I'm not so sure about that.";"Well, I'm very sure about that.";I know you can do it well.;"Don't worry, I will help you";#;A
9;"Don't switch on the lamp, please! The underlined word means ...";Turn of;Turn right;get on;press on;#;A
9;Mrs. Carlina ...an information to people in the television;Bring;Brings;give;gives;#;D
9;A person who gives an information to people in the television is called ...;News;News boy;reporter;journalist;#;C
9;Arrange the words below to be a good sentence! Viewer -- most -- wait -- the -- of -- for -- bulletin-- recent;The most of bulletin wait for recent;Wait the most viewer for most of recent;The viewer bulletin wait for most of recent;Most of the viewer's wait for recent bulletin.;#;D
9;Terjadinya filtrasi di ginjal berlangsung di bagian yang disebut ...;Medulla;Pelvis renalis;Tubulus;Glomerulus;#;D
9;Suatu kelainan ekskresi yang ditandai dengan ditemukannya molekul glukosa dalam urin disebut ...;Albuminaria;Hematuria;Diabetes Mellitus;Diabetes Insipidus;#;C
9;Pada saat cuaca panas kita banyak mengeluarkan keringat. Tujuan pengeluaran keringat dari dalam tubuh adalah ...;Mengeluarkan kelebihan air;Mengurangi garam dalam sel;Mengurangi lemak;Menurunkan suhu tubuh;#;D
9;Diantara pernyataan berikut yang menyatakan pengertian menstruasi secara tepat adalah ...;Proses pengeluaran darah kotor dari organ reproduksi wanita;Proses pengeluaran zygot yang tidak berkembang disertai dengan keluarnya darah dari organ reproduksi wanita;Proses pengeluaran ovum yang tidak dibuahi beserta luruhnya lapisan endometrium dari tubuh seorang wanita;Proses pengeluaran plasenta dari organ reproduksi seorang wanita;#;C
9;Penyakit berikut yang dapat ditularkan melalui organ reproduksi adalah ...;AIDS dan Diabetes Mellitus;Kencing nanah dan Nefritis;Kencing batu dan Sifilis;Gonorea dan herpes kelamin;#;D
9;Sistem yang berperan penting dalam pengaturan semua organ tubuh agar bekerja dengan baik adalah ...;Sistem pencernaan dan sistem pernafasan;Sistem saraf dan sistem gerak;Sistem pernafasan dan sistem transportasi;Sistem saraf dan sistem hormon;#;D
9;Jalannya rangsang pada gerak refleks adalah ...;Rangsang -- saraf sensorik -- saraf motorik -- otak -- sumsum tulang belakang -- efektor;Rangsang -- saraf sensorik -- sumsum tulang belakang -- saraf motorik -- efektor;Rangsang -- saraf sensorik -- otak -- saraf motorik -- efektor;Rangsang -- saraf motorik -- sumsum tulang belakang -- saraf sensorik -- efektor;#;B
9;Diantara contoh gerak berikut yang termasuk gerak refleks otak adalah ...;Gerak refleks tangan menghindar dari bara api rokok;Gerak refleks kejap mata ketika bola mata terasa kering;Gerak refleks menjerit ketika melihat sesuatu yang menakutkan;Gerak refleks kaki menghindari dari tusukan duri;#;C
9;"Andi sering mengeluh kepada ibunya, tiap kali melihat benda yang letaknya jauh ia merasa tidak jelas. Nama kelainan mata yang diderita Andi dan keadaan yang sebenarnya terjadi di bola mata Andi adalah ...";"Miopi, karena bayangan benda terletak di depan retina";"Hipermetropi, karena bayangan benda terletak di belakang retina";"Presbiopi, karena bayangan benda terletak di depan retina";"Xerofthalmia, karena bayangan benda terletak di belakang retina";#;A
9;"Di Inggris, kupu-kupu Biston betularia mulanya banyak bersayap cerah, akibat revolusi industri banyak kupu-kupu bersayap gelap. Hal ini karena ...";Warna sayap gelap mudah terlihat oleh predator;Warna sayap cerah berubah menjadi warna gelap;Warna sayap cerah terlindung oleh lingkungan;Warna sayap gelap sulit diamati oleh predator;#;D
9;Salah satu indikator suatu spesies berhasil mempertahankan kelangsungan hidupnya adalah ...;Jumlah populasinya konstan;Jumlah kematian banyak;Tingkat perkembangbiakan tinggi;Jumlah individu yang terserang hama/penyakit banyak;#;C
9;Berikut ini adalah tumbuhan yang reproduksinya dengan umbi batang adalah ...;Ubi kayu dan ubi jalar;Dahlia dan bawang merah;Kentang dan ubi jalar;Jahe dan kunyit;#;C
9;"Buah mangga berukuran besar, rasa manis, dan daging buah tebal. Sifat-sifat tersebut disebut ...";Genotip;Fenotip;Dominan;Resesif;#;B
9;"Jika suatu individu bergenotip BbMn, maka macam gametnya adalah ...";1;2;3;4;#;D
9;"Kelinci berbulu hitam disilangkan dengan kelinci berbulu putih. Warna hitam ditentukan oleh gen H dan warna putih oleh gen h, keduanya bersifat intermediet. Jika F1 disilangkan sesamanya maka perbandingan fenotip pada F2 adalah ...";3:01;1:03:01;1:02:01;9 : 3 : 3 : 1;#;C
9;"Jika kelinci berbulu putih kurus (AAbb) disilangkan dengan kelinci berbulu hitam gemuk (aaBB), maka genotip dan fenotip pada F1 adalah ...";"AABB, bulu putih badan gemuk";"AaBb, bulu putih badan gemuk";"aaBb, bulu hitam badan kurus";"Aabb, bulu putih badan kurus";#;B
9;"Nata de coco merupakan salah satu jenis makanan yang cukup disukai untuk dibuat campuran minuman. Namun, dalam proses pembuatannya, jenis ini ternyata menggunakan peranan sejenis bakteri yang namanya ...";Rhizopus stolonifer;Saccharomyces cerevisiae;Acetobacter xylinum;Lactobacillus bulgaricus;#;C
9;"Seorang petani anggrek, untuk tujuan komersial mengembangkan tanamannya dengan menggunakan teknik kultur jaringan. Maka, hasil keturunannya adalah ...";"Bervariasi, jumlah banyak, waktu cepat, sifat lebih baik dari induknya";"Bervariasi, jumlah banyak, waktu lama, sifat sama dengan induknya";"Seragam, jumlah banyak, waktu cepat, sifat lebih baik dari induknya";"Seragam, jumlah banyak, waktu lama, sifat sama dengan induknya";#;D
9;"Teknik bercocok tanam dengan menggunakan media udara, akar tanaman dibiarkan menjuntai di udara, pemberian nutrisi dengan cara disemprotkan ke udara. Teknik ini disebut ...";Tabulampot;Hidroponik;Aeroponik;Transgenik;#;C
9;"Setelah digosokkan pada kain wool, penggaris plastik menjadi bermuatan listrik negatif karena :";Elektron berpindah dari plastik ke kain wool;Proton berpindah dari plastik ke kain wool;Elektron pindah dari kain wool ke plastik;Proton pindah dari kain wool ke plastik;#;C
9;"Suatu gaya tarik-menarik antara dua muatan A dan B adalah F. Jika muatan A diperbesar 2 kali, maka besar gayanya menjadi ...";F;½ F;2 F;3 F;#;C
9;"Sebuah benda P didekatkan pada benda Q akan tarik-menarik. Benda R bila didekatkan pada benda P akan tarik-menarik, sedangkan benda S bila didekatkan pada benda R saling tolak-menolak. Jika benda R bermuatan positif, maka secara berturut-turut jenis muatan benda P, Q, dan S adalah ...";"Positif, positif, negative";"Negative, positif, positif";"Positif, negative, positif";"Negative, positif, negative";#;D
9;Berikut ini pernyataan yang menjelaskan tentang arus listrik yang benar adalah ...;Merupakan aliran elektron;Arahnya sama dengan arah gerak elektron;Terjadi bila potensial antara ujung-ujung penghantar sama;Terjadi bila ada beda potensial antara ujung-ujung penghantar;#;D
9;Yang dimaksud dengan gaya gerak listrik adalah ...;Beda potensial antar kutub-kutub sebuah sumber listrik ketika sumber tidak mengalirkan arus listrik;Beda potensial antar kutub-kutub sebuah sumber listrik ketika sumber sedang mengalirkan arus listrik;Beda potensial antar kutub-kutub sebuah sumber listrik ketika sumber sedang mengalirkan arus listrik yang rendah;Beda potensial antar kutub-kutub sebuah sumber listrik ketika sumber sedang mengalirkan arus listrik yang tinggi;#;A
9;"Sebuah lampu pijar dihubungkan dengan sebuah batu baterai oleh seutas kabel. Ketika lampu menyala, maka perubahan energi yang terjadi pada rangkaian tersebut adalah ...";Kimia menjadi listrik;Listrik menjadi cahaya;Cahaya menjadi listrik;Kimia menjadi cahaya;#;B
9;Elemen Volta tidak dapat mengalirkan arus listrik dalam waktu lama karena ...;Timbul gelembung gas yang menempel pada seng;Timbul gelembung gas yang menempel pada katoda;Timbul gelembung gas yang menempel pada anoda;Keping-keping seng dan tembaga yang terendam asam sulfat mudah rusak;#;A
9;"Aki merupakan elemen sekunder, karena ...";Dapat diisi kembali jika sudah habis;Dapat menghasilkan tegangan tinggi;Dapat menghasilkan tegangan arus searah;Dapat menghasilkan arus bolak-balik;#;A
9;"Sebuah ketel listrik dihubungkan ke baterai 12 volt. Jika eleman pemanas memiliki hambatan dalam 12 ohm, maka energi kalor yang dihasilkannya selama 10 menit adalah ...";1.800 joule;3.600 joule;7.200 joule;14.400 joule;#;C
9;"Pemutus daya dengan spesifikasi 4 A,  220 V dapat membatasi pemakaian daya sampai dengan …";880 W;860 W;840 W;820 W;#;A
9;"Elemen pemanas sebuah kompor listrik 110 V mempunyai hambatan 20 ohm. Kompor ini digunakan untuk memanaskan 1 kg air bersuhu 20 derajat C selama 7 menit. Jika kalor jenis air 4.200 J/kgoC, maka suhu akhir air adalah ...";40 derajatC;"40,5 derajat C";60 derajat C;"60,5 derajat C";#;D
9;"Sebbuah lampu bertuliskan 220 V, 100 W dihubungkan dengan sumber tegangan 110 V. Daya yang digunakan lampu adalah ...";25 W;50 W;75 W;100 W;#;A
9;"Sebuah pesawat televisi dinyalakan rata-rata 6 jam setiap harinya. Televisi tersebut dihubungkan dengan tegangan 220 V dan memerlukan kuat arus sebesar 2 A. Apabila harga 1 kWh adalah Rp. 100,00, maka biaya yang harus dibayar dalam 1 bulan (30 hari) adalah ...";"Rp. 7.790,00";"Rp. 7.290,00";"Rp. 7.920,00";"Rp. 7.270,00";#;C
9;"Dari pernyataan berikut, yang bukan merupakan cara menghemat energy listrik ...";Pilih alat listrik yang berkemampuan tinggi tetapi daya listriknya rendah;Gunakan alat-alat listrik jika benar-benar diperlukan saja;Kurangi lama waktu pemakaian alat listrik yang ada;"Gunakan alat listrik yang berkemampuan rendah, tetapi daya listriknya tinggi";#;D
9;Ruang di sekitar magnet yang masih dipengaruhi oleh gaya tarik magnet disebut ...;Kutub manget;Garis gaya magnet;Medan magnet;Induksi magnet;#;C
9;Berikut ini adalah cara membuat magnet yaitu :;"Induksi, deduksi, elektromagnet";"Menggosok, induksi, elektromagnet";"Menggosok, memukul-mukul, induksi";"Dipanaskan, menggosok, electromagnet";#;B
9;"Sebuah kawat penghantar sepanjang 10 m berarus listrik 2 A yang berada dalam medan magnet 20 Tesla, maka gaya Lorentz yang bekerja sebesar ...";4 N;40 N;400 N;4000 N;#;C
9;Generator atau dynamo adalah alat yang digunakan untuk mengubah ...;Energi listrik menjadi energi mekanik;Energi potensial menjadi energi listrik;Energi mekanik menjadi energi listrik;Energi listrik menjadi energi potensial;#;C
9;GGL induksi timbul karena ...;Terjadinya perubahan arah medan magnet di dalam kumparan;Terjadinya perubahan fluks magnetik di dalam kumparan;Terjadinya perubahan arus listrik di dalam kumparan;Terjadinya perubahan kutub-kutub magnet di dalam kumparan;#;B
9;Perbedaan antara generator AC dengan DC adalah ...;Generator AC menggunakan cincin belah;Generator DC menggunakan dua cincin;Generator AC menggunakan interuptor;Generator DC menggunakan komutator;#;D
9;Makin cepat sepeda dikayuh maka nyala lampu makin terang karena ...;Perubahan garis gaya magnet makin besar;Perubahan garis gaya magnet makin kecil;Arus searah yang ditimbulkan makin besar;Arus bolak-balik yang ditimbulkan makin kecil;#;A
9;"Sebuah transformator step-up mempunyai jumlah lilitan primer 1.200 dan lilitan sekunder 6.000 lilitan. Bila kumparan primer dihubungkan dengan tegangan 110 V, maka tegangan pada kumparan sekunder adalah ...";220 V;440 V;550 V;500 V;#;C
9;"Perbandingan jumlah lilitan primer dan sekunder sebuah trafo adalah 5 : 3. Jika kuat arus outputnya 3A, kuat arus primernya adalah ...";"1,8 A";"5,0 A";15 A;45 A;#;A
9;"Sebuah trafo memiliki efisiensi 75%. Tegangan inputnya 220 V dan tegangan outputnya 110 V. jika kuat arus primer yang mengalir 2A, kuat arus sekundernya adalah ...";5:00 AM;4:00 AM;2:00 AM;3:00 AM;#;D
9;"Pada transmisi daya listrik jarak jauh digunakan tegangan tinggi. Alasan yang benar di bawah ini, kecuali ...";Tegangan tinggi menyebabkan arus listrik yang mengalir kecil;"Dengan arus listrik yang kecil, energi yang hilang pada saat transmisi menjadi kecil sehingga efisiensi penyaluran tinggi";Arus listrik yang kecil membutuhkan ukuran penampang kawat yang lebih kecil sehingga harganya murah;Pada tegangan yang tinggi kawat yang diperlukan lebih pendek sehingga menghemat biaya;#;D
9;"Pada tata surya, planet-planet beredar mengelilingi matahari karena ...";Adanya gaya gravitasi antara planet dengan matahari;Gaya gravitasi matahari lebih besar daripada gaya gravitasi planet;Gaya gravitasi matahari sama besar dengan gaya gravitasi planet-planet;Gaya gravitasi antara matahari dan planet-planet yang mempertahankan geraknya yang lurus;#;A
9;Planet dalam dalam tata surya terdiri dari planet ...;"Merkurius, Venus, Jupiter";"Mars, Jupiter, Saturnus,";"Merkurius, Venus, Mars";"Saturnus, Uranus, Neptunus";#;C
9;Benda langit yang juga disebut planetoid adalah ...;Meteor;Meteorit;Meteoroid;Asteroid;#;D
9;Energi matahari berasal dari reaksi nuklir yang disebut reaksi fusi. Reaksi fusi adalah ...;Penggabungan inti-inti atom helium menjadi inti atom hydrogen;Penggabungan inti-inti atom hydrogen menjadi inti atom helium;Pembelahan inti atom helium menjadi inti-inti atom hydrogen;Pembelahan inti atom hydrogen menjadi inti-inti atom helium;#;B
9;Urutan susunan lapisan matahari dari dalam ke luar adalah ...;Fotosfer -- kromosfer -- korona -- inti matahari;Inti matahari -- kromosfer -- fotosfer -- korona;Inti matahari -- fotoster -- kromosfer -- korona;Korona -- kromosfer -- fotosfer -- inti matahari;#;C
9;"Pada saat kita melihat ke arah matahari, cahaya yang berwana putih menyilaukan adalah ...";Inti matahari;Fotosfer;Kromosfer;Korona;#;B
9;"Jakarta terletak pada 105 derajat BT. Jika di Jakarta pukul 07.00, maka kota yang terletak di 60 derajat BT menunjukkan waktu ...";02.00;03.00;04.00;05.00;#;C
9;Pernyataan berikut yang berhubungan dengan gerhana bulan parsial adalah ...;Bulan seluruhnya masuk ke dalam umbra bumi;Bulan hanya sebagian masuk ke dalam umbra bumi;Bulan seluruhnya masuk ke dalam penumbra bumi;Bulan hanya sebagian masuk ke dalam penumbra bumi;#;B
9;Peristiwa berikut ini yang terjadi karena pelapukan mekanik adalah ...;Rapuh dan rusaknya gedung atau bangunan akibat terkena hujan asam yang terjadi dalam waktu lama;Batuan di tempat terbuka yang mengalami pemanasan dan pendinginan dalam waktu lama berangsur-angsur retak dan hancur;Terbentuknya stalaktit dan stalakmit di dalam gua akibat pelarutan dan penguapan kalsium karbonat;Perpanjangan dan perbesaran akar pohon dapat menimbulkan retak atau pecahnya batuan di dekat pohon tersebut;#;B
9;Berikut ini yang merupakan dampak positif tenaga endogen adalah ...;Abu vulkanik yang dikeluarkan pada saat terjadi gunung meletus bersifat menyuburkan tanah;Timbulnya lahar dingin yang akan turun bersama air hujan;Sedimentasi akan menghasilkan daratan baru yang subur;Erosi pada lapisan-lapisan batuan akan mempermudah proses penambangan mineral;#;A
9;Pemanasan global disebabkan oleh banyaknya gas-gas rumah kaca di atmosfer. Yang termasuk gas rumah kaca adalah ...;Ozon;Oksigen;Karbondioksida;Hydrogen;#;C
9;Pemanasan global adalah ...;Terperangkapnya gelombang inframerah di permukaan bumi karena adanya lapisan gas polutan di atmosfer;Kenaikan suhu rata-rata permukaan bumi akibat dari peristiwa efek rumah kaca;Peristiwa rusaknya lapisan ozon sehingga radiasi ultraviolet ke bumi meningkat;Kenaikan suhu di permukaan bumi akibat dari musim kemarau yang berkepanjangan;#;B
9;"Sikap dan tindakan yang dapat dilakukan untuk mengurangi dampak dari pencemaran udara, kecuali ...";Penanaman lahan gundul;Membatasi penggunakan kendaraan yang menggunakan bahan bakar fosil;Lokalisasi daerah industri;Menghemat penggunaan energi listrik.;#;D
9;"Elektromagnet banyak dipakai pada alat-alat listrik, karena . . . .";sifat kemagnetannya yang tetap;sifat kemagnetannya yang lemah sehingga mudah diubah-ubah;sifat kemagnetannya tidak dapat dihilangkan;dapat dibentuk dengan berbagai bentuk sesuai keperluan dan sifat kemagnetannya dapat diubah-ubah;#;D
9;Alat listrik di dalam ini yang tidak memakai magnet adalah . . . .;bel listrik;mikrofon;pesawat penerima;relai;#;B
9;Paku berada dalam medan magnet dan dapat menarik paku lain di dekatnya. Kejadian itu disebut . . . .;deklinasi;inklinasi;induksi;konduksi;#;C
9;Gaya tarik-menarik atau gaya tolak-menolak yang terkuat dalam magnet terdapat pada bagian . . . .;kutub utara magnet;kutub selatan magnet;tengah magnet;kedua kutub magnet;#;D
9;"Bila sebatang baja dijadikan magnet, batang itu menjadi . . . .";magnet tetap;magnet sementara;elektromagnetik;kutub magnet;#;A
9;Yang menjadi dasar utama timbulnya perbedaan potensial dalam dinamo adalah . . . .;pergerakan magnet di sekitar kumparan;pergerakan kumparan di sekitar magnet;perubahan jumlah garis gaya dalam kumparan;perubahan kutub-kutub magnet dalam kumparan;#;C
9;Arus listrik dapat ditimbulkan oleh medan magnet. Arus listrik macam ini dinamakan . . . .;arus kuat;arus lemah;arus induksi;arus tegangan rendah;#;C
9;Pernyataan yang benar tentang trafo adalah . . . .;trafo dapat memperbesar daya listrik;trafo dapat digunakan pada arus DC;"jika tegangan primer > tegangan sekunder, maka arus primer < arus sekunder";jika arus primer > arus sekunder maka trafonya merupakan jenis step-down;#;C
9;"Efisiensi sebuah trafo adalah 80%. Jika daya primernya 500 W, daya sekundernya adalah . . . .";500 W;425 W;400 W;625 W;#;C
9;"Arus primer sebuah trafo adalah 3,5 A. Jika jumlah lilitan primer 120 dan lilitan sekundernya 42, maka besarnya arus sekunder adalah . . . .";"12,25 A";1:00 AM;"3,5 A";"122,5 A";#;B
9;Bumi dalam peredarannya mengelilingi matahari terletak pada satu bidang yang disebut . . . .;meridian;bidang bujur;cakrawala;ekliptika;#;D
9;Teori yang tidak menjelaskan asal-usul tata surya adalah . . . .;teori Nebula;teori Planetesimal;teori Dentuman besar;teori Bintang kembar;#;C
9;Komet sebagian besar mengandung . . . .;hidrogen;oksigen;besi;es dan gas-gas beku;#;D
9;"Pesawat angkasa di bawah ini milik negara USA, kecuali . . . .";Mariner;Apollo;Viking;Venera;#;D
9;Planet yang periode revolusinya paling pendek adalah . . . .;Merkurius;Bumi;Mars;Jupiter;#;A
9;Lapisan atmosfer yang terjadi proses ionisasi sehingga mampu memantulkan gelombang radio adalah . . . .;termosfer;stratosfer;mesosfer;troposfer;#;A
9;Energi yang dipancarkan matahari berasal dari reaksi fusi unsur . . . .;hidrogen dan selenium;hidrogen dan helium;hidrogen dan oksigen;helium dan neon;#;C
9;Terbentuknya lapisan tanah akibat aktivitas hewan kecil dalam tanah merupakan pelapukan . . . .;organik;kimia;fisika;mekanik;#;A
9;Berikut ini aktivitas negatif manusia terhadap lingkungan darat adalah . . . .;pembuangan sampah pada tempat pembuangan akhir;pembalakan hutan;sistem pertanian terasering;memisahkan sampah organik dan anorganik;#;B
9;Proses yang terjadi pada lingkungan dipengaruhi oleh . . . .;interaksi antara manusia satu dengan yang lain;interaksi antara manusia dan lingkungan;interaksi antar lingkungan;interaksi antara ekosistem;#;B
9;Berikut ini yang termasuk benda magnetik adalah . . . .;"aluminium, karet";"besi, kobalt";"besi, kertas";"kertas, karet";#;B
9;Magnet tersusun oleh magnet-magnet kecil yang biasanya disebut . . . .;magnet partikel;magnet elementer;magnet permanen;magnet bagian;#;B
9;"Jika sebuah magnet batang dipotong menjadi dua, maka potongan-potongan magnet tersebut yang tidak benar adalah . . . .";bersifat magnet;memiliki dua kutub;memiliki kutub utara dan selatan;hanya memiliki kutub utara saja;#;D
9;Bumi dianggap sebagai magnet batang yang sangat besar. Kutub utara magnet terletak di daerah . . . .;kutub utara;kutub selatan;khatulistiwa;permukaan bumi;#;B
9;Alat yang menggunakan prinsip elektromagnetik adalah . . . .;"bel listrik, pesawat telepon, dan telegraf";"bel listrik, TV, dan relai";"pesawat telepon, dan telegrap";"TV, radio listrik, dan telepon";#;A
9;Arus induksi adalah berupa . . . .;arus searah;arus bolak-balik;arus DC;arus DC dan AC;#;B
9;Timbulnya gaya gerak listrik pada kedua ujung kumparan disebabkan terjadi perubahan . . .;tegangan;jumlah garis gaya magnet;jumlah lilitan;arus listrik;#;B
9;Berikut ini yang bukan merupakan faktor yang mempengaruhi besar GGL induksi yaitu . . . .;banyaknya lilitan;kecepatan perubahan medan magnet;kekuatan magnet;masalah lilitan kumparan;#;D
9;Pada trafo step-up yang tidak benar adalah . . . .;jumlah lilitan primer lebih kecil dari jumlah lilitan sekunder;tegangan primer lebih kecil dari tegangan sekunder;kuat arus primer lebih kecil dari kuat arus sekunder;kuat arus primer lebih besar dari pada kuat arus sekunder;#;C
9;Teori yang menyebutkan bahwa bumi beredar mengelilingi matahari adalah . . . .;geosentris;heliosentris;geosinkron;perihelium;#;B
9;Peristiwa di bawah ini yang bukan merupakan peristiwa gravitasi bumi adalah . . . .;penerjun payung;buah kelapa jatuh;bola menggelinding;peluru yang ditembakkan ke atas;#;C
9;Benda-benda di langit yang jumlahnya ratusan ribu dan beredar mengelilingi matahari disebut . . .;komet;asteroid;meteor;meteorit;#;B
9;Bagian atas dari atmosfer matahari yang sering disebut sebagai mahkota matahari adalah . . . .;korona;protuberans;fotosfer;kromosfer;#;A
9;Di bawah ini adalah lapisan atmosfer yang berada pada 10 km sampai 40 km di atas permukaan bumi adalah . . . .;troposfer;mesosfer;stratosfer;termosfer;#;B
9;"Gerakan bumi yang mempunyai kala edar 23 jam 56 menit 4,09 detik adalah . . . .";rotasi;putaran;revolusi;keliling;#;A
9;Bayangan inti yang berbentuk kerucut pada saat gerhana bulan disebut . . . .;umbra;penumbra;lengkap;tak lengkap;#;A
9;Salah satu cara mengurangi pemanasan global . . . .;penghijauan di daerah perkotaan;penggunaan bensin untuk bahan bahan kendaraan;ladang berpindah;pembukaan hutan;#;A
9;"Gejala-gejala litosfer yang termasuk oleh tenaga endogen, adalah . . . .";vulkanisme;angin;air;gletser;#;A
9;Tenaga yang berasal dari luar bumi bersifat . . . .;merusak bentuk muka bumi;membentuk muka bumi;menambah kekuatan muka bumi;menambah variasi bentuk muka bumi;#;A
9;"Bulan yang mempunyai orbit bulan 27,5 hari adalah bulan . . . .";sinodis;baru;kuartir awal;sideris;#;D
9;Hasil akhir dari proses oogenesis adalah ...;1 ootid dan 2 badan polar;1 ootid dan 3 badan polar;1 spermatosit primer dan 2 badan polar;1 spermatosit primer dan 3 badan polar;#;B
9;"Pada proses pertumbuhan dan perkembangan sperma, sel haploid dimulai pada tahapan ...";sprematogonium;sprematosit primer;spermatosit sekunder;spermatid;#;A
9;Berikut ini yang merupakan saluran reproduksi pada pria secara urut adalah ...;testis -- vas deferens -- epididimis -- uretra -- penis;testis -- epididimis -- vas deferens -- uretra -- penis;testis -- uretra -- vas deferens -- epididimis -- penis;testis -- epididimis -- uretra -- vas deferens -- penis;#;B
9;"Selain menghasilkan sperma, testis juga berfungsi untuk menghasilkan hormon ...";progesteron;insulin;testosteron;estrogen;#;C
9;Hormon yang paling aktif sejak awal proses menstruasi pada wanita dewasa adalah hormon ...;estrogen;progesteron;FSH;gonadotropin;#;C
9;Proses berhentinya siklus menstruasi pada wanita usia lanjut disebut ...;ogenesis;spermatogenesis;menopause;fertilisasi;#;C
9;Fungsi dari amnion adalah ...;melindungi embrio dari guncangan;pertukaran zat antara ibu dan janin;memberi makan dan oksigen pada embrio;melindungi ibu hamil;#;A
9;Bayi kembar yang dilahirkan dari pembelahan satu zigot menjadi dua yang terus tumbuh menjadi individu disebut kembar ...;identik;tidak identik;fraternal;nonfraternal;#;A
9;Berikut ini penyakit pada sistem reproduksi yang dapat mengakibatkan menurunnya sistem kekebalan tubuh seseorang adalah ...;AIDS;herpes;gonore;sifilis;#;A
9;Tanaman cocor bebek akan menumbuhkan tunasnya pada bagian ...;batang;akar;bunga;daun;#;D
9;Perkembangbiakan tumbuhan secara tidak kawin dengan bantuan manusia disebut perkembangbiakan ...;generatif;vegetatif buatan;vegetatif alami;aseksual alami;#;C
9;Berikut ini yang merupakan persamaan dari tumbuhan lumut dan paku adalah ...;bentuk batangnya;bentuk daunnya;bentuk akarnya;cara perkembangbiakannya;#;D
9;Perkembangbiakan tumbuhan yang dilakukan dengan cara menimbun bagian cabang yang tumbuh memanjang dalam permukaan tanah disebut ...;merunduk;okulasi;stek;mengenten;#;A
9;Jenis hewan di bawah ini yang cara berkembangbiaknya sama dengan tumbuhan pisang adalah ...;ganggang merah;ganggang hijau;amoeba;hydra;#;D
9;Protozoa bereproduksi dengan cara ...;fragmentasi;pertunasan;membelah diri;spora;#;C
9;Berikut ini hewan yang bekembangbiak dengan cara bertelur adalah ...;"itik, angsa, dan bebek";"hiu, ayam, dan cicak";"kera, bebek, dan ayam";"angsa, bebek, dan kelinci";#;A
9;Perkembangbiakan generatif pada tumbuhan hanya bisa terjadi pada tumbuhan yang memiliki ...;akar;daun;batang;bunga;#;D
9;Alat kelamin jantan pada bunga dinamakan ...;benang mahkota;mahkota bunga;putik;benang sari;#;D
9;Hewan di bawah ini yang dapat membantu penyerbukan pada tumbuhan yaitu ...;jangkrik;lebah;gajah;ayam;#;B
9;Berikut ini pernyataan yang benar tentang gen adalah ...;sebagai penentu sifat yang tidak diwariskan pada turunannya;merupakan satuan-satuan kecil penyusun kromosom;penentu sifat antara individu yang diwariskan kepada keturunannya;merupakan kumpulan dari kromosom;#;C
9;Sifat paling mencolok yang diturunkan oleh induk disebut ...;resesif;dominan;genotip;fenotip;#;B
9;Kromosom yang berfungsi untuk menentukan jenis kelamin suatu inividu disebut ...;gonosom;autosom;alel;haploid;#;A
9;Tokoh yang dikenal sebagai pelopor ilmu genetika adalah ...;Carolus Lineaus;Gregor Johann Mendel;Karl Landsteiner;Charles Robert Darwin;#;B
9;Jumlah kromosom tubuh pada manusia adalah ...;23;32;46;64;#;C
9;Sifat warna ungu dan buahnya manis merupakan contoh ...;genotipe;persilangan;fenotipe;mutasi;#;C
9;Persilangan dengan satu sifat beda disebut ...;hibridisasi;dihibrid;homozigot;monohibrid;#;D
9;"Mangga manis berbuah besar memiliki genotype MMBb, gamet untuk genotip tersebut adalah...";MB;Mb;"MB, Mb";"MB, Mb, mB, bb";#;C
9;Persilangan dua individu yang bersifat intermediet antara warna merah dan putih akan menghasilkan F2 dengan warna ...;"merah, merah muda, dan putih";merah muda dan merah;merah muda dan putih;merah dan putih;#;A
9;Rasio fenotip persilangan dihibrid adalah ...;1:02:01;3:01;1:03;9 : 3 : 3 : 1;#;D
9;Berikut ini yang merupakan alel homozigot resesif adalah ...;Mm;MM;mm;mM;#;C
9;"Pada persilangan monohibrid mawar merah (MM) dan mawar putih (mm) dihasilkan keturunan pertamanya mawar merah. Jika keturunan pertama disilangkan sesamanya, maka dihasilkan F2 sebanyak 48 bunga. Jumlah bunga yang berwarna putih pada F2 adalah ,,,,";1;3;12;36;#;C
9;Penyakit yang dapat diturunkan pada keturunannya adalah ...;buta warna dan hemophilia;hemofilia dan anemia;buta warna dan gagal ginjal;gagal ginjal dan anemia;#;A
9;"Berikut ini adalah tolok ukur atau indikator dalam penggolongan negara sebagai negara maju atau negara berkembang, kecuali...";pendapatan perkapita;jumlah penduduk miskin;angka melek huruf;angka pengangguran;#;B
9;"Dilihat dari segi kependudukan suatu negara, dikatakan sebagai negara berkembang bila ...";angka usia harapan hidup tinggi;angka pertumbuhan penduduk tinggi;penguasaan terhadap iptek tinggi;tingkat pendidikan cukup tinggi;#;B
9;Negara-negara di Asia yang dikelompokkan sebagai negara maju adalah ... .;Jepang dan Indonesia;Cina dan Malaysia;Jepang dan Korea Selatan;India dan Pakistan;#;C
9;Negara-negara berkembang sebagian besar berada di benua...;Amerika dan Eropa;Amerika dan Asia;Eropa dan Australia;Asia dan Afrika;#;D
9;Negara-negara yang tergabung dalam triple Entente pada Perang Dunia II lebih dikenal dengan sebutan blok...;Sentral;Sekutu;Barat;Timur;#;B
9;Sebab khusus Perang Dunia II di Eropa dimulai dengan...;serangan Jerman terhadap Polandia;serangan Jerman terhadap Perancis;serangan Inggris terhadap Jerman;serangan Italia terhadap Jerman;#;A
9;Berikut ini yang bukan termasuk sebab umum Perang Dunia II karena adanya...;politik aliansi/mencari kawan persekutuan;pertentangan-pertentangan akibat ekspansi;"pertentangan faham demokrasi, fasisme dan komunisme";LBB yang dapat berhasil melaksanakan tugasnya;#;D
9;Semangat chauvinistis yang digencarkan Jerman memiliki pengertian ... .;kesetiaan berlebihan pada negara sendiri;perlindungan negara terhadap rakyatnya;keamanan bagi sebuah negara;kemampuan ekonomi negara;#;A
9;Pandangan Jerman dan Italia yang membanggakan kekuatan militernya disebut...;irredente;chauvinisme;fasisme;merkantilisme;#;C
9;"Imperialisme Inggris, Perancis, dan Amerika Serikat mendapat tantangan dengan diumumkannya Jerman Raya, yang terkenal dengan istilah...";Kolonialisme;Italia Irredenta;Lebensraum;Revanche Idea;#;C
9;Perang Dunia II di Asia Pasifik disebabkan oleh serbuan Jepang terhadap...;"Pangkalan militer Inggris di Pearl Harbour, Hawai";"Pangkalan militer Amerika Serikat di Pearl Harbour, Hawai";Sekutu di kawasan Asia Timur;Sekutu di Asia Tenggara;#;B
9;"Berikut ini adalah medan Perang Dunia II, kecuali...";Eropa;Australia;Asia Pasifik;Afrika;#;B
9;"Setelah Perang Dunia II berakhir maka diadakanlah perjanjian perdamaian antara pihak pemenang dan yang kalah, perjanjian itu antara lain Konferensi Postdam yang diadakan antara...";Sekutu dengan Jerman;Sekutu dengan Jepang;Sekutu dengan Italia;Sekutu dengan Polandia;#;A
9;Akibat positif dari Perang Dunia II bagi bangsa Indonesia adalah...;Indonesia menjadi negara merdeka di bawah pengawasan Jepang;Indonesia masuk menjadi anggota PBB;penjajahan Belanda di Indonesia berakhir;penghapusan pengaruh-pengaruh Barat di kalangan rakyat Indonesia;#;D
9;"Kedatangan Jepang ke Indonesia semula disambut dengan suka cita oleh bangsa Indonesia, karena Jepang menganggap dirinya sebagai...";cahaya bagi bangsa Indonesia;pelindung bagi bangsa Asia;pemimpin bagi bangsa Asia;saudara tua bangsa Indonesia;#;D
9;Tujuan Jepang mengadakan propaganda dengan Gerakan 3A untuk...;menekan partai-partai politik di Indonesia;mendapat dukungan melawan sekutu;menghindari perlawanan rakyat Indonesia;melawan pemerintah kolonial Belanda;#;B
9;Tenaga kerja paksa yang dikerahkan oleh Jepang untuk membangun objek-objek vital disebut...;Romusha;Seinendan;Kerja Rodi;Fujinkai;#;A
9;"Untuk menghadapi perang Asia Timur Raya, pemerintahan pendudukan Jepang mendidik para pemuda yang berumur 18-25 tahun dan bertugas sebagai pembantu prajurit Jepang disebut ...";Keibodan;Seinendan;Heiho;PETA;#;C
9;Organisasi semi militer yang dibentuk oleh Jepang yang bertugas sebagai barisan wanita dinamakan...;Seinendan;Heiho;Fujinkai;Keibodan;#;C
9;"Pada masa pendudukan Jepang, hasil pertanian Indonesia mengalami kemerosotan karena ...";tanahnya semakin sempit;para petani menjadi romusha;kesuburan tanahnya berkurang;rakyat diwajibkan menanam jarak;#;B
9;"Berikut ini adalah tugas AFNEI di Indonesia, kecuali...";menerima penyerahan kekuasaan dari tangan Jepang;menyerahkan kekuasaan atas Indonesia kepada NICA;membebaskan para tawanan perang dan interniran Sekutu;menghimpun keterangan dan menuntut penjahat perang;#;B
9;Salah satu faktor yang meyebabkan terjadinya konflik antara Indonesia dengan Belanda setelah proklamasi kemerdekaan adalah...;Indonesia membantu Sekutu menghadapi Belanda;Indonesia membantu Jepang menghadapi Belanda;NICA membantu mengamankan Jepang;NICA berusaha mempersenjatai KNIL;#;D
9;Kedatangan pasukan Sekutu akhirnya disambut dengan perlawanan oleh rakyat Indonesia karena sekutu...;melucuti tentara Jepang;mengubah pemerintahan RI;membantu pasukan Jepang;membawa serta NICA;#;D
9;"Upaya menyelesaikan permasalahan Indonesia -- Belanda, PBB membentuk Komisi Tiga Negara yang terdiri dari...";"Amerika Serikat, Inggris, dan Austria";"Amerika Serikat, Belgia, dan Austria";"Amerika Serikat, Belgia, dan Australia";"Amerika Serikat, Inggris, dan Australia";#;C
9;"Komisi Tiga Negara berhasil mempertemukan Indonesia-Belanda dalam suatu perjanjian yang dikenal dengan perundingan Renville, akibatnya bagi Indonesia adalah...";wilayah Indonesia semakin luas;wilayah Indonesia semakin sempit;Belanda mengakui kedaulatan atas Republik Indonesia;Belanda menuntut penghapusan Negara Republik Indonesia Serikat;#;B
9;Suatu bukti bahwa pemerintah RI tetap tegak berdiri walaupun ibu kota RI dikuasai Belanda pada waktu Agresi Militer Belanda II adalah ...;Presiden Soekarno menjalankan pemerintahan dari pengasingan;ibu kota RI di Yogyakarta dikuasai Sri Sultan Hamengkubuwana IX;ibu kota RI dikembalikan dari Yogyakarta ke Jakarta;dibentuknya Pemerintahan Darurat RI di Bukittinggi Sumatera Barat;#;D
9;"Ketika Indonesia diakui kedaulatannya oleh Belanda pada tanggal 27 Desember 1949 dengan nama negara RIS, maka negara RI...";merupakan bagian dari negara RIS;dinyatakan telah bubar;masih tetap tegak berdiri sejajar RIS;tidak jelas statusnya;#;A
9;Komisi Perserikatan Bangsa-Bangsa untuk Indonesia (United Nations Commission for Indonesian atau UNCI) diberi tugas oleh PBB untuk...;melancarkan perundingan antara Indonesia dengan Belanda;melucuti tentara NICA yang berada di Indonesia;menggantikan tugas Komisi Tiga Negara;membentuk pemerintah darurat di Indonesia;#;A
9;"Sebagai penghargaan atas jasa para pahlawan di Surabaya yang mempertahankan tanah air Indonesia dari kekuasaan asing, maka tanggal 10 November ditetapkan sebagai hari...";kebangkitan nasional;kesaktian Pancasila;berkabung nasional;pahlawan;#;D
9;"Perang Puputan Margarana terjadi karena rakyat kecewa, Bali tidak termasuk wilayah RI. Keputusan ini merupakan hasil ...";perundingan Linggajati;konferensi Meja Bundar;perundingan Renville;persetujuan Roem -- Royen;#;A
9;Dampak Serangan umum 1 Maret 1949 bagi perjuangan diplomasi Indonesia di luar negeri adalah ...;dunia internasional mendukung penyerahan kedaulatan RIS;negara-negara simpatisan Indonesia memberi bantuan senjata;dukungan internasional terhadap masalah Indonesia meningkat;negara-negara di Eropa mendorong Belanda melepaskan Indonesia;#;C
9;Pemilu I tahun 1955 untuk memilih...;Anggota DPR dan MPR;Anggota DPR dan Konstituante;Anggota DPRS dan MPRS;Anggota DPRS dan konstituante;#;B
9;Alasan dikeluarkannya Dekrit Presiden 5 Juli 1959 yaitu ...;pembentukan MPRS dan DPAS;dibubarkannya badan konstituante;kembali berlakunya UUD 1945;badan konstituante gagal menyusun UUD;#;D
9;"Kabinet Natsir hanya memerintah selama 8 bulan, Natsir dijatuhkan karena...";dituduh terlalu condong ke Amerika Serikat;kegagalan berunding dengan Belanda masalah Irian Barat;timbulnya gerakan separatisme diberbagai daerah;persingan antara golongan agama dengan nasionalis;#;B
9;"Sejak tahun 1950 pemerintahan mulai tidak stabil, disebabkan oleh...";pergantian konstitusi RIS menjadi UUD S 1950;masa peralihan yang mendadak dari negara serikat;sistem pemerintahan parlementer;belum adanya DPR dan MPR;#;C
9;"Setelah dekrit presiden dikeluarkan pada 5 Juli 1959, DPAS dan MPR menjadikan Manifesto politik Republik Indonesia sebagai...";Garis-garis Besar Haluan Negara (GBHN);Anggaran Pendapatan dan Belanja Negara (APBN);senjata untuk menumpas gerakan separatis;acuan dalam pelaksanaan politik luar negeri;#;A
9;"Selain Indonesia, Negara yang memiliki kekayaan hutan terbesar di dunia adalah";Brazil dan Australia;Brazil dan Bangladesh;Brazil dan Zaeire;Brazil dan Colombia;#;C
9;Tari Pendet berasal dari daerah;Bali;Aceh;Jawa Timur;Sulawesi Tenggara;#;A
9;Negara yang pendapatan nasional per kapita-nya tinggi dikategorikan sebagai negara ...;maju;dunia ketiga;berkembang;gagal;#;A
9;Negara-negara yang sedang berkembang sering disebut juga dengan istilah negara ...;maju;dunia ketiga;industri;gagal;#;B
9;Negara maju yang sumber daya alamnya terbatas tetapi sumber daya manusianya berkualitas adalah.;Amerika Serikat;Australia;Jerman;Jepang;#;D
9;Negara-negara di Asia yang dikelompokkan sebagai negara maju adalah ...;Jepang dan Indonesia;India dan Pakistan;Cina dan Malaysia;Jepang dan Korea Selatan;#;D
9;Salah satu ciri utama kegiatan ekonomi negara-negara maju adalah adanya komersialisasi bidang pertanian. Yang bukan merupakan tujuan komersialisasi bidang pertanian adalah ...;ekspor;penggunaan bibit unggul;industri pertanian;mengisi lahan yang kosong;#;D
9;"Indonesia menyediakan jalur pelayaran internasional untuk dilewati kapal-kapal laut dari negara lain, yaitu.";Selat Sunda;Selat Bali;Selat Malaka;"Jawaban a,b, dan c benar";#;D
9;"Dalam bidang kependudukan, yang dapat dijadikan sebagai tolok ukur kemajuan suatu negara adalah ...";penduduknya padat di wilayah pedesaan;pendapatan per kapita tinggi;tingkat pengangguran tinggi;tingkat buta huruf tinggi;#;B
9;Negara di Asia Tenggara yang dikelompokkan sebagai negara industri baru adalah ...;Indonesia;Filipina;Myanmar;Singapura;#;D
9;"Berdasarkan ciri atau karakteristiknya, negara berikut tidak tergolong negara maju, yaitu.";Australia;Perancis;Kanada;India;#;D
9;Salah satu ciri utama negara berkembang dalam bidang pertanian adalah ...;berorientasi ekspor;sudah menggunakan mesinisasi;padat karya;padat modal;#;C
9;"Di bidang ketenagakerjaan, sebagian besar penduduk negara maju memiliki tenaga kerja ...";terdidik;tidak terdidik;terlatih;terdidik dan terlatih;#;D
9;Angka kematian bayi di negara berkembang dan negara terbelakang adalah ...;rendah;tinggi;sedang;rendah sekali;#;B
9;"Perang Pasifik yang menjadi bagian dari Perang Dunia II, yaitu diawali dengan peristiwa ...";pendudukan Saipan di Kepulauan Marina;penyerbuan Jepang terhadap semenanjung Korea;penyerbuan Jepang terhadap wilayah Asia Tenggara dan Cina;penyerangan Jepang atas pangkalan Angkatan Laut Amerika Serikat;#;D
9;Semangat chauvinistis yang digencarkan Jerman memiliki pengertian ...;kesetiaan berlebihan pada negara sendiri;perlindungan negara terhadap rakyatnya;keamanan bagi sebuah negara;kemampuan ekonomi negara;#;A
9;Kebijaksanaan kependudukan yang sering ditempuh oleh negara-negara berkembang pada umumnya adalah ...;menghambat kecepatan pertumbuhan penduduk;melaksanakan urbanisasi;menghapus kemelaratan;pembangunan di segala bidang;#;A
9;Pandangan Jerman dan Italia yang membanggakan kekuatan militernya disebut ...;fasisme;irredente;keamanan bagi suatu negara;merkantilisme;#;A
9;Tujuan diberlakukannya sistem ekonomi Gerakan Benteng adalah...;memajukan perusahaan daerah;memberikan kredit lunak untuk para pengusaha pribumi;melindungi pengusaha pribumi dari persaingan dengan pengusaha nonpribumi;memberikan fasilitas bea ekspor bagi pengusaha non pribumi;#;C
9;Salah satu isi Perjanjian Postdam 1945 adalah ...;diliterisasi angkatan perang Jerman;penyerahan Pulau Kuriel dan Sakhalin kepada Rusia;mengadili semua tokoh fasis yang dianggap sebagai penjahat perang;pengawasan Italia oleh pasukan Amerika Serikat;#;A
9;Beberapa negara blok fasis yang terlibat dalam Perang Dunia II antara lain ...;"Jerman, Italia, Belgia";"Italia, Jerman, Inggris";"Jerman, Italia, Jepang";"Jerman, Prancis, Inggris";#;C
9;Salah satu hasil yang tertuang dalam Perjanjian San Fransisco 1952 antara lain ...;Jepang harus membayar biaya perang kepada Sekutu;Jepang harus memberikan kemerdekaan kepada semua bekas wilayah jajahannya;mengadili semua penjahat perang;Jepang harus memperbaiki kerusakan pangkalan Angkatan Laut Amerika Serikat;#;A
9;Beberapa pulau di Indonesia yang termasuk wilayah I ketika pendudukan Jepang antara lain ...;Jawa dan Madura;Sumatera dan Jawa;Kalimantan dan Sulawesi;Sumatera dan Kalimantan;#;A
9;Barisan pelajar sekolah lanjutan bentukan pemerintah pendudukan Jepang di Indonesia adalah ...;seinendan;keibodan;gakutokai;jawa hokokai;#;C
9;Gerakan Tiga A dipimpin oleh...;Ir. Soekarno;Syahrir;K.H. Mas Mansyur;Mr. Syamsudin;#;D
9;"Pada tanggal 8 Maret 1942, pemerintah Hindia Belanda menyerah kepada Jepang di ...";Karawang;Kalijati;Tuntang;Tasikmalaya;#;B
9;"Pada tanggal 8 Desember 1941, Jepang menyerang Pearl Harbour di Hawaii, sebuah pangkalan laut milik negara ...";Inggris;Belanda;Amerika Serikat;Jerman;#;C
9;"Setelah Gerakan Tiga A dianggap tidak menguntungkan, maka organisasi tersebut oleh Jepang dibubarkan. Sebagai gantinya dibentuk organisasi ...";Putera;Parindra;MIAI;Masyumi;#;A
9;Salah satu organisasi keagamaan yang dibiarkan berkembang oleh Jepang adalah ...;MIAI;Muhamadiyah;Masyumi;Nahdlatul Ulama;#;A
9;"Perhatikan pernyataan berikut! 1). Diperkenalkan oleh Menteri Perekonomian Iskaq Cokroadisuryo pada masa Kabinet Ali Sastroamijoyo I tahun 1954 2). Bentuk kerja sama ekonomi antara pengusaha pribumi dan nonpribumi. 3). Menekankan pada kebijakan Indonesianisasi yang mendorong tumbuh dan berkembangnya pengusaha-pengusaha swasta nasional pribumi. Sistem ekonomi yang sesuai dengan pernyataan tersebut, ialah ...";sistem ekonomi Gerakan Benteng;sistem ekonomi Rencana Soemitro;sistem ekonomi Ali-Baba;system ekonomi Gunting Syafrudin;#;C
9;"Pemimpin-pemimpin di bawah ini pada mulanya melakukan taktik kooperasi dengan pemerintah Jepang, kecuali ...";Ir Soekarno;Drs. Moh. Hatta;Sutan Syahrir;Mr. Achmad Subarjo;#;C
9;Tujuan Jepang membentuk Seinendan adalah ...;melatih para pemuda agar dapat mempertahankan tanah airnya dengan kekuatan sendiri;melatih para pemuda agar pandai mengolah kekayaan alam;melatih para pemuda agar mahir menggunakan senjata;melatih para pemuda untuk berperang;#;A
9;Ciri suatu Negara maju ialah kecuali ...;pertumbuhan penduduk kecil;angka kematian bayi besar;pendapatan rata-rata tinggi;sebagian besar penduduk tinggal di perkotan;#;B
9;Yang termasuk Negara maju ialah ....;Kenya;Kanada;Argentina;Belize;#;B
9;Aktivitas utama negara maju umumnya didominasi oleh ...;pertanian;perternakan;industri;pertambangan;#;C
9;Masalah utama negara sedang berkembang adalah ....;SDM rendah;sarana terbatas;kekurangan SDA;penduduk banyak;#;A
9;"Benua di bawah ini secara umum termasuk banyak di huni negara berkembang, kecuali ...";Amerika Selatan;Amerika Utara;Afrika;Asia;#;B
9;"Pembangunan dilaksanakan secara terus menerus, karena ....";kebutuhan manusia senantiasa berkembang;setiap negara terus bersaing;penduduk terus bertambah;teknologi terus berkembang;#;A
9;Sebab khusus terjadinya perang Dunia 1 ialah terbunuhnya putra mahkota kerajaan Austria yang bernama :;Sarajevo;Ferdinand Marcos;Franz Ferdinand;Gavrilo Prinziple;#;C
9;Yang bukan anggota Triple Aliance (blok sentral) pada Perang dunia I ialah :;Jerman;Austria;Rusia;Italia;#;C
9;Pertempuran antara Perancis dibantu Inggris melawan Jerman disepanjang aliran Sungai Marne dikenal dengan :;Perang sungai;Revancheidee;Perang air hangat;Perang Parit;#;D
9;Keterlibatan Amerika Serikat dalam Perang Dunia I memihak Sekutu karena ...;Daerahnya diserang oleh pasukan Jerman;kapal Lusitania di tenggelamkan oleh kapal torpedo Jerman;berkeinginan mendapatkan keuntungan ekonomi;mengetahui kondisi pasukan Jerman sudah lemah;#;B
9;Berakhirnya Perang Dunia I di tandai dengan penandatangan perjanjian Jerman dengan pihak sekutu tgl 11 Nopember 1918 yang disebut perjanjian :;Versailes;Linggajati;Wilsons Fouten Point;Sevres;#;A
9;Sebab khusus terjadinya Perang Dunia II ialah :;Penyerangan Jerman terhadap Polandia;Jerman melanggar perjanjian Sevres;Politik balas dendam Jerman;Perebutan tanah jajahan;#;A
9;Fasisme Italia dipimpin oleh ...;Mussolini;Hitler;Himmler;Badoglio;#;A
9;Gestapo ialah :;Polisi perang Negara jerman;Suatu gerakan tanpa politik di Jerman;Polisi rahasia Negara Jerman;Gerakan anti Fasisme di Italia;#;C
9;Jumlah negara yang ikut menyaksikan penanda tanganan piagam perdamaian di Konferensi San Fransisco dan menjadi anggota awal dari berdirinya PBB ...;50 negara;40 negara;30 negara;20 negara;#;A
9;Keterlibatan Jepang dalam Perang Dunia II ditandai dengan ...;penyerangan terhadap Pearl Harbour;kemenangan Jepang atas Rusia 1905;pendudukan atas Indonesia;keberhasilan mendesak Amerika dari Filipina;#;A
9;Yang bukan merupakan semboyan Gerakan 3A adalah ...;Nippon Cahaya Asia;Nippon Pemimpin Asia;Nippon Pelindung Asia;Nippon Pembimbing Asia;#;D
9;Jepang berusaha menanamkan diri para pemuda Indonesia memiliki ...;Jiwa Kebebasan;Jiwa Kemerdekaan;Jiwa Ksatria;Jiwa Kejujuran;#;C
9;Pengaruh pendudukan Jepang melahirkan sikap kooperasi dalam pergerakan kebangsaan Indonesia Hal ini ditandai dengan terbentuknya Organisasi yang bersikap kooperasi ialah :;Fujinkai;Kenpeitai;Romusha;Putera;#;D
9;Bentuk perlawanan terhadap pendudukan Jepang yang terbesar ialah :;Perlawanan PETA di Blitar;Pertempuran rakyat Aceh;Perpempuran di Sukamannah (Singaparna);Perlawanan di Indramayu jawa barat;#;A
9;Jepang menyerah tanpa syarat pada Sekutu pada tanggal ...;9 Agustus 1945;10 Agustus 1945;12 Agustus 1945;14 Agustus 1945;#;D
9;Yang pertama diangkat sebagai Menteri Keamanan Rakyat setelah proklamasi kemerdekaan ...;Panglima besar Soedirman;Soeprijadi;Jendral Oerip Soemahardjo;A.H Nasution;#;B
9;Pasukan Sekutu masuk ke Indonesia pada 29 September 1945 dipimpin oleh ...;Brigjen Mallaby;Letjen Philip Christison;Jend Douglas Mac Arthur;Mountbatten;#;B
9;Hari infantri tanggal 15 Desember sebagai perwujudan pertempuran TKR melawan tentara Sekutudan NICA pada peristiwa ...;Medan Area;Puputan Margarana;Palagan Ambarawa;peristiwa 10 Nopember 1945;#;C
9;Salah satu faktor penyebab terjadinya konflik antara Indonesia Belanda adalah ...;Belanda membonceng NICA;Belanda ingin berkuasa kembali;Belanda berhasil mengalahkan Jepang;Sekutu membantu Belanda;#;A
9;"Perundingan Linggajati antara RI dengan Belanda tanggal 25 Maret 1947 dicapai persetujuan sebagai berikut, kecuali ...";"Belanda mengakui RI de facto atas Jawa, Madura, Sumatera";RI dan Belanda akan membentuk NIS;Belanda bebas bergerak di luar de facto RI;RIS dan Belanda akan membentuk UNI;#;C
9;Peran dunia internasional yang ditunjukkan oleh bangsa India untuk membantu penyelesaian konflik Indonesia Belanda adalah ...;membantu obat-obatan;mengecam tindakkan agresi militer Belanda;merespon serangan Belanda dengan mengadakan Konferensi Asia di New Delhi;memberi ucapan selamat atas pengakuan kedaulatan Indonesia;#;C
9;"Anggota KTN yang dibentuk PBB menangani masalah RI dengan Belanda setelah Agresi Militer Belanda I adalah, kecuali ...";Australia;Amerika Serikat;Belgia;Inggris;#;D
9;Melalui KTN terjadi perundingan Indonesia dengan Belanda yang lebih menguntungkan Belanda dan mempersempit wilayah Indonesia. Perjanjian perantara KTN ini dikenal dengan perjanjian : ...;Roem Royen;Renville;Sevres;KMB;#;B
9;Perlawanan rakyat Bali pimpinan I Gusti Ngurah Rai melawan masuknya NICA pada April 1946 dikenal dengan nama .....;Puputan Badung;Puputan Margarana;Puputan Buleleng;Puputan Karangasem;#;B
9;Peristiwa Serangan Umum I Maret 1949 memiliki arti yang sangat penting bagi Indonesia yaitu : kecuali ...;Membuka mata dunia keberadaan TNI dan RI;Meningkatkan moral dan semangat juang gerilyawan;Memperkuat dan mendukung perjuangan diplomasi Indonesia;Membaggakan dan menyombongkan ke mata dunia kekuatan TNI;#;D
9;Pemerintah Darurat RI yang didirikan di Sumatera Barat setelah Agresi Belanda II dipimpin oleh...;Amir Syarifudin;Syarifudin Prawiranegara;AA Maramis;Dr Sudarsono;#;B
9;Wilayah Irian Barat yang dikuasai Belanda akan dibicarakan setahun setelah pengakuan kedaulatan berdasarkan isi ...;persetujuan KMB;perundingan Linggarjati;perundingan Renville;persetujuan Roem Royen;#;A
9;Perubahan yang berlangsung cepat dan dalam waktu yang singkat disebut perubahan :....;Revolusioner;Evolusioner;Rehabilitasi;Rekontruksi;#;A
9;Bangun datar yang sebangun dengan persegi panjang berukuran 3 cm x 4 cm adalah ...;permukaan buku yang berukuran 15 cm x 20 cm;permukaan ubin (keramik) yang berukuran 20 cm x 25 cm;permukaan meja yang berukuran 50 cm x 100 cm;figura foto yang berukuran 40 cm x 60 cm;#;A
9;Bangun-bangun berikut yang pasti sebangun adalah ...;dua segitiga samasisi;dua segitiga samakaki;dua segitiga siku-siku;dua segitiga tumpul;#;A
9;"Diketahui ? PQR dan ? XYZ kongruen dengan ĞP =ĞX dan ĞQ =ĞY jika panjang sisi PQ = 7 cm, QR = 12 cm dan PR = 15 cm, maka panjang sisi XY dan YZ berturut-turut = ...";7 cm dan 12 cm;12 cm dan 15 cm;7 cm dan 15 cm;15 cm dan 7 cm;#;A
9;Perhatikan pernyataan-pernyataan berikut : (i) Ketiga sisi yang bersesuaian sama panjang. (ii) Ketiga sudut yang bersesuaian sama besar. (iii) Dua sisi yang bersesuaian sama panjang dan satu sudut yang diapitnya sama besar. Pernyataan yang merupakan syarat dua segitiga pasti kongruen adalah ...;(i) dan (ii);(i) dan (iii);(ii) dan (iii);"(i), (ii) dan (iii)";#;B
9;"Sebuah foto dipasang pada sehelai karton yang berukuran 40 cm x 50 cm. Di sebelah kiri, atas dan kanan foto masih terdapat sisa karton yang lebarnya 4 cm. Jika foto dan karton sebangun, maka lebar karton di bagian bawah foto adalah ...";5 cm;6 cm;7 cm;8 cm;#;B
9;"Sebuah kaleng tempat biskuit berbentuk tabung dengan panjang jari-jari alasnya 5 cm dan tinggi 15 cm, jika seluruh permukaan kaleng akan dibungkus dengan kertas kado, maka luas minimal kertas kado yang diperlukan adalah ...";314 cm2;471 cm2;628 cm2;942 cm2;#;C
9;"Balon udara berbentuk bola dengan diameter 6 m terbuat dari bahan parasut. Jika p = 3,14, maka luas bahan parasut yang diperlukan untuk balon itu adalah ...";"28,26 m2";"56,52 m2";"84,78 m2";"113,04 m2";#;D
9;"Luas selimut suatu tabung 1.320 cm2, tingginya 21 cm dan p = . Panjang jari-jarinya adalah ...";8 cm;10 cm;12 cm;15 cm;#;B
9;"Luas selimut suatu kerucut 188,4 cm2 dan jari-jari alasnya 6 cm dengan p = 3,14, tinggi kerucut itu adalah ...";8 cm;10 cm;15 cm;24 cm;#;A
9;Luas permukaan sebuah bola 616 cm2 dan p = . Panjang jari-jari bola adalah ...;7 cm;10 cm;14 cm;21 cm;#;A
9;Sebuah tabung berisi air 616 cm3 yaitu bagian dari volumenya. Volume tabung itu adalah ...;942 cm3;1.232 cm3;1.540 cm3;1.848 cm3;#;D
9;"Luas selimut suatu kerucut 550 cm2, panjang garis pelukisnya 25 cm dan p = . Volume kerucut itu adalah ...";942 cm3;1.232 cm3;1.540 cm3;1.848 cm3;#;B
9;"Sebuah drum minyak berbentuk tabung dengan volume 942 liter dan jari-jari alasnya 5 dm. Jika p = 3.14, maka tinggi drum itu adalah ...";12 dm;15 dm;20 dm;250 dm;#;A
9;"Perbandingan panjang jari-jari dua buah tabung 1 : 2. Jika tingginya sama, maka perbandingan volumenya adalah ...";1:08;1:06;1:04;1:02;#;C
9;"Sebuah tumpeng berbentuk kerucut, panjang jari-jari alasnya 15 cm dan tinggi 42 cm. Jika berat 1 cm3 nasi tumpeng = 0,5 gram dan p = 3.14, maka berat tumpeng itu adalah ... (1 kg = 1.000 gram)";"3,65 kg";"3,75 kg";"4,50 kg";"4,95 kg";#;D
9;Luas selimut tabung yang volumenya 5.024 cm3 dan tingginya 25 cm adalah ...;1.256 cm2;1.884 cm2;2.512 cm2;3.140 cm2;#;A
9;"Kubah sebuah Masjid berbentuk setengah bola dengan diameter 7 meter. Kubah itu akan dicat warna hijau pada bagian luarnya saja. Jika 1 kg cat dapat mengecat seluas 5 m2, maka cat yang dibutuhkan seberat ...";"30,4 kg";"30,8 kg";"32,6 kg";"32,8 kg";#;B
9;Pernyataan yang merupakan contoh suatu sampel adalah ...;sebagian besar siswa SMP di Kabupaten Indramayu ke sekolah menggunakan kendaraan umum;hasil panen gabah di Kabupaten Indramayu rata-rata 8 ton per hektare;"pengambilan beras dari bagian bawah, tengah dan atas karung untuk mengetahui kondisi beras di dalam karung";banyaknya kendaraan yang lewat dijalur pantura rata-rata 20 kendaraan per menit;#;C
9;Proses pemungutan suara pada pemilihan Kuwu hingga penentuan pemenang sebagai Kuwu suatu Desa. Cara mengumpulkan data yang dilakukan adalah ...;mencacah;mencatat dengan tally mark/turus;mengukur;membilang;#;A
9;"Hasil pengukuran berat badan 15 siswa (dalam kg) adalah 36, 42, 56, 48, 60, 55, 58, 60, 35, 56, 45, 60, 62, 49, 50. Jangkauan dari data tersebut adalah ...";27;25;24;14;#;A
9;"Median dari data 6, 5, 4, 7, 8, 4, 8, 10, 5, 9, 5, 9, 6, 8, adalah ...";8;"7,5";7;"6,5";#;D
9;"Modus dari data 36, 36, 37, 37, 37, 38, 38, 38, 38, 39, 39, 39, 40, 40, 41, 41 adalah";36;38;40;41;#;B
9;"Nilai rata-rata ulangan matematika dari 15 anak adalah 63. Jika nilai Arman disertakan, maka rata-ratanya menjadi 65. Nilai ulangan matematika Arman adalah ...";95;85;80;70;#;A
9;Tiga keping uang logam dilambungkan secara bersamaan. Banyak anggota titik sampel adalah;3;6;8;9;#;C
9;Sebuah dadu bersisi enam ditos satu kali. Ruang sampelnya adalah ...;"{ 1, 3, 5 }";"{ 2, 4, 6 }";"{ 2, 3, 5 }";"{ 1, 2, 3, 4, 5, 6 }";#;D
9;"Dari 900 kali percobaan pelemparan dua buah dadu secara bersama-sama, frekuensi harapan munculnya mata dadu berjumlah 5 adalah ...";300 kali;225 kali;180 kali;100 kali;#;D
9;Syarat dua bangun datar dikatakan kongruen adalah ...;Sisi-sisinya sama panjang;Sudut-sudutnya sama besar;Sisinya sama panjang dan susudtnya tidak;Sisinya sama panjang dan sudutnya sama besar;#;D
9;Panjang bayangan sebuah tiang bendera yang tingginya 20 m karena sinar matahari adalah 35 m. Maka panjang bayangan pohon yang tingginya 16 m adalah ...;30 m;28 m;36 m;27 m;#;B
9;Hasil dari (64)-1/3 adalah...;01-Aug;01-Apr;8;4;#;B
9;Bentuk sederhana dari v300 adalah...;10v3;20v3;30v3;40v3;#;A
9;Hasil dari (1/3)3 x 243 : 1/92 =...;36;35;34;33;#;A
9;Nilai dari (v32)1/5 adalah...;5;4;3;2;#;D
9;"Susunan bilangan ?125, 5v243, ?16 dari kecil ke besar adalah...";"?125, 5v243, ?16";"?125, ?16, 5v243";"?16, 5v243, ?125";"?16, ?125, 5v243";#;D
9;Bentuk baku dari 23.080.000 adalah...;"2,308 x 108";"2,308 x 107";"2,38 x 108";"2,38 x 107";#;B
9;Hasil dari v175+4v7-v63 adalah...;6v7;5v7;4v7;3v7;#;A
9;"Jika 39-3x = 27, maka nilai x yang memenuhi adalah...";2;3;4;5;#;A
9;"Jika 3-x+2 = 1/81, maka nilai x yang memenuhi adalah...";-2;-6;2;6;#;B
9;Diketahui a =2v3+ v5 dan b =3v5- v3. Nilai ab= ...;5v15+9;5v15+21;5v15-9;5v15-21;#;B
9;Diketahui p x (3v2-v6) = 12. Nilai p yang memenuhi adalah...;3v6+v2;3v6-v2;3v2+v6;3v2-v6;#;C
9;Tentukan luas sebuah persegi jika diketahui panjang sisinya (3v6-2) cm.;58 + 12v6;58 - 12v6;58 + 6v6;58 - 12v6;#;B
9;Sebuah belah ketupat memiliki panjang diagonal (3v5)cm dan(2v5)cm. Luas belah ketupat tersebut adalah...;12 cm2;13 cm2;14 cm2;15 cm2;#;D
9;"Panjang rusuk suatu kubus (3+4v2) cm, volume kubus tersebut adalah...cm3.";315 + 236v2;236 + 315v2;315 - 236v2;236 - 315v2;#;A
9;"Tiga suku berikutnya dari barisan bilangan 6, 9, 11, 12, ... adalah ...";"11, 9, 6";"12, 11, 9";"13, 14, 15";"13, 14, 16";#;B
9;"Suku ke-10 dari barisan bilangan : 1, 3, 6, 10, ... adalah ...";66;55;45;19;#;B
9;Suku ke-3 dan suku ke-7 dari barisan aritmatika adalah 10 dan 26. Suku ke-21 dari barisan tersebut adalah ...;99;96;88;82;#;D
9;Suku ke-3 dan ke-6 dari barisan bilangan geometri adalah 8 dan 64. Suku ke-11 dari barisan tersebut adalah ...;-2.028;-1.024;1.024;2.048;#;D
9;Bentuk berikut adalah susunan dari potongan lidi. Banyaknya potongan lidi untuk membuat pola ke-5 adalah ...;45;42;40;36;#;A
9;Banyak segitiga pada pola ke-6 adalah ...;6;10;15;21;#;D
9;"Seorang pedagang beras mampu menjual 180 kg pada hari pertama, 185 kg pada hari kedua, 190 kg pada hari ketiga dan seterusnya. Jika harga 1 kg beras adalah Rp6.000,00, maka pendapatan yang diperoleh pada hari ke-10 adalah ...";"Rp1.350.000,00";"Rp1.380.000,00";"Rp1.480.000,00";"Rp1.650.000,00";#;A
9;Suatu keluarga mempunyai 4 orang anak yang usianya membentuk barisan geometri. Usia anak pertama 27 tahun dan usia anak ke-tiga 12 tahun. Usia anak yang ke-empat adalah ...;10 tahun;8 tahun;6 tahun;4 tahun;#;B
9;Jumlah 35 suku yang pertama dari : 1 + 4 + 7 + 10 + 13 + ... adalah ...;1.820;1.817;1.814;1.804;#;A
9;Jumlah 10 suku yang pertama dari : 2 + 4 + 8 + 16 + 32 + ... adalah ...;10.240;2.048;2.046;1.024;#;C
9;Suku ke-4 dan ke-8 dari deret aritmatika adalah 24 dan 8. Jumlah 60 suku pertama dari deret itu adalah ...;4.956;4.920;-4.920;-4.956;#;C
9;Suku ke-4 dan ke-7 dari deret geometri adalah 24 dan 192. Jumlah 9 suku pertama deret itu adalah ...;1.533;1.523;1.139;760;#;A
9;Jumlah bilangan kelipatan 4 dari 100 sampai 300 adalah ...;3.600;3.700;3.800;3.900;#;C
9;Jumlah bilangan kelipatan 6 antara 200 dan 300 adalah ...;498;3.984;4.482;7.968;#;B
9;"Di dalam suatu kelas terdapat 36 siswa. Jika semua siswa saling berjabat tangan, maka banyak jabat tangan yang terjadi adalah ...";36;72;630;666;#;C
9;"Selembar papan dengan tebal 1 cm dipotong menjadi 2 dan ditumpuk,tumpukan tersebut dipotong lagi menjadi 2 tumpuk dan ditumpuk lagi, demikian seterusnya. Tinggi tumpukan papan setelah pemotongan ke-5 adalah ...";10 cm;32 cm;62 cm;64 cm;#;B
9;Organisasi sepakbola yang pertama kali berdiri adalah...;Persatuan sepakbola seluruh indosia ( PSSI );Federation International de Fooball Asosociattion ( FIFA );Football Associattion (FA);Ac Milan;#;C
9;Organisasi sepakbola pertama berdiri pada tanggal...;26 Oktober 1863;26 Oktober 1871;07 Oktober 1981;05 Oktober 1945;#;A
9;Lama waktu pertandingan sepakbola adalah...;2 kali 35 menit;2 kali 40 menit;2 kali 45 menit;2 kali 50 menit;#;C
9;Menyundul bola yang baik adalah menggunakan...;Bagian atas kepala;Bagian belakang kepala;Leher;Dahi;#;D
9;Posisi bola dan kaki yang benar saat melakukan teknik menggiring bola dalam permainan sepakbola adalah...;Jauh dari kaki;Dekat dengan badan;Jauh dari badan;Dekat dengan kaki;#;D
9;"Menggiring bola dapat dilakukan dengan menggunakan, kecuali...";Kaki bagian dalam;Kaki bagian luar;Kaki bagian belakang;Punggung kaki;#;C
9;Berapa jumlah pemain bola voli satu regu?;2 orang;3 orang;5 orang;6 orang;#;D
9;PBVSI adalah induk organisasi olahraga nasional dalam cabang...;Senam;Bola voli;Tenis meja;Pencak silat;#;B
9;Tugas libero dalam permainan bola voli adalah...;Menerima service;Melakukan smash;Menghadang serangan;Melakukan service;#;A
9;Posisi kedua lengan saat membendung bolavoli adalah...;Kesamping selebar bahu;Kedepan selebar diameter bola;Keatas selebar diameter bola;Keatas dirapatkan;#;D
9;Posisi jari tangan yang benar saat melakukan passing atas adalah...;Dirapatkan;Direnggangkan;Ditekuk;Dikepalkan;#;B
9;Menembak sambil meloncat dalam permainan bola basket dapat dilakukan dengan...;Satu tangan;Dua tangan;Siku naik ke atas;Pergelangan tangan;#;A
9;Dalam pertandingan bola basket keputusan mutlak ada di tangan...;Kedua pelatih;Kedua wasit;Dewan hakim;Panitia pertandingan;#;B
9;Jumlah langkah yang dilakukan saat melakukan lay-up shoot bola basket adalah...;Dua langkah;Tiga langkah;Empat langkah;Lima langkah;#;A
9;Bentuk gerakan tangan saat memantul-mantulkan bola basket adalah...;Mendorong bola kebelakang bawah;Memukul bola kedepan bawah;Memutar bola kedepan bawah;Mendorong bola kedepan bawah;#;D
9;Game dalam permainan bulu tangkis adalah...;Angka 21;Angka 22;Angka 23;Angka 24;#;A
9;Arah bola yang benar hasil service forehand panjang pada permainan bulutangkis adalah...;Melambung tinggi dan bola jatuh di dekat garis service;Melambung tinggi dan bola jatuh jauh di belakang garis service;Datar dan bola bola jatuh di belakanggaris lapangan;Datar dan bola jatuh di depan garis service;#;A
9;Akhir gerakan lengan setelah melakukan pukulan backhand permainan bulutangkis adalah...;Lurus ke samping;Lurus ke atas;Lurus ke depan;Lurus ke belakang;#;B
9;Tehnik dasar yang pertama kali dalam lompat jauh adalah...;Lari;Awalan;Lompat;Mendarat;#;B
9;"Berikut ini teknik dasar dalam lompat jauh, kecuali...";Lari;Awalan;Tolakan;Mendarat;#;A
9;Sikap mendarat yang benar pada bak lompat jauh adalah...;Telungkup dan pandangan ke depan;Telentang dan pandangan ke depan;Jongkok dan pandangan ke depan;Telentang dan pandangan ke belakang;#;C
9;Tehnik dasar awalan lompat jauh adalah...;Lari secepatnya kemudian pelan;Lari pelan dulu kemudian lari secepatnya;Lari pelan-pelan;Lari sekuatnya;#;B
9;Lompat jauh gaya berjalan di udara disebut juga dengan gaya...;Tuck;Scinepper/ hang style;Walking in the air;Floop;#;C
9;Kecepatan yang diperoleh dari hasil awalan berguna untuk membawa kekuatan pada waktu melakukan...;Tolakan ke depan;Tolakan ke samping;Tolakan yang maksimal;Tolakan ke atas;#;C
9;Latihan yang berfungsi untuk meningkatkan daya tahan jantung dan paru disebut...;Aerobic;Fitness;Gymnastic;Cardiovasculer endurance;#;D
9;Latihan daya tahan cardiovasculer dapat dilakukan dengan...;Sit-up;Tes lari 12 menit;Phus-up;Pull-up;#;B
9;Nomor lari yang biasa digunakan untuk mengukur kebugaran jasmani seseorang adalah...;800 m;1500 m;2400 m;3000 m;#;C
9;Contoh latihan kekuatan perut adalah...;Push-up;Sit-up;Pull-up;Back-up;#;B
9;Contoh latihan kekuatan punggung adalah...;Push-up;Sit-up;Pull-up;Back-up;#;D
9;"Apabila siswa kelas 3 MTs lari naik turun tangga selama 5 menit, termasuk latihan...";Kekuatan;Kelincahan;Daya tahan;Kelentukan;#;C
9;Push-up tujuhanya adalah untuk kekuatan otot...;Punggung;Dada;Lengan dan bahu;Leher;#;C
9;Sikap awal yang benar saat akan melakukan sit-up adalah...;Terlentang;Duduk;Telungkup;Berdiri;#;A
9;Sutlle-run atau lari bolak-balik tujuhanya adalah untuk melatih...;Kekuatan;Kelincahan;Keseimbangan;Kelentukan;#;B
9;"Unsur-unsur dalam pencak silat, kecuali...";Unsur olahraga;Unsur kesenian;Unsur pendidikan;Unsur kerohanian;#;D
9;Ciri khusus dalam pencak silat adalah...;Sikap tenang dan rileks;Memanfaatkan kelemahan lawan;Menggunakan tenaga sendiri;Menggunakan pernafasan yang wajar;#;B
9;Pukulan yang digunakan untuk mengawali pertandingan bulu tangkis adalah...;Pukulan chop;Pukulan dropshot;Pukulan service;Pukulan smash;#;C
9;Pukulan tinggi jauh kebelakang dalam permainan bulutangkis disebut pukulan...;Pukulan chop;Puklan dropshot;Pukulan service;Pukulan lob;#;D
9;Kontak raket dengan bola saat melakukan service forehand pendek pada permainan bulutangkis adalah...;Pada ketinggian pinggang;Pada ketinggian lutut;Pada ketinggian dada;Pada ketinggian kepala;#;B
9;Anggota tubuh yang jatuh pertama kali saat melakukan roll belakang adalah...;Kepala;Tengkuk;Kaki;Pantat;#;B
9;Posisi kaki saat akan melakukan roll depan adalah...;Salah satu kaki diangkat;Kedua kaki rapat;Kaki ditekuk;Kedua kaki dibuka;#;C
9;Ada berapa gaya renang yang sering diperlombakan?;2 gaya;3 gaya;4 gaya;5 gaya;#;C
9;Kesalahan-kesalahan umum yang sering dilakukan dalam renang gaya punggung adalah...;Sikap badan tidak sejajar dengan air;Sikap badan sejajar dengan air;Badan rilek;Posisi badan rata-rata air;#;A
9;Induk organisasi renang di Indonesia adalah...;PSSI;PRSI;PBSI;PASI;#;B
9;Pada tahun berapa organisasi renang di Indonesia berdiri;1951;1965;1970;1972;#;A
9;Induk organisasi renang dunia dinamakan...;FIFA;IAAF;ITF;FINA;#;D
9;Penyebab kebakaran kelas A adalah...;Benda cair;Benda gas;Benda padat;Hubungan pendek arus listrik;#;C
9;"Dibawah ini benda-benda yang mudah terbakar, kecuali...";Kayu;Bahan kimia;Besi;Plastik;#;C
9;Dibawah ini yang bukan merupakan bahaya kebakaran adalah...;Asap;Suhu tinggi;Dingin;Gas beracun;#;C
9;Peralatan pencegahan kebakaran adalah...;Detektor asap;Korek api;Bensin;Minyak tanah;#;A
9;Selain faktor manusia penyebab terjadinya kebakaran adalah...;Faktor hewan;Faktor alam;Faktor buatan;Faktor hutan;#;B
9;Pada permainan sepak bola tendangan melengkung merupakan hasil tendangan ...;kaki bagian luar;punggung kaki;kaki bagian dalam;tumit;#;A
9;"Bagian tubuh yang dapat digunakan untuk menahan pada permainan sepak bola seperti di bawah ini, kecuali ...";dada;paha;punggung;kaki bagian dalam;#;D
9;"Menggiring pada permainan sepak bola dapat dilakukan dengan menggunakan kaki seperti di bawah ini, kecuali...";kaki bagian luar;punggung kaki;kaki bagian dalam;tumit;#;D
9;"Pada permainan bola voli merapatkan kedua lengan di depan badan dan saling berpegangan, mendorong ke dua lengan kearah datangnya bola adalah cara ...";pasing atas;smash;blocking;pasing bawah;#;D
9;"Pukulan keras, tajam, dan menukik dalam bola voli disebut ...";umpan;smash;bloking;service;#;B
9;Suatu teknik bertahan bertujuan untuk mematahkan serangan dalam bola voli disebut ...;umpan;smash;bloking;service;#;C
9;Setiap orang mempunyai tugas khusus menjaga seorang lawan adalah ciri sistempertahanan ...;defence;zona defence;ofence;man to man marking;#;D
9;Lamanya permainan bola basket yaitu ...;4 X 10 menit;4 X 15 menit;2 X 45 menit;2 X 20 menit;#;A
9;Dalam bola basket setiap satu tembakan hukuman yang masuk skor bertambah ... poin;4 poin;3 poin;2 poin;1 poin;#;D
9;Membawa bola dengan cara dipantul pantulkan ke lantai dengan satu tangan dalam bolabasket disebut ...;shoting;lay up shot;bloking;dribling;#;D
9;Pukulan dari sebelah kanan dalam permainan bulu tangkis ...;Back hand;Smash;Fore hand;Lop;#;C
9;Permulaan permainan dalam permainan bulu tangkis dilakukan pukulan ...;Back hand;Smash;Fore hand;Service;#;D
9;Permainan bulu tangkis ditentukan oleh ...;Waktu;Poin;Wasit;Nilai;#;B
9;Salah satu pemain bulu tangkis Indonesia yang terkenal adalah ...;Simon Santoso;Bambang Pamungkas;Andik Kurniawan;Elvira Nasution;#;A
9;Permainan bulu tangkis dua lawan dua disebut ...;Single;Ganda campuran;Double;Ganda putra;#;C
9;Permainan bola basket diawali dengan ...;Mengoper bola ke teman;Jump ball;Gamsut;Tos;#;B
9;Terjadi Jus pada permainan bola voli apabila poin ...;23 sama;22 sama;21 sama;20 sama;#;D
9;"Lari 2,4 km bertujuan terutama untuk melatih kekuatan otot ...";Paru-paru;Jantung;Paha dan paru;Jantung dan paru;#;D
9;Di bawah ini yang bukan bagian dari kebugaran jasmani adalah ...;kekuatan;kelincahan;ketahanan;kesegaran;#;D
9;Pemimpin pertandingan adalah ...;Juri;Panitia;Hakim garis;Wasit;#;D
9;Gerakan pertama lompat jauh adalah ...;tolakan;sikap badan di udara;awalan;mendarat;#;C
9;Induk organisasi atletik di Indonesia adalah ...;PASI;PBSI;PSSI;PRSI;#;A
9;Lempar lembing dan lompat jauh termasuk olahraga ...;atletik;aquatik;senam;ketangkasan;#;A
9;Sudut lemparan dalam lempar lembing adalah ...;20o;30o;40o;50o;#;C
9;Pukulan atau tendangan dapat diantisipasi dengan ...;tangkisan;hantaman;pukulan;tendangan;#;A
9;"Berbudi pekerti luhur merupakan nilai dalam pencak silat, yaitu ...";seni;bela diri;olahraga;mental spiritual;#;D
9;Upaya pembelaan mengunakan tangan atau lengan disebut ...;hindaran;tangkisan;serangan;elakan;#;B
9;"Berikut ini faktor penyebab kebugaran jasmani tetap prima, kecuali ...";hidup tertib;penjagaan kesehatan mental dan fisik;teratur dalam latihan;menghindari pekerjaan;#;D
9;Bentuk latihan yang menggunakan beban sebagai ciri khas latihan...;kekuatan;daya tahan;kecepatan;kelincahan;#;A
9;Untuk latihan keseimbangan dapat dilakukan gerakan ...;lari lompat;mendorong;sikap kapal terbang;menggantung;#;C
9;Untuk melatih otot punggung dengan cara ...;sit up;pull up;push up;back up;#;D
9;Berikut ini alat yang digunakan dalam senam lantai ...;gada;lantai;matras;tikar;#;C
9;Pada roll depan yang jatuh pertama kali ke matras adalah ...;punggung;kepala;pantat;tengkuk;#;D
9;Di bawah ini alat senam ritmik ...;palang sejajar;tongkat;matras;bola;#;D
9;Sikap badan pada renang gaya punggung adalah ...;telungkup;telentang;tegak;miring;#;B
9;Berikut ini yang bukan gaya renang adalah ...;gaya bebas;gaya dada;gaya punggung;gaya menyelam;#;D
9;Berikut ini yang bukan daerah penjelajahan adalah ...;hutan;sungai;pantai;gunung;#;D
9;Berikut ini yang bukan penyebab kebakaran adalah ...;akibat pipa gas bocor;kompor meledak;korsleting listrik;buang puntung rokok;#;D
9;Arung jeram dilakukan di ...;gunung;pantai;empang;sungai;#;D
9;"Jika terjadi kebakaran kompor, tindakan pertama adalah ...";siram dengan air;lari menyelamatkan diri;padamkan dengan pasir;menutup dengan karung basah;#;D
9;Nomor-nomor lari cepat cabang atletik adalah sebagai berikut :;"100 m, 200 m dan 300 m.";"100 m, 300 m dan 400 m";"100 m, 200 m dan 400 m";"200 m, 300 m dan 400 m";#;C
9;Cara memegang cakram yang benar adalah lingkaran cakram dikait oleh ...;ruas jari tengah;ruas ujung jari;ruas ibu jari;ruas jari kelingking;#;B
9;Permainan sepak bola dimulai dengan tendangan yang disebut...;corner kick;free kick;kock off;off side;#;C
9;Penambahan waktu yang dilakukan oleh wasit bila terjadi ada pemain yang luka (cidera) disebut ...;on time;next time;last time;injury time;#;D
9;Rotasi pemain bola voli jika terjadi pindah bola adalah ...;ke arah depan;ke arah belakang;berlawanan arah jarum jam;searah jarum jam;#;D
9;Renang gaya dada sering disebut juga dengan...;gaya bebas;gaya katak;gaya punggung;gaya batu;#;B
9;Menembak sambil melayang dalam bola basket dinamakan ...;jump shoot;lay up shoot;passing;pivot;#;A
9;Di bawah ini yang merupakan cabang olahraga atletik adalah...;tinju;lompat jauh;catur;tenis;#;B
9;Pencak silat yang diajarkan di sekolah mengandung unsur ...;bela diri;olahraga;pendidikan;perjuangan;#;C
9;Posisi tangan yang benar saat melakukan posisi awal gerakan pencak silat adalah ...;menyilang di depan dada;lurus ke samping;lurus ke depan;sikap rileks;#;A
9;Induk organisasi tenis meja nasional adalah...;PTMI;PTMN;PTMSI;PTSI;#;C
9;Perpindahan servis pada permainan tenis meja terjadi jika jumlah poin kelipatan...;2;3;4;5;#;A
9;"Pada permainan ganda tenis meja, bola dipukul secara...";bergantian;lurus;menyilang;sembarang;#;A
9;Kejuaraan dunia bulu tangkis untuk putra adalah...;Jarum Super championship;Sudirman Cup;Thomas Cup;Uber Cup;#;C
9;Di bawah ini olahraga yang hanya bisa dimainkan satu lawan satu adalah...;catur;bulutangkis;volly;pencak silat;#;A
9;Roll kip adalah istilah gerakan senam lantai untuk...;loncat harimau;guling depan;guling lenting;kayang;#;C
9;Sikap berdiri dengan tangan pada senam lantai di sebut ...;hand kip;hand stand;hand spring;standing;#;B
9;Sikap badan telentang yang membusur bertumpu pada kedua tangan dan kaki dengan siku-siku dan lutut lurus merupakan sikap...;loncat harimau;guling depan;guling lenting;kayang;#;D
9;Bentuk lapangan kasti adalah;segi tiga;segi empat;segi lima;segi enam;#;B
9;"Untuk melatih kelincahan, latihan yang dilakukan adalah lari ...";jarak jauh;cepat;zig-zag;pagi;#;C
9;"Dibawah ini adalah gaya renang ,kecuali...";gaya bebas;gaya batu;gaya dada;gaya punggung;#;B
9;Permainan bola basket ditemukan oleh...;Tony When;James A.Naismith;James Morgan;George weah;#;B
9;Start renang yang dilakukan dari tempat start bawah adalah renang gaya ...;bebas;dada/katak;kupu-kupu;punggung;#;D
9;Tahapan gerakan tangan renang gaya bebas yang benar setelah meluncur adalah ...;pull - push -- recovery;push - pull -- recovery;pull - recovery -- push;recovery - push -- pull;#;A
9;Lari bergantian dengan menggunakan media tongkat disebut...;sprint;estafet;menengah;maraton;#;B
9;Bela diri yang diciptakan dinegara Indonesia adalah...;karate;pencak silat;gulat;judo;#;B
9;Nama lain berdiri dengan kedua tangan dalam senam lantai adalah...;kopstand;kayang;handstand;meroda;#;C
9;Berdiri dengan 1 kaki merupakan latihan untuk...;kecepatan;keseimbangan;kekuatan;kelenturan;#;B
9;Senam kesegaran jasmani termasuk dalam...;senam irama;senam alat;senam lantai;senam ketangkasan;#;A
9;Dibawah ini yang bukan perlengkapan untuk renang adalah...;Sepatu;kacamata renang;topi;sandal;#;A
9;Globalisasi generasi kedua disebut juga globalisasi ...;antarnegara;antarperusahaan;antarindividu;antarlembaga;#;B
9;"Runtuhnya Tembok Berlin, maraknya internet, dan blogging merupakan ciri globalisasi ...";antarnegara;generasi kedua;generasi ketiga;generasi keempat;#;C
9;Pesawat CN-235 produksi IPTN merupakan salah satu pengaruh globalisasi di bidang ...;sains-teknologi;agama;sosial;hukum;#;A
9;Hubungan suatu negara dengan banyak negara disebut ...;bikameral;bilateral;trilateral;multilateral;#;D
9;Politik luar negeri Indonesia mempunyai prinsip ...;bebas tanpa batas;bebas dan aktif;bebas bertanggung jawab;aktif dan positif;#;B
9;Organisasi lingkungan hidup internasional salah satunya yang terkenal adalah ...;Greenpeace;Kontras;Walhi;ICW;#;A
9;Government to government merupakan istilah yang menunjukkan hubungan ...;antarpemerintah;antar-LSM;antarkepolisian;antarorganisasi internasional;#;A
9;Segala bentuk penjajahan di atas dunia harus dihapuskan karena tidak sesuai dengan perikemanusiaan... merupakan bunyi dari ...;UUD 45 Pasal 1 (1);Batang Tubuh UUD 1945;UUD 45 Pasal 2 (1);Pembukaan UUD 1945;#;D
9;Organisasi negara-negara pengekspor minyak adalah ...;ASEAN;GNB;OPEC;IMF;#;C
9;Konsep 3C bertujuan agar anak belajar dengan menyenangkan sehingga bisa berprestasi. Konsep 3C terdiri atas ...;"children, content, context";"content, communication, coordination";"children, communcation, context";"context, communication, coordination";#;A
9;"Menurut DR. M. Enoch Markum, pola asuh yang tepat agar anak berprestasi adalah memakai pola ...";permisif;otoritatif;otoriter;kondusif;#;B
9;Konsep kecerdasan majemuk dikemukakan oleh ...;Arief Rachman;Dadang Hawari;M. Enoch Markum;Andyda Meilala;#;C
9;"Di Jepang, istilah koyoiku mama mengandung arti ...";ayah pendidik;ibu pendidik;guru pendidik;orang tua pendidik;#;C
9;Setiap orang berhak untuk hidup serta berhak mempertahankan hidup dan kehidupannya merupakan bunyi UUD 1945 ...;Pasal 27 (1);Pasal 28A;Pasal 29 (1);Pasal 30 (2);#;B
9;"Dalam suatu pembelajaran, aspek kognitif disamakan dengan ...";pengetahuan;keterampilan;sikap;kecerdasan;#;A
9;Buku The World is Flat ditulis oleh ...;Mac Iver;Roger H. Soltau;Thomas L. Friedman;Plato;#;B
9;Mengambil data atau gambar dari internet dilakukan dengan cara ...;chatting;e-mail;blogg;download;#;D
9;Komunikasi tertulis via internet antara satu orang dengan orang lain disebut ...;chatting;e-mail;blogg;download;#;B
9;Undang-Undang No. 5 Tahun 1983 adalah undang-undang tentang ...;Zona Ekonomi Eksklusif;Perikanan;Kelautan;Perhubungan Laut;#;A
9;Pencetus gagasan tentang kecerdasan majemuk (Multiple Intelegence) adalah ...;Mac Iver;Howard Gardner;Roger H. Soltau;Thomas L. Friedman;#;B
9;Yang dimaksud dengan upaya bela negara oleh warga negara adalah ...;Sikap dan perilaku warga negara yang dijiwai oleh kecintaan kepada negaranya untuk menjamin kelangsungan hidup bangsa dan negaranya.;Sikap dan perilaku warga negara untuk mempertahankan daerahnya dari ancaman preman;Kebulatan hati dari aparat keamanan seperti TNI Polri untuk mengabdi kepada nusa dan bangsa;Kesiapan seluruh warga negara untuk ikut mamanggul senjata memerangi para pemberontak;#;A
9;Potensi ancaman dari luar negeri terhadap kedaulatan Indonesia sangat tinggi karena ? ...;Letak Indonesia yang sangat strategis;Kaya dengan keanekaragaman budaya;sikap warganya yang ramah tamah;Indonesia sebagai negara berkembang;#;A
9;Suatu masyarakat yang mempunyai monopoli dalam menggunakan kekerasan fisik secara sah dalam suatu wilayah. Pengertian negara ini dikemukakan oleh? ...;Harold J. Laski;Max Weber;Karl Marx;Prof. Mr. Soenarko;#;B
9;Yang menjadi kekuatan pendukung dalam usaha pertahanan dan keamanan negara adalah ? ...;TNI;Polri;Hansip/Linmas;rakyat;#;D
9;Contoh kewajiban negara terhadap warga negaranya adalah ? ...;memberikan rasa takut;memberikan kesejahteraan hidup;bertindak sewenang-wenang;mengesampingkan HAM;#;B
9;Upaya bela negara diaksanakan dengan penuh ? ...;tanggung jawab;keterpaksaan;emosional;keragu-raguan;#;A
9;Usaha pembelaan negara dalam UUD 1945 (setelah amandemen) diatur dalam pasal ? ...;26 ayat (1);27 ayat (3);28C ayat (1);29 ayat (2);#;B
9;Undang-Undang No. 56 Tahun 1999 adalah UU tentang ? ...;Hak Asasi Manusia;Rakyat Terlatih;Pertahanan Negara;Kepolisian;#;B
9;Berikut ini yang merupakan fungsi negara adalah ? ...;menciptakan kesenjangan sosial;melakukan tindakan sewenang-wenang;menegakan keadilan;membuat keresahan dalam masyarakat;#;C
9;Dasar pertahanan negara disusun berdasarkan prinsip ? ...;demokrasi;monopoli;kekeraasan;kemakmuran;#;A
9;Bangsa Indonesia menentang segala bentuk penjajahan. Hal ini sesuai dengan amanat UUD 1945 alinea ? ...;pertama;kedua;ketiga;keempat;#;A
9;Guna menjamin tetap tegaknya NKRI dan kelangsungan hidup bangsa yang menjadi titik sentral untuk dibina dan dikembangkan adalah ? ...;Ilmu pengetahuan dan teknologi;Kebudayaan bangsa Indonesia;perubahan iklim dunia;sumber daya manusia;#;D
9;Pasal 27 ayat (3) UUD 1945 mengatur tentang ? ...;syarat-syarat untuk menjadi warga negara Indonesia;hak dan kewajiban warga negara untuk membela negara;perlindungan dari kekerasan dan diskriminasi;hak memperoleh kesempatan yang sama dalam pemerintahan;#;B
9;Kemerdekaan yang capai dengan segala pengorbanan menuntut kita supaya ? ...;waspada terhadap bangsa lain yang datang ke Indonesia;memberantas segala bentuk penyelewengan;menindak tegas segala yang merugikan negara;memelihara persatuan dan kesatuan bangsa;#;D
9;Faktor yang menyebabkan dunia semakin terbuka dan terlihat oleh semua bangsa-bangsa di dunia adalah ? ...;pertambahan penduduk;meningkatnya jumlah pengangguran;perkembangan ilmu pengetahuan dan teknologi;meningkatnya suhu udara di permukaan bumi;#;C
9;Tujuan bangsa Indonesia terdapat dalam pembukaan UUD 1945 alinea ? ...;pertama;kedua;ketiga;keempat;#;D
9;Salah satu tantangan utama yang harus dihadapi dalam memasuki abad 21 adalah ? ...;kelambanan Indonesia dalam mengikuti kemajuan bangsa lain;kemampuan menguras kekayaan alam tanpa batas;pertambahan penduduk yang cukup cepat;rendahnya tingkat pendidikan masyarakat Indonesia;#;A
9;Bentuk upaya bela negara bagi siswa adalah aktivitas dalam ? ...;Upacara bendera dan rajin belajar;Membantu orang tua;ekstrakulikuler;melaksanakan kegiatan OSIS;#;A
9;Contoh upaya bela negara dalam kehidupan di lingkungan masyarakat adalah ? ...;membuat pos ronda;melaksanakan kebersihan lingkungan;melaksanakan siskamling;mengadakan musyawarah warga secara rutin;#;C
9;Harapan dari diselenggarakannya pendidikan bela negara adalah ? ...;timbulnya kesenjangan sosial masyarakat;timbulnya kebebasan berpendapat yang tanpa batas;terciptanya masyarakat yang kurang peduli dengan masa depan bangsa;terbangun kesadaran kolektif bangsa indonesia yang kuat dan kukuh;#;D
9;Otonomi berasal dari kata "auto" dan "nomes". Nomes berarti ...;rakyat;sendiri;pemerintah;pemerintahan;#;D
9;Pengertian daerah otonom yang selanjutnya disebut daerah terdapat dalam pasal ... UU tentang pemerintahan daerah.;1 ayat (3);1 ayat (4);1 ayat (5);1 ayat (6);#;A
9;Negara Indonesia adalah negara ? ...;fasis;hukum;sosialis;komunis;#;B
9;Bentuk Negara Indonesia adalah ? ...;Federal;Serikat;Kesatuan;monarki;#;C
9;Negara Indonesia adalah negara kesatuan yang berbentuk republik. Pernyataan ini sesuai dengan UUD 1945 pasal ? ...;1;2;3;4;#;A
9;Negara kesatuan dimana pemerintah daerah memiliki kekuasaan untuk mengatur dan mengurus rumah tangganya sendiri berdasarkan kebutuhan dan potensi daerah masing-masing. Pengertian negara kesatuan ini menggunakan sistem ? ...;sentralisasi;desentralisasi;dekonsentrasi;tugas pembantuan;#;B
9;Awalnya negara Indonesia hanya memiliki 8 provinsi. Gubernur dari Provinsi Jawa Timur pada waktu itu adalah ? ...;Sutardjo Kartohadikusumo;R. Panji Suroso;R. A. Soerjo;Mr. J. Latuharhary;#;C
9;Manakah yang bukan merupakan kedelapan provinsi Indonesia pada awal berdirinnya ? ...;Provinsi Bali;Provinsi Sumatera;Provinsi Sunda Kecil;Provinsi Maluku;#;A
9;Di bawah ini yang bukan merupakan nama provinsi yang ada di Indonesia adalah ? ...;Banten;Bangka Belitung;Mataram;Gorontalo;#;C
9;Provinsi ke--33 adalah ? ...;Maluku;Maluku Utara;Papua;Papua Barat;#;D
9;Pelimpahan wewenang pemerintahan oleh pemerintah kepada gubernur sebagai wakil pemerintah dan atau kepada instansi vertikal di wilayah tertentu. Pernyataan ini adalah pengertian dari asas ? ...;sentralisasi;desentralisasi;dekonsentrasi;tugas pembantuan;#;C
9;"Bersama gubernur, bupati dan walikota membentuk perda.";Melakukan pengawaswan;Menghormati kedaulatan rakyat;Memberikan pendapat dan pertimbangan kepada pemerintah;Meningkatkan taraf kehidupan rakyat;#;D
9;Undang-undang tentang Pemerintahan daerah adalah ? ...;UU No. 20 Tahun 2003;UU No. 32 Tahun 2004;UU No. 34 Tahun 2004;UU No. 16 Tahun 2004;#;B
9;Perimbangan keuangan antara pemerintah pusat dan pemerintah daerah diatur dalam ? ...;UU No. 32 Tahun 2004;UU No. 33 Tahun 2004;UU No. 25 Tahun 2004;UU No. 6 Tahun 2004;#;B
9;Daerah yang bersifat otonom adalah ? ...;kabupaten;negara;desa;bangsa;#;A
9;"Gubernur, bupati, walikota dipilih melalui pemilu. Hal ini sesuai dengan isi pasal ... dalam undang-undang pemerintahan daerah.";18 ayat (1);18 ayat (2);18 ayat (3);18 ayat (4);#;C
9;Di bawah ini faktor yang membentuk kebijakan publik adalah ? ...;Adanya aspirasi atau tuntutan dari masyarakat;Mengikat anggota masyarakat;Mengena langsung pada semua anggota masyarakat;Kewajiban pemerintah;#;A
9;"Apabila kebijakan publik tidak menjamin adanya kepastian hukum dalam masyarakat, maka pelaksanaannya ...";masyarakat langsung melakukan demonstrasi;"tidak menanggapi, karena tidak bersangkutan";tetap mematuhi semua kebijakan publik;kurang mendapat tanggapan dari masyarakat;#;D
9;Yang bukan termasuk dalam lembaga pembuat kebijakan publik di negara kita adalah ? ...;DPR;DPRD;DPD;Senat;#;D
9;Bangsa Indonesia membentuk Negara Kesatuan yang berdasarkan kepada ......;proklamasi kemerdekaan dan tujuan nasional;kesatuan dan persatuan;kemerdekaan dan pembangunan;Pancasila dan UUD 1945;#;D
9;"Berikut merupakan tujuan nasional bangsa Indonesia, kecuali ...\...";mencerdaskan kehidupan bangsa;melindungi segenap bangsa Indonesia dan seluruh tumpah darah Indonesia;memajukan kesejahteraan umum;ikut melaksanakan ketertiban dunia berdasarkan wilayah dan hubungan internasional;#;D
9;Orang-orang yang secara hukum merupakan anggota dari suatu negara merupakan pengertian dari ...;pemerintah;warga negara;pribumi;pendatang;#;B
9;"Hak setiap warga negara Indonesia adalah sebagai berikut, kecuali ......";hak memilih dan dipilih dalam pemerintahan;hak menjadi anggota angkatan bersenjata;hak kekebalan hukum;hak mendapatkan perlindungan secara hukum;#;C
9;Unsur-unsur konstitutif sebuah negara adalah . . . .;"legislatif, eksekutif, dan yudikatif";"rakyat, wilayah, dan pemerintah";"rakyat, wilayah, dan pengakuan negara lain";"wilayah, pemerintah, dan pengakuan negara lain";#;B
9;Unsur deklaratif adalah unsur yang merupakan suatu syarat supaya suatu negara itu dapat mengadakan hubungan dengan ......;rakyatnya;wilayahnya;negara lain;pemerintah daerah;#;C
9;Organisasi yang berwenang untuk merumuskan dan melaksanakan keputusan-keputusan yang mengikat bagi seluruh penduduk di dalam wilayahnya. Hal tersebut adalah pengertian dari .....;pemerintah;Ormas;Organda;penduduk;#;A
9;Negara mempunyai kekuasaan untuk memaksa semua penduduknya agar menaati Undang-Undang dan melaksanakannya dengan semua cara (termasuk dengan paksaan) yang tersedia karena pemerintah merupakan pemegang ... tertinggi.;keputusan;kedaulatan;monopoli;keadilan;#;B
9;Badan yudikatif disebut juga dengan badan ...;perekonomian;peradilan;perundang-undangan;perwakilan;#;C
9;Kekuasaan suatu negara dalam mengatur rumah tangganya sendiri beserta seluruh rakyat yang ada di dalamnya tanpa campur tangan dari negara lain disebut juga dengan ......;kedaulatan rakyat;kedaulatan umum;kedaulatan ke luar;kedaulatan ke dalam;#;D
9;"Pengakuan dari negara lain terhadap suatu negara dibedakan menjadi dua, yaitu ......";pengakuan aktif dan pasif;pengakuan positif dan negatif;pengakuan de facto dan de jure;pengakuan ke dalam dan ke luar;#;C
9;Fungsi pertahanan NKRI untuk menjaga kemungkinan ada serangan dari luar negeri (asing) ada pada ...;POLRI;ABRI;KPU;Komnas HAM;#;B
9;Bentuk pemerintahanan kerajaan disebut juga dengan istilah ......;perserikatan;kesatuan;monarki;republik;#;C
9;"Menurut Montesquieu, negara memiliki tiga fungsi, yaitu legislatif, eksekutif, dan yudikatif. Ketiga fungsi tersebut oleh Immanuel Kant disebut dengan istilah ......";Trias Politika;Tri Tunggal;One of Three;Three to One;#;A
9;Fungsi pengawasan terhadap pelaksanaan peraturan perundang-undangan agar ditaati oleh segenap bagian dari bangsa dan negara disebut ......;legislatif;eksekutif;yudikatif;primitif;#;C
9;Apakah kalian merasa bahwa kalian yakni mahluk sosial ? Alasannya ...;Ya. Karena saya bahagia bederma kepada orang lain;Tidak. Karena saya bisa mencukupi seluruh kebutuhan saya sendiri;Ya. Karena saya aktif dalam acara di organisasi sosial;Ya. Karena saya selalu hidup bermasyarakat;#;D
9;"Kita semua yakni warga negara Indonesia, sebab itu negara Indonesia harus kita bela. Mengapa negara kita harus kita bela ?";Karena diperintah oleh para pemimpin bangsa;Karena merupakan kewajiban kita bersama;Karena kami ingin menjadi satria nasional;Karena kami bercita-cita menjadi TNI;#;B
9;Perhatikan pernyataan dibawah ini: 1. Rakyat yang hidup menetap 2. Wilayah tertentu 3. Pemerintah yang berdaulat 4. Undang-undang Dasar Pernyataan tersebut diatas yang merupakan unsur negara yakni ...;"1, 2, dan 3";"2, dan 3";"2, 3, dan 4";"1, 2, 3, dan 4";#;A
9;Salah satu fungsi negara yakni fungsi pertahanan. Untuk melakukan fungsi tersebut maka Negara Indonesia membentuk ...;POLRI;UUD;TNI;Pemerintah;#;C
9;Untuk mengatur kehidupan negara yang kondusif dan tentram maka negara menciptakan ...;Negara dalam keadaan darurat;Kerjasama dengan negara adidaya;Peraturan perundang-undangan;Mobilisasi tentara ke negara lain;#;C
9;Komponen utama dalam melakukan kiprah dan fungsi penertiban negara yakni ...;Seluruh rakyat Indonesia;TNI;Seluruh lembaga-lembaga negara;POLRI;#;A
9;"Membina persatuan dan kesatuan bangsa sanggup mewujudkan ketahanan nasional, untuk itu kita harus menghindari perilaku negatif menyerupai ...";Nasionalisme;Ekstrimisme;Kekerabatan;Patriotisme;#;B
9;Setiap warga negara berhak dan wajib ikut serta dalam perjuangan pembelaan negara. Bentuk penyelenggaraan perjuangan pembelaan Negara sanggup dilakukan melalui ...;Bekerja keras;Mengumpulkan harta kekayaan sebanyak-banyaknya;Pengabdian sesuai dengan pofesi;Bekerjasama dengan militer asing;#;C
9;"Tentukan pilihan anda, manakah pernyataan yang paling benar ?";Tentara Nasional Indonesia dan POLRI keduanya merupakan alat negara yang menjaga ketertiban dan keamanan masyarakat;Tentara Nasional Indonesia berperan dalam bidang pertahanan negara sedangkan POLRI berperan dalam bidang keamanan negara;Tentara Nasional Indonesia berperan dalam bidang keamanan negara dan POLRI berperan dalam bidaang pertahanan negara;Tentara Nasional Indonesia dan POLRI menyatu berperan dalam bidang pertahanan dan keamanan Negara;#;B
9;Pembinaan semangat persatuan dan kesatuan sangat diharapkan dalam perjuangan ...;Meningkatakan taraf hidup rakyat;Memelihara hasil pembangunan;Menambah kekayaan budaya;Mewujudkan ketahanan nasional;#;D
9;Alat negara yang paling bertanggungjawab mewujudkan keamanan dan ketertiban masyarakat yaitu\...;TNI;KAMRA;HANSIP;POLRI;#;D
9;Bentuk ancaman militer antara lain\...;Pemberontakan bersenjata;kerusuhan antar suku bangsa;pertikaian antar pemuda;permpokan bersenjata;#;A
9;Organisasi keamanan desa (OKD) dan organisasi perlawanan rakyat (OPR) muncul pada priode\...;1958 - 1960;1958 - 1962;1965 - 1966;1966 - 1971;#;B
9;Contoh prilaku rela berkorban yaitu..;menghindari sikap egois dan masa bodoh\...;selalu membantu tetangga dekat;suka mengalah dalam pergaulan;bersedia memberikan sumbangan dana setiap ada pembangunan;#;A
9;Negara Kesatuan Republik Indonesia adalah milik dari\...;seluruh pejabat negara;seluruh WNI;para pendiri negara;para pejuang bangsa;#;B
9;"Secara de facto, negara Indonesia berdiri sejak 17 Agustus 1945, karena pada saat itu\...";PPKI bersidang untuk membentuk pemerintahan;Belanda mengakui kedaulatan RI;Tentara Jepang yang menjajah Indonesia menyerah kepada sekutu.;Indonesia telah memenuhi unsur-unsur berdirinya negara;#;D
9;"Tujuan bangsa Indonesia dalam mendirikan negara yaitu tercantum di dalam pembukaan UUD 1945 alenia ke 4 antara lain, melindungi segenap bangsa Indonesia dan \...";Seluruh tumpah darah Indonesia;seluruh penduduk Indonesia;seluruh rakyat Indonesia;seluruh orang yang berada di Indonesia;#;A
9;Penjelasan pasal 37 ayat 1 UU RI nomor 3 tahun 2003 menegasakan bahwa pendidikan kewarganegaraan dimaksudkan untuk membentuk peserta didik menjadi manusia yang\...;memiliki rasa kebangsaan dan cinta tanah air;memiliki rasa cinta budaya daerah;bertaqwa kepada tuhan yang maha Esa;cerdas dan terampil;#;A
9;Pasal 1 ayat 1 UU nomor 3 tahun 2002 menegaskan bahwa TNI merupaka\...;komponen utama dalam pertahanan Negara;komponen utama dalam kemanana Negara;Alat utama dalam penegakkan hukum;alat utama dalam pembangunan bangsa;#;A
9;Pasal 27 ayat 3 UUD 1945 menyebutkan bahwa setiap warga negara berhak dan wajib ikut serta dalam \...;pertahanan negara;upaya pembelaan negara;memerangi teroris;pembangunan bangsa;#;B
9;UUD 1945 pasal 30 ayat 1 ditegaskan bahwa "tiap-tiap warga negara berhak dan wajib ikut serta dalam\...;usaha pemberantasan tiga buta;usaha memberantas narkoba;usaha pertahanan dan keamanan negara;usaha memberantas tindak kriminal;#;C
9;Ruslan Abdul Gani (1979) menyatakan tidak akan terjadi stabilitas tanpa ada kemakmuran dan tidak akan terjadi kemakmuran tanpa\...;tujuan dengan dasar negara;tujuan dengan alat negara;fungsi negara alat negara;tujuan dengan fungsi negara;#;D
9;Wilayah Administrasi adalah wilayah kerja gubernur selaku\...;wakil pemerintah;wakil presiden;wakil menteri dalam negeri;penguasa tunggal di propinsi;#;A
9;COntoh dampak positif pelaksanaan otonomi daerah adalah\...;munculnya sikap egosentrisme daerah;hilangnya segala bentuk kejahatan dalam masyarakat;kesejahteraan warga di daerah semakin berkembang;"hilangnya korupsi, kolusi dan nepotisme pusat";#;C
9;DPRD sebagai badan legislatif di daerah mempunyai kewajiban pokok\...;memperhatikan keputusan kepala daerah;membuat peraturan desa;mengangkat kepala daerah;menetapkan peraturan daerah;#;D
9;Pasal 18 UUD 1945 menghendaki adanya undang-undang organik tentang\...;pemerintah daerah;otonomi daerah;hak dan kewajiban daerah;keuangan daerah;#;A
9;Menurut ketentuan UU no 32 tahun 2004 bupati dipilih oleh\...;rakyat langsung;presiden;DPRD kabupaten;gubernur;#;A
9;Tugas pokok dari kepala daerah adalah\...;memimpin pembangunan daerah;melaksanakan anggaran pendapatan belanja daerah;memberantas korupsi daerah;memimpin penyelenggaraan pemerintah daerah;#;D
9;Pasal 25 UU 32 tahun 2004 mengatur tentang tugas dan wewenang;kepala daerah;gubernur;bupati;DPRD;#;A
9;Prilaku warga negara dalam mempengaruhi kebijakan publik dinamakan\...;partisipasi;kreativitas;disiplin;patuh;#;A
9;NOrma yang dibuat oleh pejabat yang berwenang disebut norma\...;kesusilaan;hukum;kesopanan;adat;#;B
9;Kebijakan publik serangkaian tindakan yang mempunyai tujuan tertentu yang diikuti dan dilaksanakan oleh pelaku atau sekelompok pelaku guna memecahkan masalah tertentu. kalimat tersebut merupakan pengertian kebijakan publik menurut pendapat\...;Anderson;Dye;Kartasasmita;Edward III;#;A
9;Program keluarga berencana (KB) merupakan contoh kebijakan publik yang berbentuk\...;Program;proyek;peraturan perundang-undangan;pidato;#;A
9;Kebijakan publik yang berupa penyerapan sumber-sumber material dari masyarakat luas adalah merupakan makna dari kebijakan publik yang bersifat\...;distributif;ekstratif;regulatif;partisipatif;#;B
9;Berikut ini merupakan contoh-contoh kebijakan publik yang berupa peraturan-peraturan yang bersifat tertulis adalah\...;keputusan presiden dan pidato presiden;pidato presiden dan pidato bupati;Undang-undang dan peraturan daerah;peraturan daerah dan pidato bupati;#;C
9;Gaya atau aliran seni rupa yang penggambaranya sesuai dengan kenyataan hidup adalah aliran / gaya ....;Gaya Romantis;Gaya Naturalis;Gaya Abstrak;Gaya Realis;#;B
9;Impresionisme adalah gaya atau aliran seni rupa yang penggambarannya sesuai dengan kesan sesaat obyek yang dilukis. Perupa Nusantara yang memelopori gaya ini adalah :;S. Sudjojono;Raden Saleh;Claude Monet;Afandi;#;A
9;"Gaya Surealisme adalah Aliran atau gaya dalam seni rupa yang penggambarannya melebih-lebihkan kenyataan, Perupa mancanegara yang memelopori gaya ini adalah ...";Salvador Dali;Van Gogh.;Arnold;Elvis;#;A
9;"Suatu gaya dalam seni rupa yang mengandung pengertian suatu bentuk yang sukar dikenali, Suatu gaya yang lebih sederhana bahkan bentuknya sama sekali meninggalkan bentuk alam dan bentuk karyanya berupa susunan garis, bentuk dan warna yang terbebas dari bentuk alam disebut gaya ......";Surealisme;Ekspresionisme.;Impresionisme.;Abstraksionisme;#;D
9;"Dalam sebuah pameran lukisan, penataan lukisan dapat dipasang dengan patokan rata atas, rata tengah dan rata bawah. Penataan yang paling nyaman untuk dinikmati adalah...";Rata atas;Rata tengah;Rata bawah;Rata dan bawah;#;B
9;Menata ruang pameran adalah tugas seksi ....;Seksi Humas;Seksi Penerima Tamu;Seksi Dekorasi;Seksi Dokumentasi;#;C
9;Pencipta lagu " Bagimu Negeri " adalah ....;WR Supratman;L. Manik;Simanjuntak;Koesbini;#;C
9;Lagu "My heart will go on" dinyanyikan oleh ...;Elvis Presly;Cellion Dion;Michel Jakson;Steve Wonder;#;B
9;Penggunaan sisten 7 nada menjadi 12 nada yang digunakan music barat adalah...;Tangga Nada Diatonis;Tangga Nada Pentatonis;Tangga Nada Debussy;Tangga Nada Kromatis;#;D
9;"Paduan musik yang dibentuk secara cermat dari berbagai alat musik seperti musik gesek, tiup dan perkusi disebut ......";orchestra;band;opera;acapella;#;A
9;Lagu yang berjudul " Selir Hati" yang digunakan untuk ilustrasi musik sinetron Mawar Melati merupakan karya dari ....;Drive;Ungu;D'Masiv;The Rock;#;B
9;Instrumen musik yang sumber bunyinya berasal dari senar atau dawai adalah....;Gitar;Recorder;Keyboard;Dram;#;A
9;Berikut ini yang tidak termasuk tanda tempo cepat adalah ....;alegro;allegretto;Adagio;andante;#;C
9;Lagu " Tanduk Majeng" berasal dari daerah ....;Jawa Tengah;Jawa Barat;Jawa Timur;Kalimantan;#;C
9;Ekspresi langsung dari angan- angan dan perasaan musikal seseorang pada saat bermain musik dikenal sebagai ...;aransemen;tramsmisi;improvisasi;komposisi;#;C
9;Aliran ketukan yang berurutan mengikuti beragam variasi gerak melodi dalam musik dinamakan ......;Birama;Durasi;Harmoni;Irama;#;D
9;Lagu" PELAN -- PELAN SAJA " dinyanyikan dan dipopulerkan oleh ... ;Letto;Drive;Nidji.;Kotak;#;A
9;Salah satu lagu Nasional yang bertemakan tentang isi sumpah pemuda karya L. Manik adalah .....;Satu Nusa Satu Bangsa;Bagimu Negeri;Garuda Pancasila;Indonesia Tetap Merdeka;#;A
9;"Dengan adanya pagelaran musik, seseorang memiliki kesempatan untuk menyampaikan pesan- pesan sosial lewat karya seni kepada penikmat seni. Hal ini merupakan manfaat pagelaran sebagai ...";Media ekspresi;Media pengembang bakat;Media komunikasi;Media Apresiasi;#;C
9;Berikut ini yang merupakan contoh tari yang berasal dari Kabupaten Nganjuk adalah....;Tari Soyong;Tari Bedhaya;Tari Kuda Lumping;Tari Mung Dhe;#;D
9;Berikut ini yang bukan merupakan komponen pokok seni tari adalah ...;Tata Rias;Iringan Tari;Usia Penari;Gerak;#;C
9;"Desain kelompok yang membagi kelompok utama menjadi kelompok-kelompok kecil dan menempatkan dalam desain-desain lantai yang sama pada daerah-daerah berimbang pada stage / panggung, disebut:";Unison;Balance;Broken;Selang-seling;#;B
9;Tari dibawah ini yang berdasarkan bentuk koreografinya bukan termasuk seni tari Nusantara adalah ....;Tari Balet;Tari Klasik;Tari Kerakyatan;Tari Kreasi Baru;#;A
9;Tari kecak berasal dari Propinsi :;Bali;Jawa Timur;Jawa barat;Sumatra;#;A
9;Tari dibawah ini yang merupakan salah satu contoh tari kreasi baru adalah ...;Tari Jaranan;Tari Gambyong;Tari Wareng Kumbang;Tari Remo;#;C
9;"Dalam sebuah penyajian tari terkadang memerlukan property, berikut ini yang termasuk property dalam penyajian tari adalah ...";Gitar;Sampur;Gong;Kenong;#;B
9;Panggung yang didesain sehingga penonton dapat melihat dari segala penjuru disebut panggung ...;Panggung Proscenium;Panggung Setengah Arena.;Panggung Arena.;Panggung Tapal Kuda;#;C
9;"Iringan tari yang berasal dari dalam diri pemain misalnya nyanyian penari, tepuk tangan penari disebut:";musik pengiring;musik eksternal;musik internal;tata suara;#;C
9;Pengamatan terhadap suatu obyek yang dijadikan sumber ide dalam menciptakan suatu gerakan tari dalam sebuah karya tari disebut :;Pengamatan Internal;Pengamatan Eksternal;Eksplorasi;Improvisasi;#;C
9;Property tari Mung Dhe dari Kabupaten Nganjuk menggunakan ...;Pedang;Keris;Tombak;Busur Panah;#;D
9;Suatu karya seni yang mengutamakan ekspresi atau ungkapan jiwa perupanya dibandingkan aspek kegunaannya disebut ...;Seni murni.;Seni rupa.;Seni kriya.;Seni musik.;#;A
9;"Jika dilihat dari sudut pandang seni rupa, maka lukisan ""Bunga Matahari"" karya Vincent van Gogh (Belanda) termasuk karya ...";Seni murni.;Seni rupa.;Seni kriya.;Seni musik.;#;A
9;Seni grafis adalah ungkapan seni rupa .... yang memanfaatkan metode pencetakan dalam seni cetak.;Satu dimensi.;Tiga dimensi.;Setengah dimensi.;Dua dimensi.;#;D
9;"Perhatikan susunan kepanitiaan berikut ini : 1. Sekretaris Wakil Sekretaris. 2. Bendahara dan Wakil Bendahara. 3. Seksi-seksi meliputi: Pudok, Peralatan, Humas dan Keamanan. 4. Ketua dan Wakil Ketua. Manakah susunan kepanitiaan yang benar ?";4-1-3-2.;4-2-1-3.;4-1-2-3.;4-2-3-1.;#;C
9;"Apabila dalam satu birama terdapat enam buah not seperdelapan yang masing-masing berharga satu ketukan, maka birama tersebut termasuk birama ...";3/8.;8/6.;04-Aug;6/8.;#;D
9;Grup Band Gun 'n' Roses adalah salah satu grup band beraliran rock yang populer pada thn 90-an dan berasal dari negara...\...;Inggris.;Amerika Serikat.;Belanda.;Amerika Latin.;#;B
9;"Musik seni (art music) yang diciptakan untuk konser, acara keagamaan serta opera dan balet disebut...";Musik Klasik.;Musik Blues.;Music Rock.;Musik Pop.;#;A
9;..... adalah aliran musik yang pertama sekali dipopulerkan oleh kaum budak Afro-Amerika setelah mereka selesai bekerja di pertambangan dan perkebunan.;Musik Jazz.;Musik Blues.;Musik Country.;Musik Rock.;#;B
9;Pengetahuan dalam mencipta dan menyusun sebuah tarian disebut ....\...;Kreasi.;Koreografer.;Kreativitas.;Koreografi.;#;D
9;"The Dying Swan adalah judul tarian yang pernah dibawakan oleh......yang lahir di St. Petersburg, Rusia (1981-1931).";Anna Tairas;Tsubouchi Shoyo.;Antonio Banderas.;Anna Parlova.;#;D
9;Tari Kecak yang dibawakan oleh sejumlah pria yang membentuk lingkaran berasal dari daerah...\...;Jawa Barat.;Bali.;Betawi.;Jawa Timur.;#;B
9;Kata teater berasal dari kata .... yang dalam bahasa Yunani bearti tempat untuk melihat pertunjukan.;Theatrical.;Theatron.;Bioscope.;Tdk ada yg benar.;#;B
9;"Berikut ini merupakan ciri-ciri umum teater tradisional, kecuali :";Ceritanya tanpa naskah.;Pertunjukan menggunakan alat musik tradisional.;Serius dan tidak ada unsur lawakan.;Menggunakan bahasa daerah.;#;C
9;Latihan terakhir sebelum pementasan suatu karya seni disebut :;Pra-latihan.;Blocking.;Gladi bersih.;Gladi kotor.;#;C
9;Tim yang bertanggungjawab atas seluruh biaya produksi disebut .....;Tim artistik.;Tim produksi.;Tim manajemen.;Tim koordinator.;#;B
9;Suatu cabang seni rupa yang hasil karyanya lebih mengutamakan unsur estetis atau keindahan adalah...;seni kriya;seni murni;seni ornamen;seni relief;#;B
9;Salah satu contoh dari hasil karya seni murni adalah...;keramik;kolase;lukisan;origami;#;C
9;Menurut bentuknya seni rupa terbagi menjadi ...;1;2;3;4;#;B
9;Suatu corak ragam seni murni di Indonesia yang lahir pada masa prasejarah adalah ...;Klasik;Modern;Natural;Primitif;#;D
9;Affandi adalah seorang maestro lukisan dari Indonesia dalam aliran ...;Ekspresionisme;Impresionisme;Kubisme;Naturalisme;#;A
9;Salah seorang pelukis mancanegara yang merupakan pelopor lukisan aliran kubisme adalah...;Imanuel kant;Leonardo davinci;Michael Angelo;Pablo Picaso;#;D
9;Pelukis dari nusantara yang memiliki aliran romantisme adalah . . .;Affandi;Joko Pekik;Popo Iskandar;Raden Saleh;#;D
9;Tujuan yang paling mendasar dari pembuatan karya seni murni adalah semata-mata untuk memenuhi ...;Apresiasi;Estetis;Fungsionalitas;Improvisasi;#;B
9;Faktor yang paling diutamakan dalam pembuatan sebuah lukisan adalah...;ekspresi;keuntungan;manfaat;simbolis;#;A
9;Suatu cabang seni yang karyanya hanya dapat dinikmati secara visual adalah...;seni musik;seni rupa;seni tari;seni teater;#;B
9;"Corak seni murni daerah yang memiliki ciri-ciri sangat detail, rumit dan dramatis adalah...";Klasik;Pop art;Primitif;Visual art;#;A
9;"Ciri-ciri yang paling mendasar dari lukisan aliran kubisme, yaitu ...";objek berbentuk geometris;objek hasil imajinasi;objek menggambarkan alam mimpi;objek tidak mudah dipahami;#;A
9;Ciri-ciri dari lukisan ekspresionisme adalah ...;Objek menggambarkan alam mimpi;Objek mengungkapkan curahan hati;objek tidak mudah dipahami;objek hasil imitasi;#;B
9;Lukisan yang menggambarkan suasana alam mimpi adalah ...;Ekspresionisme;Impresionisme;Naturalisme;Surealisme;#;D
9;Tema yang tepat untuk lukisan yang mengambarkan kegiatan orang sedang berburu binatang adalah...;Alam;Diri sendiri;Kegiatan;Orang lain;#;C
9;Lukisan yang menggambarkan keadaan dan kegiatan manusia di alam sekitarnya adalah ...;Lukisan ekspresionisme.;Lukisan impresionisme.;Lukisan naturalisme;Lukisan realisme.;#;C
9;Teknik pewarnaan yang paling tepat digunakan dalam membuat lukisan dengan menggunakan media crayon adalah ...;Teknik gosok/dusel;Teknik plakat.;Teknik pointilis.;Teknik sapuan basah;#;A
9;Ungkapan gagasan atau perasaan yang estetis dan bermakna yang diwujudkan melalui media nada baik dari suara manusia maupun alat musik disebut...;Lagu;Pantun;Puisi;Syair;#;A
9;Titik balik perkembangan musik di Indonesia terjadi pada tahun. . . .;1945;1950;1955;1960;#;D
9;Berikut nilai yang tidak terkandung dalam permainan musik. . . .;Bisnis;Estetis;Keindahan yang tinggi;Komunikasi;#;A
9;"Musik yang berkembang di negara India, Pakistan, Bangladesh adalah jenis musik...";Bebas;Dangdut;Hindustan;Melayu;#;C
9;"Kecapi berleher lurus (che, p'ip'a, yuchch'in, dan san hsien) merupakan alat musik tradisional khas negara . . . .";Arab;Cina;India;Indonesia;#;B
9;Naik turunnya nada yang ditanggapi berdasarkan perbedaan tinggi rendahnya atau naik turunnya dinamakan...;Birama;Dinamika;Harmoni;Melodi;#;D
9;"Jenis musik yang berkembang di Cina, Korea, dan Jepang adalah...";Dangdut;Hindustan;Melayu;Oriental;#;D
9;"Flute (ryukei, nokan, shakuhachi) merupakan alat musik khas dari negara . . . .";Arab;Cina;India;Jepang;#;D
9;Rebana merupakan alat musik yang berasal dari negara . . . .;Arab;Cina;India;Jepang;#;A
9;Negara yang memiliki ragam musik-musik hindustan di bagian utara dan selatan karnatik adalah. . .;Arab;Cina;India;Jepang;#;C
9;Lagu yang berasal dari negara Malaysia menggunakan bahasa . . . .;Jepang;Mandarin;Melayu;Korea;#;C
9;Bahasa yang digunakan dalam syair-syair lagu dari China adalah . . . .;Indonesia;Jepang;Mandarin;Melayu;#;C
9;Syair lagu Kuch kuch Hot a Hai berasal dari negara . . . .;India;Indonesia;Jepang;Korea;#;A
9;Musik dangdut memiliki ciri khas dari instrumen musiknya yang lebih menonjolkan kepada...;Terompet;Piano;Gitar;Gendang;#;D
9;Tabla merupakan alat musik sejenis gendang yang berasal dari negara ...;India;China;Mesir;Spanyol;#;A
9;Judul lagu "Sakura" merupakan jenis folk song dari negara ...;Korea;Philipin;Jepang;China;#;C
9;Musik yang berasal dari negeri asing disebut juga musik ...;Nusantara;Mancanegara;Asia;Tradisional;#;B
9;"Jenis musik yang merupakan kombinasi orkes Melayu dengan musik India, ialah...";Dangdut;Qosidah;Keroncong;Mars;#;A
9;Orkes symponi umumnya membawakan lagu ...;Modern;Populer;Daerah;Klasik;#;D
9;"Kemampuan seseorang dalam mengekspresikan secara langsung dari gagasan atau angan-angan melalui perasaan musikal saat mendengarkan musik, ialah ...";Improvisasi;Komposisi;Kolaborasi;Apresiasi;#;A
9;"Tiga syarat penting dalam membuat blog di bawah ini benar, kecuali:";Punya email;Memasukkan nama blog;Memilih tempelate;Memasukkan foto;#;D
9;Internet pada awalnya disebut dengan:;Intranet;Network;Computer network;ARPAnet;#;D
9;"Berikut ini merupakan kelebihan internet, kecuali:";Sumber informasi yang tidak terbatas;Dapat mengirimkan informasi dengan cepat;Sarana komunikasi yang murah;Biaya aksesnya mahal;#;D
9;Aplikasi internet yang digunakan untuk mengirimkan surat dalam bentuk elektronik disebut:;Email;Ghoper;WWW;Telnet;#;A
9;Aplikasi internet yang memungkinkan pengambilan file dengan cepat adalah:;WWW;Milis;Newsgroup;FTP;#;D
9;Sinyal Wifi masih dapat ditangkap dengan radius .. dari titik akses;100 m;150m;1 km;5 km;#;A
9;"Perangkat berikut terdapat pada sebuah hotspot Wifi, kecuali:";WiFicard;Access point;Access controller;Internet link;#;A
9;"Berikut ini benar tentang GPRS, kecuali:";Akses data sampai pada kecepatan 115 kbps;Akses internet tanpa kabel;Tarif dibayar per bulan tanpa didasarkan besarnya penggunaan;Kita harus memiliki handphone untuk dapat mengakses internet;#;C
9;Jaringan yang dapat mencakup sebuah negara disebut..;LAN;MAN;WAN;Internet;#;C
9;"Berikut ini merupakan manfaat dari jaringan komputer, kecuali..";Dapat berbagi sumber daya;Dapat menggunakan data bersama-sama;Mempunyai keandalan yang lebih tinggi;Kita dapat mengakses data orang lain tanpa diketahui;#;D
9;Berikut ini yang merupakan kelebihan modem internal adalah..;Mudah dipasang;Harganya lebih murah;Kecepatan aksesnya lebih tinggi;Banyak merek pilihan;#;B
9;Berikut ini yang merupakan kelebihan modem eksternal adalah ..;Mudah dipasang;Harganya murah;Kecepatan aksesnya lebih tinggi;Mereknya terkenal;#;A
9;Port yang digunakan untuk menghubungkan komputer dengan modem eksternal adalah:;COM1;COM3;USB;Dipasang di mainboard komputer;#;C
9;Perangkat lunak berikut digunakan sebagai browser adalah..;Windows XP;mIRC;Microsoft outlook;Internet explorer;#;D
9;"Ciri-ciri ISP yang akan kita pilih di bawah ini, kecuali..";Memiliki backbone sendiri;Akses yang cepat;Memiliki proxy;Biaya langganan yang mahal;#;D
9;Fitur dari sebuah ISP yang berhubungan dengan keamanan data adalah..;Memiliki backbone sendiri;Akses yang cepat;Memiliki proxy;Biaya langganan yang mahal;#;C
9;"Berikut ini yang mempengaruhi kecepatan akses sebuah ISP, kecuali.";Bandwitch yang lebar;Memiliki teknologi kompresi data;Memiliki server proxy;Memberikan layanan account email yang besar;#;D
9;"Berikut ini yang kita masukkan opada saat mensetting koneksi ke ISP, kecuali:";Nomor ISP address komputer kita;User name;Password;Nomor akses ISP;#;A
9;Pilihan yang harus kita buat untuk menambahkan shortcut koneksi ke ISP di desktop adalah:;Add a shortcut to this connection to my desktop;Make this the default connection;Save this user name and password for the following users;Create a shortcut in desktop;#;A
9;Nama wizard yang digunakan untuk membuat koneksi ke sebuah ISP adalah:;Add new hardware wizard;Found new hardware wizard;New connection wizard;Up date connection wizard;#;C
9;Kode yang digunakan untuk membuat sebuah halaman web disebut..;HTML;HTTP;WWW;URL;#;A
9;Tombol di toolbar yang digunakan untuk menampilkan website yang berhubungan dengan multimedia adalah..;Media;History;Favorites;Home;#;A
9;Tombol yang digunakan untuk menghentikan proses loading sebuah halaman web adalah:;Forward;Back;Stop;Home;#;C
9;Tombol yang digunakan untuk melihat website yang kita kunjungi beberapa saat terakhir adalah..;History;Favorite;Media;Back;#;A
9;"Berikutb ini merupakan sifat-sifat email, kecuali..";Sarana komunikasi yang murah;Dapat dikirim dengan cepat;Panjang surat yang dikirim dibatasi;Dapat menyertakan file-file;#;C
9;Yang dimaksud dengan internet adalah:;Kumpulan komputer yang saling terhubung dalam sebuah ruangan;Kumpulan komputer yang tidak terhubung dalam bentuk jaringan;Kumpulan komputer yang saling berhubungan dalam bentuk jaringan;Kumpulan komputer yang memiliki kecepatan proses yang sama;#;C
9;Pada awalnya internet merupakan jaringan komputer yang dibentuk oleh:;Departemen Pertahanan Amerika;Departemen Pertahanan Jepang;Departemen Pertahanan Rusia;Departemen Pertahanan Inggris;#;A
9;Munculnya internet di awal tahun 60-an melalui proyek yang disebut:;TCP / IP;NSFNET;ARPANET;BITNET;#;C
9;Yang dimaksud dengan Gopher adalah:;Sistem di mana pemakai dapat mengakses informasi di komputer lain;Surat elektronik yang dikirim melalui internet;Mencari dan mengambil informasi-informasi yang ada di komputer lain;Ngobrol lewat internet;#;C
9;Berikut ini yang tidak tergolong Hardware yang dibutuhkan untuk akses internet adalah:;CPU;Modem;Yahoo Messenger;RAM;#;C
9;Peralatan teknologi informasi dan komunikasi yang kemampuannya dapat menjelajah informasi pelosok dunia diterapkan pada perangkat...;Televise;Radio;Internet;Telepon kabel;#;C
9;Nama domain yang digunakan untuk organisasi militer adalah...;Gov;Net;Mil;Org;#;C
9;Yang dimaksud dengan dial-up adalah...;Jaringan utama/tulang punggung internet;Program yang menyusun sebuah sistem atau sebuah aplikasi software;Koneksi ke internet melalui modem dan saluran telepon;Username dan password yang diperlukan untuk dapat mengakses fasilitas internet;#;C
9;Nomor telepon akses TELKOMnet Instan adalah...;0809 9 8888;0809 8 9999;0809 8 9999;0809 9 8888;#;D
9;Berikut ini langkah-lankgah mengirim E-mail adalah...;"Buka e-mail, ketik alamat e-mail yang dituju, ketik surat yang akan dikirim di kotak yang disediakan, setelah selesai klik Send";"Ketik alamat e-mail yang akan dituju, ketik surat yang akan dikirim di kotak yang disediakan, buka e-mail, setelah selesai klik Send";"Buka E-mail, ketik surat yang akan dikirim di kotak yang disediakan, ketik alamat e-mail yang dituju, setelah selesai klik Send";"Klik Send lalu ketik alamat yang dituju, ketik surat yang akan dikirim di kotak disediakan, setelah selesai klik E-mail";#;A
9;Perusahaan jasa layanan internet disebut:;Internet Service Provider (ISP);Telkom;Indosat;Server;#;A
9;Alat yang bertugas untuk menukar data dari digital ke analog dan sebaliknya dalam akses internet disebut:;Modem;Monitor;USB;CPU;#;A
9;"Sebutan bagi kamera yang gambarnya bisa diakses atau dilihat melalui world wide web, program instant messaging, atau video call adalah:";Televisi;CCTV;Webcam;Monitor;#;C
9;Data yang keluar masuk / upload download ke account kita:;Bandwith;Backbone;Telepon;Byte;#;A
9;Jaringan dasar yang menghubungkan setiap sarana telekomunikasi yang berfungsi sebagai sarana penunjang ketersediaan koneksi adalah:;Bandwith;Backbone;Telepon;Byte;#;B
9;Penemu World Wide Web adalah:;Timothy Berners-Lee;Mark Zuckerberg;Bill Gates;Gutenberg;#;A
9;Negara pengguna Internet terbesar di dunia adalah:;China;Jepang;India;Amerika Serikat;#;A
9;Istilah yang sering digunakan untuk mesin pencari informasi pada internet adalah:;Google;Search Engine;Search;Engine;#;B
9;Negara yang pertama kali mengembangkan internet adalah:;China;Jepang;India;Amerika Serikat;#;D
9;Informasi di web dalam bentuk teks umunya ditulis dalam format:;CMS;HTML;PHP;FTP;#;B
9;Fasilitas surat menyurat secara elektronik menggunakan internet disebut:;E-mail;Milis;FTP;Letter;#;A
9;Sarana diskusi dalam satu kelompok melalui email adalah:;Mail;Mailing list atau milis;Chatting;Discution;#;B
9;Yang bukan penyedia jasa layanan internet adalah;Telkom;Indosat;Indonet;Kantor pos;#;D
9;Media yang digunakan untuk bercakap-cakap di internet adalah;Mail;Mailing list atau milis;Chating;Discution;#;C
9;Salah satu penyedia layanan search engine adalah:;Google;Search Engine;Search;Engine;#;A
9;"Berikut ini merupakan kelebihan internet, kecuali :";Sumber informasi yang tidak terbatas;Dapat mengirimkan informasi dengan cepat;Sarana komunikasi yang murah;Biaya aksesnya mahal;#;D
9;Aplikasi internet yang digunakan untuk mengirim-kan surat dalam bentuk elektronik disebut :;Email;Ghoper;WWW;Telnet;#;A
9;Aplikasi internet yang memungkinkan pengambilan file dengan cepat adalah ...;WWW;Milis;Newsgroup;FTP;#;D
9;"Aplikasi di bawah ini dapat kita manfaatkan untuk berdiskusi, kecuali ...";milis;Newsgroup;Chatting;FTP;#;D
9;Sinyal Wifi masih dapat ditangkap dengan radius...dari titik akses;100 m;150 m;1 km;5 km;#;A
9;"Perangkat berikut terdapat pada sebuah hotspot Wifi, kecuali ...";WiFi Card;Access Point;Access Controller;Internet Link;#;A
9;"Berikut ini benar tentang GPRS, kecuali ...";Akses data sampai pada kecepatan 115 kbps;Akses internet tanpa kabel;Tarif dibayar per bulan tanpa didasarkan besarnya penggunaan;Kita harus memiliki handphone untuk dapat mengakses internet;#;C
9;Jaringan yang dapat mencakup sebuah negara disebut ...;LAN;MAN;WAN;Internet;#;C
9;"Berikut ini merupakan manfaat dari jaringan komputer, kecuali ...";dapat berbagi sumber daya;dapat menggunakan data bersama-sama;mempunyai keandalan yang lebih tinggi;Kita dapat mengakses data orang lain tanpa diketahui;#;D
9;Berikut ini yang merupakan kelebihan modem internal adalah...;mudah dipasang;harganya lebih murah;kecepatan aksesnya lebih tinggi;banyak merek pilihan;#;B
9;Berikut ini yang merupakan kelebihan modem eksternal adalah ...;mudah dipasang;harganya murah;kecepatan aksesnya lebih tinggi;mereknya terkenal;#;A
9;Port yang digunakan untuk menghubungkan komputer dengan modem eksternal adalah ...;COM1;COM3;USB;Dipasang di mainboard komputer;#;C
9;Perangkat lunak berikut digunakan sebagai browser adalah ...;Windows XP;mIRC;Microsoft Outlook;Internet Explorer;#;D
9;"Ciri-ciri ISP yang akan kita pilih di bawah ini, kecuali ...";memiliki backbone sendiri;akses yang cepat;memiliki proxy;biaya langganan yang mahal;#;D
9;Fitur dari sebuah ISP yang berhubungan dengan keamanan data adalah ...;backbone sendiri;memiliki bandwidth yang besar;memiliki firewall;memiliki server proxy;#;C
9;"Berikut ini yang mempengaruhi kecepatan akses sebuah ISP, kecuali ...";bandwidth yang lebar;memiliki teknologi kompresi data;memiliki server proxy;memberikan layanan account email yang besar;#;D
9;"Berikut ini yang kita masukkan pada saat mensetting koneksi ke ISP, kecuali ...";nomor IP Address komputer kita;user name;password;nomor akses ISP;#;A
9;Pilihan yang harus kita buat untuk menambahkan shortcut koneksi ke ISP di dekstop adalah :;Add a shortcut to this connection to my dekstop;Make this the default connection;Save this user name and password for the following users;Create a shortcut in dekstop;#;A
9;Nama wizard yang digunakan untuk membuat koneksi ke sebuah ISP adalah ...;Add new hardware wizard;Found new hardware wizard;New connection wizard;Up date connection wizard;#;C
9;Kode yang digunakan untuk membuat sebuah halaman web disebut ...;HTML;HTTP;WWW;URL;#;A
9;Tombol di toolbar browser yang digunakan untuk menampilkan website yang berhubungan dengan multimedia adalah ...;media;history;favorites;home;#;A
9;Bagian jendela browser yang berfungsi untuk menampilkan proses loading sebuah halaman web adalah ...;title bar;toolbar;address bar;status bar;#;D
9;Format gambar yang banyak digunakan di internet adalah :;JPEG dan GIF;JPEG dan BMP;GIF dan BMP;BMP dan PDF;#;A
9;Teks yang berfungsi untuk mengakses file atau halaman web yang lain disebut ...;Hyperlink;Protocol;ISP;URL;#;A
9;Program yang dibagikan secara gratis di internet dan dapat di download oleh siapa saja disebut...;Shareware;Freeware;Program bajakan;Program versi beta (versi percobaan);#;B
9;Tombol di keyboard yang digunakan untuk membuka lebih dari dua jendela browser adalah;Ctrl + A;Ctrl + C;Ctrl + N;Ctrl + P;#;C
9;Tombol yang digunakan untuk mengulangi proses loading sebuah halaman web adalah ..;Forward;Back;Search;Refresh;#;D
9;Tombol yang digunakan untuk menghentikan proses loading sebuah halaman web adalah ..;Forward;Back;Stop;Home;#;C
9;Tombol yang digunakan untuk melihat website yang kita kunjungi beberapa saat terakhir adalah ...;History;Favorite;Media;Back;#;A
9;"Berikut ini merupakan sifat-sifat email, kecuali ...";Sarana komunikasi yang murah;Dapat dikirim dengan cepat;Panjang surat yang dikirim dibatasi;Dapat menyertakan file-file;#;C
9;Berikut ini yang merupakan keuntungan dari POP mail adalah ...;dapat dibaca dalam kondisi offline;dapat dibaca dari mana saja;hanya dapat dibaca dalam kondisi online;sampainya lama;#;A
9;Kelemahan dari POP mail adalah :;hanya dapat dibaca dalam kondisi online;hanya dapat dibaca dari satu tempat;email diterima agak lama;tidak ada jawaban yang benar;#;B
9;"Berikut ini merupakan keuntungan dari web based mail, kecuali :";dapat dibaca darimana saja;email sampai dengan cepat;biasanya diberikan secara gratis;dapat dibaca dalam kondisi offline;#;D
9;Berikut ini yang merupakan kerugian dari email forwarding adalah :;dapat dibaca darimana saja;email diterima dengan cepat;kadang email lambat diterima;dapat dibaca dalam kondisi offline;#;C
9;"Berikut ini etika ber-email yang harus kita penuhi, kecuali :";rajin melakukan spam;tidak menggunakan huruf besar;membuat layout email yang baik;menggunakan kata-kata yang sopan;#;A
9;"Hal ini merupakan sifat-sifat dari kartu elektronik, kecuali :";dikirimkan ke alamat email;kita harus mempunyai alamat email untuk dapat mengirimkannya;dapat diiringi lagu atau musik;hanya dapat dikirimkan pada saat itu juga;#;D
9;"Berikut ini yang perlu kita pertimbangkan sebelum bergabung dengan milis tertentu, kecuali :";Tujuan milis;siapa saja yang menjadi anggota milis;jumlah email yang masuk ke milis;waktu yang kita miliki untuk membuka email;#;C
9;"Pada saat akan menyertakan file di email, kotak dialog yang digunakan untuk memilih file adalah:";File open;Open;Choose File;Save file;#;C
9;Type file yang dapat disertakan sebagai file attachment adalah :;file.doc dan .zip;file.pdf dan gambar;file.exe dan .doc;semua jenis file;#;D
9;"Elemen berikut yang biasanya terdapat di mesin pencari, kecuali :";Tombol Find / Cari;Kotak teks untuk memasukkan kata kunci pencarian;Teks link untuk pengaturan pencarian canggih (advanced search);Tombol save untuk menyimpan hasil pencarian;#;D
9;Kata AND digunakan dalam kata kunci pencarian diwakili dengan symbol karakter :;sama dengan (=);tanda kutip ganda (");tanda minus (-);tanda tambah (+);#;D
9;Pernyataan di bawah ini yang salah tentang google adalah :;dapat membedakan huruf besar dan kecil di kata kunci pencarian;mempunyi fungsi pengecualian untuk menghilangkan kata pengganggu;menggunakan tanda kutip (") untuk mengapit kata kunci yang berupa frase;menghasilkan pencarian dalam waktu cepat;#;A
9;Yang ditampilkan di halaman web hasil pencarian adalah :;besar file masing-masing dokumen hasil pencarian;jumlah dokumen yang ditemukan;waktu yang dibutuhkan untuk mendapatkan hasil pencarian;semua jawaban benar;#;D
9;Fitur pencarian yang terdapat di google adalah :;pencarian dengan pengaturan bahasa tertentu;pencarian dengan menggunakan pengaturan formal file tertentu;pencarian gambar;semua jawaban benar;#;D
9;Fungsi pencarian yang dapat kita gunakan untuk mencari dua kata dengan arti yang sama adalah :;fungsi pengecualian;fungsi AND;fungsi OR;fungsi pengaturan bahasa;#;C
9;"Tombol di bawah ini akan ditampilkan apabila kita meletakkan pointer di atas sebuah gambar di halaman web, kecuali :";save this image;print this image;send this image in an email;zoom this image;#;D
9;Kotak dialog yang ditampilkan pada saat kita menyimpan halaman web adalah :;Open;Save as;Save;Save web page;#;B
9;"Tombol ini terdapat di kotak dialog download file, kecuali ...";Open;Save;Cancel;Download;#;D
9;"Tombol ini terdapat di kotak dialog download complete, kecuali :";open file;open folder;open;close;#;C
9;Internet adalah...;Sistem komunikasi jaringan untuk bermain game;Media komunikasi interaktif;Sistem komunikasi global yang menghubungkan komputer-komputer dengan jaringan-jaringan di seluruh dunia;Jaringan komputer;#;C
9;Spesifikasi minimal processor yang digunakan dalam akses internet adalah...;Pentium II 250 MHz;Pentium III 300 MHz;Core 2 Duo;Pentium III 250 MHz;#;B
9;RAM merupakan kepanjangan dari...;Rental Access Monitor;Random Access Memory;Rental Accelerator Modem;Random Access Monitor;#;B
9;Perangkat keras minimal untuk akses internet adalah...;Komputer dan Modem;"Komputer, Modem dan VGA";Komputer dan Hub;"Komputer, Modem dan Saluran telepon";#;D
9;Perangkat output untuk menampilkan proses kerja dari komputer adalah...;Monitor;VGA Card;LCD;Modem;#;A
9;Satuan kecepatan sebuah modem adalah...;Byte;Kilo Byte;Giga Byte;Kilo bits per second;#;D
9;Jenis konektor pada Hub/Switch adalah...;RJ-45;RJ-75;RJ-55;RJ-65;#;A
9;Salah satu keuntungan dari modem internal adalah...;Memakan banyak tempat;Sangat mahal;Tidak membutuhkan adaptor;Tidak ada lampu indikator;#;C
9;Ide utama dari modem ADSL adalah...;Memecah sinyal line menjadi dua bagian untuk suara dan data;Memecah sinyal line menjadi dua bagian untuk gambar dan data;Memecah sinyal line menjadi dua bagian untuk suara dan gambar;Memecah sinyal line menjadi dua bagian untuk data dan informasi;#;A
9;ADSL adalah...;Asymmetric Digital Subscriber Lone;Asymmetric Digital Subscriber Line;Asymmetric Digital Subscriber List;Asymmetric Digital Source Lope;#;B
9;Kecepatan upstream modem ADSL mencapai...;4 Mbps;64 Mbps;640 Mbps;640 Kbps;#;D
9;Berikut ini yang bukan termasuk ISP adalah...;Yahoo;Telkom;Solonet;Indosatnet;#;A
9;Perangkat keras hubungan biasanya digunakan dalam topologi...;Jaringan bus;Jaringan star;Jaringan ring;Jaringan tree;#;B
9;Modem yang paling tinggi kecepatannya adalah...;Modem kabel;Modem internal;Modem eksternal;Modem ADSL;#;D
9;Kepanjangan dari modem adalah...;Modulator demodulator;Modulator demand;Modul demand;Modulator demo;#;A
9;Modem dial-up dihubungkan melalui...;Receiver;Infrared;Kabel optic;Saluran telepon;#;D
9;Teknologi pada modem kabel adalah...;PLN;GPRS (General Packet Radio System);TV kabel;WiFi (Wireless Fidelity);#;C
9;Modem internal dipasang pada...;Mainboard;VGA;RAM;ROM;#;A
